file,line,occurrence,reason_retained
app/[lang]/industries/automotive/page.tsx,48,": [""Launch photography"", ""Stage and speaker capture"", ""Guest and vehicle interaction""]","Existing specialised service, sector, evidence or media content outside this focused scope; describes production mechanisms where relevant, not current Route 04. Preserved per precise-edit instruction."
app/[lang]/industries/automotive/page.tsx,75,": [""Exhibition photography"", ""Interview and presenter content"", ""Social and press assets""]","Existing specialised service, sector, evidence or media content outside this focused scope; describes production mechanisms where relevant, not current Route 04. Preserved per precise-edit instruction."
app/[lang]/industries/automotive/page.tsx,201,"""Photography and video"",","Existing specialised service, sector, evidence or media content outside this focused scope; describes production mechanisms where relevant, not current Route 04. Preserved per precise-edit instruction."
audit/case-study-media-presentation/source-media-inventory.md,91,## london-automotive-brand-film,"Historical documentation/audit evidence; retained as a record, not current Route 04 or a relationship claim."
audit/case-study-media-presentation/source-media-inventory.md,95,| 01_automotive_cases/05_byd_overseas_brand_film_london/01_05_byd_overseas_brand_film_london_065.jpg |     952×536 | 1.776 | landscape   | London street frame with a red bus from an automotive brand film.  |,"Historical documentation/audit evidence; retained as a record, not current Route 04 or a relationship claim."
audit/case-study-media-presentation/source-media-inventory.md,96,| 01_automotive_cases/05_byd_overseas_brand_film_london/11_05_byd_overseas_brand_film_london_075.jpg |     952×513 | 1.856 | panoramic   | Aerial view of an automotive gathering in the English countryside. |,"Historical documentation/audit evidence; retained as a record, not current Route 04 or a relationship claim."
audit/case-study-media-presentation/source-media-inventory.md,97,| 01_automotive_cases/05_byd_overseas_brand_film_london/03_05_byd_overseas_brand_film_london_067.jpg |     952×536 | 1.776 | landscape   | Interview subject standing beside an electric vehicle.             |,"Historical documentation/audit evidence; retained as a record, not current Route 04 or a relationship claim."
audit/case-study-media-presentation/source-media-inventory.md,98,| 01_automotive_cases/05_byd_overseas_brand_film_london/06_05_byd_overseas_brand_film_london_070.jpg |     952×536 | 1.776 | landscape   | Aerial city view used within the London automotive story.          |,"Historical documentation/audit evidence; retained as a record, not current Route 04 or a relationship claim."
audit/case-study-media-presentation/source-media-inventory.md,99,| 01_automotive_cases/05_byd_overseas_brand_film_london/08_05_byd_overseas_brand_film_london_072.jpg |     952×536 | 1.776 | landscape   | Aerial view of vehicles and a painted venue building.              |,"Historical documentation/audit evidence; retained as a record, not current Route 04 or a relationship claim."
audit/case-study-media-presentation/source-media-inventory.md,100,| 01_automotive_cases/05_byd_overseas_brand_film_london/14_05_byd_overseas_brand_film_london_078.jpg |     952×536 | 1.776 | landscape   | Electric vehicle driving through a London street.                  |,"Historical documentation/audit evidence; retained as a record, not current Route 04 or a relationship claim."
audit/case-study-media-presentation/source-media-inventory.md,101,| 01_automotive_cases/05_byd_overseas_brand_film_london/16_05_byd_overseas_brand_film_london_080.jpg |     952×536 | 1.776 | landscape   | Vehicle travelling along a rural road in an aerial film frame.     |,"Historical documentation/audit evidence; retained as a record, not current Route 04 or a relationship claim."
audit/final-prelaunch/lighthouse-home-desktop.json,99,"""type"": ""filmstrip"",","Historical documentation/audit evidence; retained as a record, not current Route 04 or a relationship claim."
audit/final-prelaunch/lighthouse-home-mobile.json,99,"""type"": ""filmstrip"",","Historical documentation/audit evidence; retained as a record, not current Route 04 or a relationship claim."
audit/final-prelaunch/rendered-route-audit.json,367,"""pagePath"": ""/work/london-automotive-brand-film"",","Historical documentation/audit evidence; retained as a record, not current Route 04 or a relationship claim."
audit/final-prelaunch/rendered-route-audit.json,375,"""pagePath"": ""/work/london-automotive-brand-film"",","Historical documentation/audit evidence; retained as a record, not current Route 04 or a relationship claim."
audit/final-prelaunch/rendered-route-audit.json,717,"""pagePath"": ""/work/london-automotive-brand-film"",","Historical documentation/audit evidence; retained as a record, not current Route 04 or a relationship claim."
audit/final-prelaunch/rendered-route-audit.json,725,"""pagePath"": ""/work/london-automotive-brand-film"",","Historical documentation/audit evidence; retained as a record, not current Route 04 or a relationship claim."
audit/final-prelaunch/rendered-route-audit.json,1491,"""London Automotive Brand Film"",","Historical documentation/audit evidence; retained as a record, not current Route 04 or a relationship claim."
audit/final-prelaunch/rendered-route-audit.json,1564,"""London Automotive Brand Film"",","Historical documentation/audit evidence; retained as a record, not current Route 04 or a relationship claim."
audit/final-prelaunch/rendered-route-audit.json,1633,"""London Automotive Brand Film"",","Historical documentation/audit evidence; retained as a record, not current Route 04 or a relationship claim."
audit/final-prelaunch/rendered-route-audit.json,2334,"""description"": ""A reusable visual record of a London live performance — Venus Bridge handled live-event photography and editorial image selection within the London performance setting. — London, UK"",","Historical documentation/audit evidence; retained as a record, not current Route 04 or a relationship claim."
audit/final-prelaunch/rendered-route-audit.json,2378,"""description"": ""A reusable visual record of a London live performance — Venus Bridge handled live-event photography and editorial image selection within the London performance setting. — London, UK"",","Historical documentation/audit evidence; retained as a record, not current Route 04 or a relationship claim."
audit/final-prelaunch/rendered-route-audit.json,2425,"""description"": ""A reusable visual record of a London live performance — Venus Bridge handled live-event photography and editorial image selection within the London performance setting. — London, UK"",","Historical documentation/audit evidence; retained as a record, not current Route 04 or a relationship claim."
audit/final-prelaunch/rendered-route-audit.json,3517,"""pagePath"": ""/work/london-automotive-brand-film"",","Historical documentation/audit evidence; retained as a record, not current Route 04 or a relationship claim."
audit/final-prelaunch/rendered-route-audit.json,3524,"""finalUrl"": ""http://127.0.0.1:3340/en/work/london-automotive-brand-film"",","Historical documentation/audit evidence; retained as a record, not current Route 04 or a relationship claim."
audit/final-prelaunch/rendered-route-audit.json,3533,"""title"": ""London Automotive Brand Film | Brand & Content | Venus Bridge Media"",","Historical documentation/audit evidence; retained as a record, not current Route 04 or a relationship claim."
audit/final-prelaunch/rendered-route-audit.json,3536,"""canonical"": ""https://venusbridgemedia.example/en/work/london-automotive-brand-film"",","Historical documentation/audit evidence; retained as a record, not current Route 04 or a relationship claim."
audit/final-prelaunch/rendered-route-audit.json,3538,"""ogImage"": ""https://venusbridgemedia.example/media/portfolio/automotive/london-automotive-brand-film/01-hero.webp"",","Historical documentation/audit evidence; retained as a record, not current Route 04 or a relationship claim."
audit/final-prelaunch/rendered-route-audit.json,3540,"""h1"": [""London Automotive Brand Film""],","Historical documentation/audit evidence; retained as a record, not current Route 04 or a relationship claim."
audit/final-prelaunch/rendered-route-audit.json,3561,"""pagePath"": ""/work/london-automotive-brand-film"",","Historical documentation/audit evidence; retained as a record, not current Route 04 or a relationship claim."
audit/final-prelaunch/rendered-route-audit.json,3568,"""finalUrl"": ""http://127.0.0.1:3340/en/work/london-automotive-brand-film"",","Historical documentation/audit evidence; retained as a record, not current Route 04 or a relationship claim."
audit/final-prelaunch/rendered-route-audit.json,3577,"""title"": ""London Automotive Brand Film | Brand & Content | Venus Bridge Media"",","Historical documentation/audit evidence; retained as a record, not current Route 04 or a relationship claim."
audit/final-prelaunch/rendered-route-audit.json,3580,"""canonical"": ""https://venusbridgemedia.example/en/work/london-automotive-brand-film"",","Historical documentation/audit evidence; retained as a record, not current Route 04 or a relationship claim."
audit/final-prelaunch/rendered-route-audit.json,3582,"""ogImage"": ""https://venusbridgemedia.example/media/portfolio/automotive/london-automotive-brand-film/01-hero.webp"",","Historical documentation/audit evidence; retained as a record, not current Route 04 or a relationship claim."
audit/final-prelaunch/rendered-route-audit.json,3584,"""h1"": [""London Automotive Brand Film""],","Historical documentation/audit evidence; retained as a record, not current Route 04 or a relationship claim."
audit/final-prelaunch/rendered-route-audit.json,3605,"""pagePath"": ""/work/london-automotive-brand-film"",","Historical documentation/audit evidence; retained as a record, not current Route 04 or a relationship claim."
audit/final-prelaunch/rendered-route-audit.json,3612,"""finalUrl"": ""http://127.0.0.1:3340/en/work/london-automotive-brand-film"",","Historical documentation/audit evidence; retained as a record, not current Route 04 or a relationship claim."
audit/final-prelaunch/rendered-route-audit.json,3624,"""title"": ""London Automotive Brand Film | Brand & Content | Venus Bridge Media"",","Historical documentation/audit evidence; retained as a record, not current Route 04 or a relationship claim."
audit/final-prelaunch/rendered-route-audit.json,3627,"""canonical"": ""https://venusbridgemedia.example/en/work/london-automotive-brand-film"",","Historical documentation/audit evidence; retained as a record, not current Route 04 or a relationship claim."
audit/final-prelaunch/rendered-route-audit.json,3629,"""ogImage"": ""https://venusbridgemedia.example/media/portfolio/automotive/london-automotive-brand-film/01-hero.webp"",","Historical documentation/audit evidence; retained as a record, not current Route 04 or a relationship claim."
audit/final-prelaunch/rendered-route-audit.json,3631,"""h1"": [""London Automotive Brand Film""],","Historical documentation/audit evidence; retained as a record, not current Route 04 or a relationship claim."
audit/final-prelaunch/rendered-route-audit.json,3669,"""description"": ""A selected view of beauty, product, fashion and retail-content capability — This capability selection brings together photography and visual-content curation across beauty, product, fashion and retail formats. — UK"",","Historical documentation/audit evidence; retained as a record, not current Route 04 or a relationship claim."
audit/final-prelaunch/rendered-route-audit.json,3713,"""description"": ""A selected view of beauty, product, fashion and retail-content capability — This capability selection brings together photography and visual-content curation across beauty, product, fashion and retail formats. — UK"",","Historical documentation/audit evidence; retained as a record, not current Route 04 or a relationship claim."
audit/final-prelaunch/rendered-route-audit.json,3760,"""description"": ""A selected view of beauty, product, fashion and retail-content capability — This capability selection brings together photography and visual-content curation across beauty, product, fashion and retail formats. — UK"",","Historical documentation/audit evidence; retained as a record, not current Route 04 or a relationship claim."
audit/final-prelaunch/rendered-route-audit.json,3804,"""description"": ""A selected programme of European automotive brand assets — This capability selection brings together automotive photography and on-location image making across European road and city settings. — Europe"",","Historical documentation/audit evidence; retained as a record, not current Route 04 or a relationship claim."
audit/final-prelaunch/rendered-route-audit.json,3848,"""description"": ""A selected programme of European automotive brand assets — This capability selection brings together automotive photography and on-location image making across European road and city settings. — Europe"",","Historical documentation/audit evidence; retained as a record, not current Route 04 or a relationship claim."
audit/final-prelaunch/rendered-route-audit.json,3892,"""description"": ""A selected programme of European automotive brand assets — This capability selection brings together automotive photography and on-location image making across European road and city settings. — Europe"",","Historical documentation/audit evidence; retained as a record, not current Route 04 or a relationship claim."
audit/final-prelaunch/rendered-route-audit.json,6381,"""pagePath"": ""/work/london-automotive-brand-film"",","Historical documentation/audit evidence; retained as a record, not current Route 04 or a relationship claim."
audit/final-prelaunch/rendered-route-audit.json,6388,"""finalUrl"": ""http://127.0.0.1:3340/zh/work/london-automotive-brand-film"",","Historical documentation/audit evidence; retained as a record, not current Route 04 or a relationship claim."
audit/final-prelaunch/rendered-route-audit.json,6400,"""canonical"": ""https://venusbridgemedia.example/zh/work/london-automotive-brand-film"",","Historical documentation/audit evidence; retained as a record, not current Route 04 or a relationship claim."
audit/final-prelaunch/rendered-route-audit.json,6402,"""ogImage"": ""https://venusbridgemedia.example/media/portfolio/automotive/london-automotive-brand-film/01-hero.webp"",","Historical documentation/audit evidence; retained as a record, not current Route 04 or a relationship claim."
audit/final-prelaunch/rendered-route-audit.json,6425,"""pagePath"": ""/work/london-automotive-brand-film"",","Historical documentation/audit evidence; retained as a record, not current Route 04 or a relationship claim."
audit/final-prelaunch/rendered-route-audit.json,6432,"""finalUrl"": ""http://127.0.0.1:3340/zh/work/london-automotive-brand-film"",","Historical documentation/audit evidence; retained as a record, not current Route 04 or a relationship claim."
audit/final-prelaunch/rendered-route-audit.json,6444,"""canonical"": ""https://venusbridgemedia.example/zh/work/london-automotive-brand-film"",","Historical documentation/audit evidence; retained as a record, not current Route 04 or a relationship claim."
audit/final-prelaunch/rendered-route-audit.json,6446,"""ogImage"": ""https://venusbridgemedia.example/media/portfolio/automotive/london-automotive-brand-film/01-hero.webp"",","Historical documentation/audit evidence; retained as a record, not current Route 04 or a relationship claim."
audit/final-prelaunch/rendered-route-audit.json,6469,"""pagePath"": ""/work/london-automotive-brand-film"",","Historical documentation/audit evidence; retained as a record, not current Route 04 or a relationship claim."
audit/final-prelaunch/rendered-route-audit.json,6476,"""finalUrl"": ""http://127.0.0.1:3340/zh/work/london-automotive-brand-film"",","Historical documentation/audit evidence; retained as a record, not current Route 04 or a relationship claim."
audit/final-prelaunch/rendered-route-audit.json,6491,"""canonical"": ""https://venusbridgemedia.example/zh/work/london-automotive-brand-film"",","Historical documentation/audit evidence; retained as a record, not current Route 04 or a relationship claim."
audit/final-prelaunch/rendered-route-audit.json,6493,"""ogImage"": ""https://venusbridgemedia.example/media/portfolio/automotive/london-automotive-brand-film/01-hero.webp"",","Historical documentation/audit evidence; retained as a record, not current Route 04 or a relationship claim."
audit/final-prelaunch/run-rendered-audit.mjs,31,"""london-automotive-brand-film"",","Historical documentation/audit evidence; retained as a record, not current Route 04 or a relationship claim."
audit/market-repositioning/residual-source-wording.txt,3,"app/[lang]/industries/automotive/page.tsx:48:        : [""Launch photography"", ""Stage and speaker capture"", ""Guest and vehicle interaction""]","Historical documentation/audit evidence; retained as a record, not current Route 04 or a relationship claim."
audit/market-repositioning/residual-source-wording.txt,8,"app/[lang]/industries/automotive/page.tsx:75:        : [""Exhibition photography"", ""Interview and presenter content"", ""Social and press assets""]","Historical documentation/audit evidence; retained as a record, not current Route 04 or a relationship claim."
audit/market-repositioning/residual-source-wording.txt,10,"app/[lang]/industries/automotive/page.tsx:201:                  ""Photography and video"",","Historical documentation/audit evidence; retained as a record, not current Route 04 or a relationship claim."
audit/market-repositioning/residual-source-wording.txt,16,"audit/final-prelaunch/rendered-route-audit.json:2334:      ""description"": ""A reusable visual record of a London live performance — Venus Bridge handled live-event photography and editorial image selection within the London performance setting. — London, UK"",","Historical documentation/audit evidence; retained as a record, not current Route 04 or a relationship claim."
audit/market-repositioning/residual-source-wording.txt,17,"audit/final-prelaunch/rendered-route-audit.json:2378:      ""description"": ""A reusable visual record of a London live performance — Venus Bridge handled live-event photography and editorial image selection within the London performance setting. — London, UK"",","Historical documentation/audit evidence; retained as a record, not current Route 04 or a relationship claim."
audit/market-repositioning/residual-source-wording.txt,18,"audit/final-prelaunch/rendered-route-audit.json:2425:      ""description"": ""A reusable visual record of a London live performance — Venus Bridge handled live-event photography and editorial image selection within the London performance setting. — London, UK"",","Historical documentation/audit evidence; retained as a record, not current Route 04 or a relationship claim."
audit/market-repositioning/residual-source-wording.txt,19,"audit/final-prelaunch/rendered-route-audit.json:3669:      ""description"": ""A selected view of beauty, product, fashion and retail-content capability — This capability selection brings together photography and visual-content curation across beauty, product, fashion and retail formats. — UK"",","Historical documentation/audit evidence; retained as a record, not current Route 04 or a relationship claim."
audit/market-repositioning/residual-source-wording.txt,21,"audit/final-prelaunch/rendered-route-audit.json:3713:      ""description"": ""A selected view of beauty, product, fashion and retail-content capability — This capability selection brings together photography and visual-content curation across beauty, product, fashion and retail formats. — UK"",","Historical documentation/audit evidence; retained as a record, not current Route 04 or a relationship claim."
audit/market-repositioning/residual-source-wording.txt,23,"audit/final-prelaunch/rendered-route-audit.json:3760:      ""description"": ""A selected view of beauty, product, fashion and retail-content capability — This capability selection brings together photography and visual-content curation across beauty, product, fashion and retail formats. — UK"",","Historical documentation/audit evidence; retained as a record, not current Route 04 or a relationship claim."
audit/market-repositioning/residual-source-wording.txt,25,"audit/final-prelaunch/rendered-route-audit.json:3804:      ""description"": ""A selected programme of European automotive brand assets — This capability selection brings together automotive photography and on-location image making across European road and city settings. — Europe"",","Historical documentation/audit evidence; retained as a record, not current Route 04 or a relationship claim."
audit/market-repositioning/residual-source-wording.txt,27,"audit/final-prelaunch/rendered-route-audit.json:3848:      ""description"": ""A selected programme of European automotive brand assets — This capability selection brings together automotive photography and on-location image making across European road and city settings. — Europe"",","Historical documentation/audit evidence; retained as a record, not current Route 04 or a relationship claim."
audit/market-repositioning/residual-source-wording.txt,29,"audit/final-prelaunch/rendered-route-audit.json:3892:      ""description"": ""A selected programme of European automotive brand assets — This capability selection brings together automotive photography and on-location image making across European road and city settings. — Europe"",","Historical documentation/audit evidence; retained as a record, not current Route 04 or a relationship claim."
audit/market-repositioning/residual-source-wording.txt,222,"audit/route-report.json:37:      ""description"": ""From models, campaign photography and brand films to research collaboration, technology showcases and exhibition delivery, we coordinate the people, production and on-the-ground execution in the UK."",","Historical documentation/audit evidence; retained as a record, not current Route 04 or a relationship claim."
audit/market-repositioning/residual-source-wording.txt,226,"audit/route-report.json:313:      ""description"": ""We coordinate the format, contributors, venue production and communication assets—not simply event photography."",","Historical documentation/audit evidence; retained as a record, not current Route 04 or a relationship claim."
audit/market-repositioning/residual-source-wording.txt,228,"audit/route-report.json:373:      ""description"": ""We support agencies with local production, talent, styling, photography, video, event coverage and bilingual coordination across the UK."",","Historical documentation/audit evidence; retained as a record, not current Route 04 or a relationship claim."
audit/market-repositioning/residual-source-wording.txt,240,"components/sections/CapabilityExpertisePages.tsx:50:            : ""Concert photography, stage content, live-performance capture, approved backstage content, tour and London content, social-first selects and event documentation. Visuals demonstrate capability, not official status or artist management.""","Historical documentation/audit evidence; retained as a record, not current Route 04 or a relationship claim."
audit/market-repositioning/residual-source-wording.txt,242,"components/sections/CapabilityExpertisePages.tsx:56:                ""Concert photography"",","Historical documentation/audit evidence; retained as a record, not current Route 04 or a relationship claim."
audit/market-repositioning/residual-source-wording.txt,249,"components/sections/CapabilityExpertisePages.tsx:136:            : ""Concerts, cultural events, fan and creator events, media areas, live interviews, photography, video and local coordination, using entertainment-relevant visual evidence.""","Historical documentation/audit evidence; retained as a record, not current Route 04 or a relationship claim."
audit/market-repositioning/residual-source-wording.txt,258,"components/sections/ContactForm.tsx:69:    [""filmingEvent"", ""Filming or event requirement"", ""拍摄或活动需求"", ""text""]","Historical documentation/audit evidence; retained as a record, not current Route 04 or a relationship claim."
audit/market-repositioning/residual-source-wording.txt,259,"components/sections/ContactForm.tsx:76:    [""mediaContent"", ""Photography or video requirement"", ""摄影或视频需求"", ""text""],","Historical documentation/audit evidence; retained as a record, not current Route 04 or a relationship claim."
audit/market-repositioning/residual-source-wording.txt,261,"components/sections/ContactForm.tsx:509:            <option value=""photography"">{zh ? ""摄影"" : ""Photography""}</option>","Historical documentation/audit evidence; retained as a record, not current Route 04 or a relationship claim."
audit/market-repositioning/residual-source-wording.txt,262,"components/sections/ContactForm.tsx:511:            <option value=""mixed"">{zh ? ""图片与视频"" : ""Photography and video""}</option>","Historical documentation/audit evidence; retained as a record, not current Route 04 or a relationship claim."
audit/market-repositioning/residual-source-wording.txt,267,"components/sections/Phase3Capabilities.tsx:367:                  : ""Turn industry activity, expert conversations and creator collaborations into film, photography, interviews and social content that keep working for the brand.""}","Historical documentation/audit evidence; retained as a record, not current Route 04 or a relationship claim."
audit/market-repositioning/residual-source-wording.txt,269,"components/sections/Phase5AudiencePages.tsx:105:          ""Expert, university or creator engagement where relevant, plus photography, film, interviews and project records."",","Historical documentation/audit evidence; retained as a record, not current Route 04 or a relationship claim."
audit/market-repositioning/residual-source-wording.txt,274,"components/sections/experiences/EventsExhibitionsExperience.tsx:236:                  ""Photography, video and asset handoff""","Historical documentation/audit evidence; retained as a record, not current Route 04 or a relationship claim."
audit/market-repositioning/residual-source-wording.txt,293,"content/cases/index.ts:105:        ""Venue access windows and guest photography consent must be agreed before the capture plan is locked."",","Historical documentation/audit evidence; retained as a record, not current Route 04 or a relationship claim."
audit/market-repositioning/residual-source-wording.txt,298,"content/cases/index.ts:202:      ""Build an approval route for product terminology, interface capture and expert interview answers before filming."",","Historical documentation/audit evidence; retained as a record, not current Route 04 or a relationship claim."
audit/market-repositioning/residual-source-wording.txt,307,"content/cases/index.ts:378:        ""Vehicle movement, filming zones, insurance and weather fallback must be agreed with the venue and vehicle owner."",","Historical documentation/audit evidence; retained as a record, not current Route 04 or a relationship claim."
audit/market-repositioning/residual-source-wording.txt,312,"content/commercial-architecture.ts:189:  { en: ""Film & Photography"", zh: ""影片与摄影"" },","Historical documentation/audit evidence; retained as a record, not current Route 04 or a relationship claim."
audit/market-repositioning/residual-source-wording.txt,315,"content/evidence/case-evidence.ts:50:  ""Commercial Photography"",","Historical documentation/audit evidence; retained as a record, not current Route 04 or a relationship claim."
audit/market-repositioning/residual-source-wording.txt,316,content/evidence/case-evidence.ts:131:  photography: string | null;,"Historical documentation/audit evidence; retained as a record, not current Route 04 or a relationship claim."
audit/market-repositioning/residual-source-wording.txt,317,"content/information-architecture.ts:102:          ""Photography, film and social-first content shaped around the brief, audience and intended channels."",","Historical documentation/audit evidence; retained as a record, not current Route 04 or a relationship claim."
audit/market-repositioning/residual-source-wording.txt,321,"content/information-architecture.ts:170:          [""Photography or film"", ""Interview master"", ""Channel cutdowns""],","Historical documentation/audit evidence; retained as a record, not current Route 04 or a relationship claim."
audit/market-repositioning/residual-source-wording.txt,324,"content/information-architecture.ts:230:          ""Schedules, suppliers, guest flow, photography, video and bilingual communication managed on site."",","Historical documentation/audit evidence; retained as a record, not current Route 04 or a relationship claim."
audit/market-repositioning/residual-source-wording.txt,326,"content/information-architecture.ts:234:          [""Speakers and interviews"", ""Photography and video"", ""Local coordination""],","Historical documentation/audit evidence; retained as a record, not current Route 04 or a relationship claim."
audit/market-repositioning/residual-source-wording.txt,333,"content/information-architecture.ts:415:      [""Campaign and editorial photography"", ""Beauty and social-first content"", ""UK launch assets""],","Historical documentation/audit evidence; retained as a record, not current Route 04 or a relationship claim."
audit/market-repositioning/residual-source-wording.txt,335,"content/market-entry.ts:313:        l(""Packaging, label, photography and evidence collection"", ""包装、标签、图片与证明资料收集""),","Historical documentation/audit evidence; retained as a record, not current Route 04 or a relationship claim."
audit/market-repositioning/residual-source-wording.txt,336,"content/market-entry.ts:336:        l(""UK-facing websites, campaigns, photography and film"", ""面向英国的网站、传播活动、摄影与影片""),","Historical documentation/audit evidence; retained as a record, not current Route 04 or a relationship claim."
audit/market-repositioning/residual-source-wording.txt,337,"content/media.ts:54:  | ""service-commercial-photography""","Historical documentation/audit evidence; retained as a record, not current Route 04 or a relationship claim."
audit/market-repositioning/residual-source-wording.txt,341,"content/media.ts:496:  ""service-commercial-photography"": {","Historical documentation/audit evidence; retained as a record, not current Route 04 or a relationship claim."
audit/market-repositioning/residual-source-wording.txt,342,"content/media.ts:499:      en: ""Placeholder for commercial model or product photography."",","Historical documentation/audit evidence; retained as a record, not current Route 04 or a relationship claim."
audit/market-repositioning/residual-source-wording.txt,354,"content/media.ts:919:  ""service-commercial-photography"": approvedPortfolio(","Historical documentation/audit evidence; retained as a record, not current Route 04 or a relationship claim."
audit/market-repositioning/residual-source-wording.txt,355,"content/media.ts:1111:  ""service-commercial-photography"": ""/media/demo/fashion-crop.webp"",","Historical documentation/audit evidence; retained as a record, not current Route 04 or a relationship claim."
audit/market-repositioning/residual-source-wording.txt,356,"content/media.ts:1170:  ""service-commercial-photography"",","Historical documentation/audit evidence; retained as a record, not current Route 04 or a relationship claim."
audit/market-repositioning/residual-source-wording.txt,366,"content/pages/about.ts:12:      ""Without approved team photography, this page stays focused on responsibilities, operating model and accountability rather than presenting unrelated people as staff.""","Historical documentation/audit evidence; retained as a record, not current Route 04 or a relationship claim."
audit/market-repositioning/residual-source-wording.txt,368,"content/pages/about.ts:22:      deliverables: ""Photography, film, interviews and multi-format assets where agreed."",","Historical documentation/audit evidence; retained as a record, not current Route 04 or a relationship claim."
audit/market-repositioning/residual-source-wording.txt,374,"content/pages/fashion-beauty-apparel.ts:32:    ""Campaign photography and selected stills"",","Historical documentation/audit evidence; retained as a record, not current Route 04 or a relationship claim."
audit/market-repositioning/residual-source-wording.txt,379,"content/pages/industries.ts:63:      l(""Campaign photography and image selects"", ""广告摄影与精选图片""),","Historical documentation/audit evidence; retained as a record, not current Route 04 or a relationship claim."
audit/market-repositioning/residual-source-wording.txt,381,"content/pages/industries.ts:151:      l(""Campus and workshop filming"", ""校园与工作坊拍摄"")","Historical documentation/audit evidence; retained as a record, not current Route 04 or a relationship claim."
audit/market-repositioning/residual-source-wording.txt,383,"content/pages/service-details.ts:35:      ""Commercial photography"",","Historical documentation/audit evidence; retained as a record, not current Route 04 or a relationship claim."
audit/market-repositioning/residual-source-wording.txt,387,"content/pages/service-details.ts:109:      ""Filming that depends on separately approved access""","Historical documentation/audit evidence; retained as a record, not current Route 04 or a relationship claim."
audit/market-repositioning/residual-source-wording.txt,389,"content/pages/service-details.ts:163:      ""We coordinate the format, contributors, venue production and communication assets—not simply event photography."",","Historical documentation/audit evidence; retained as a record, not current Route 04 or a relationship claim."
audit/market-repositioning/residual-source-wording.txt,390,"content/pages/service-details.ts:186:      ""Interview, photography and video assets"",","Historical documentation/audit evidence; retained as a record, not current Route 04 or a relationship claim."
audit/market-repositioning/residual-source-wording.txt,393,"content/pages/services.ts:21:        ""Creative planning, photography, brand films, product and social content"",","Historical documentation/audit evidence; retained as a record, not current Route 04 or a relationship claim."
audit/market-repositioning/residual-source-wording.txt,396,"content/phase3.ts:79:        text: ""Turn the real activity into approved film, photography and stakeholder content.""","Historical documentation/audit evidence; retained as a record, not current Route 04 or a relationship claim."
audit/market-repositioning/residual-source-wording.txt,399,"content/phase3.ts:142:      short: ""Photography and film that turn UK activity into reusable commercial assets."",","Historical documentation/audit evidence; retained as a record, not current Route 04 or a relationship claim."
audit/market-repositioning/residual-source-wording.txt,401,"content/phase3.ts:146:      outputs: ""Photography, film, interviews, event and stakeholder content."",","Historical documentation/audit evidence; retained as a record, not current Route 04 or a relationship claim."
audit/market-repositioning/residual-source-wording.txt,402,"content/phase3.ts:148:        ""Commercial photography"",","Historical documentation/audit evidence; retained as a record, not current Route 04 or a relationship claim."
audit/market-repositioning/residual-source-wording.txt,403,"content/phase3.ts:205:        outputs: ""Discussion records, interviews, photography or film."",","Historical documentation/audit evidence; retained as a record, not current Route 04 or a relationship claim."
audit/market-repositioning/residual-source-wording.txt,408,"content/phase3.ts:227:        outputs: ""Activation photography, short-form film and campaign assets."",","Historical documentation/audit evidence; retained as a record, not current Route 04 or a relationship claim."
audit/market-repositioning/residual-source-wording.txt,411,"content/phase3.ts:237:        activity: ""May include commercial photography, interviews, brand film or event documentation."",","Historical documentation/audit evidence; retained as a record, not current Route 04 or a relationship claim."
audit/market-repositioning/residual-source-wording.txt,425,"content/phase3.ts:412:  ""london-automotive-brand-film"": { en: [""Creative Production & Brand Assets""], zh: [""创意制作与品牌资产""] },","Historical documentation/audit evidence; retained as a record, not current Route 04 or a relationship claim."
audit/market-repositioning/residual-source-wording.txt,429,"content/phase4.ts:12:    body: ""Each project states the location and our recorded role. Photography and production evidence is never used to imply ownership of a wider launch or commercial result.""","Historical documentation/audit evidence; retained as a record, not current Route 04 or a relationship claim."
audit/market-repositioning/residual-source-wording.txt,430,"content/phase4.ts:36:        text: ""Turn real activity into film, photography, interviews and press-ready materials."",","Historical documentation/audit evidence; retained as a record, not current Route 04 or a relationship claim."
audit/market-repositioning/residual-source-wording.txt,432,"content/phase4.ts:78:        deliver: ""Film, photography and modular content."",","Historical documentation/audit evidence; retained as a record, not current Route 04 or a relationship claim."
audit/market-repositioning/residual-source-wording.txt,436,"content/roadshows.ts:63:      ""Photography, film, interviews and post-event content""","Historical documentation/audit evidence; retained as a record, not current Route 04 or a relationship claim."
audit/market-repositioning/residual-source-wording.txt,438,"content/roadshows.ts:75:      ""Event photography, short films and interviews"",","Historical documentation/audit evidence; retained as a record, not current Route 04 or a relationship claim."
audit/market-repositioning/residual-source-wording.txt,440,"content/roadshows.ts:116:      ""Photography, film, interviews and on-site delivery""","Historical documentation/audit evidence; retained as a record, not current Route 04 or a relationship claim."
audit/market-repositioning/residual-source-wording.txt,442,"content/roadshows.ts:211:      ""Demonstration, interview, photography and film production"",","Historical documentation/audit evidence; retained as a record, not current Route 04 or a relationship claim."
audit/market-repositioning/residual-source-wording.txt,444,"content/roadshows.ts:312:      l(""Photography and film"", ""摄影与视频""),","Historical documentation/audit evidence; retained as a record, not current Route 04 or a relationship claim."
audit/market-repositioning/residual-source-wording.txt,449,"content/service-proof.ts:157:        ""Public claims, stage content, speaker participation, filming permissions and final selects."",","Historical documentation/audit evidence; retained as a record, not current Route 04 or a relationship claim."
audit/market-repositioning/residual-source-wording.txt,453,"content/site.ts:50:      ""We help brands create campaign-ready content in the UK through photography, video, styling, models, creators, events and bilingual local production."",","Historical documentation/audit evidence; retained as a record, not current Route 04 or a relationship claim."
audit/market-repositioning/residual-source-wording.txt,456,"content/site.ts:102:        title: ""Commercial Photography"",","Historical documentation/audit evidence; retained as a record, not current Route 04 or a relationship claim."
audit/market-repositioning/residual-source-wording.txt,473,"content/site.ts:331:    title: { en: ""Commercial photography"", zh: ""商业摄影"" },","Historical documentation/audit evidence; retained as a record, not current Route 04 or a relationship claim."
audit/market-repositioning/residual-source-wording.txt,478,"content/site.ts:409:      en: ""Lifestyle films, local production support and event-ready visual assets."",","Historical documentation/audit evidence; retained as a record, not current Route 04 or a relationship claim."
audit/market-repositioning/residual-source-wording.txt,480,"content/site.ts:464:      en: ""Bilingual on-camera talent for product demos, launch films, interviews and event coverage."",","Historical documentation/audit evidence; retained as a record, not current Route 04 or a relationship claim."
audit/market-repositioning/residual-source-wording.txt,484,"content/site.ts:580:        ""A curated portfolio area for commercial photography, brand film, social video, event coverage and creator-led content.""","Historical documentation/audit evidence; retained as a record, not current Route 04 or a relationship claim."
audit/market-repositioning/residual-source-wording.txt,488,"content/site.ts:639:      ""We bring together creative planning, production, talent, styling, photography, video and local execution in the UK."",","Historical documentation/audit evidence; retained as a record, not current Route 04 or a relationship claim."
audit/market-repositioning/residual-source-wording.txt,490,"content/site.ts:665:        name: ""Commercial Photography"",","Historical documentation/audit evidence; retained as a record, not current Route 04 or a relationship claim."
audit/market-repositioning/residual-source-wording.txt,493,"content/site.ts:729:        deliverables: [""Event photography"", ""Highlight clips"", ""PR selects"", ""Fast social edits""],","Historical documentation/audit evidence; retained as a record, not current Route 04 or a relationship claim."
audit/market-repositioning/residual-source-wording.txt,505,"content/site.ts:886:          ""We combine casting, styling, locations, art direction, photography and motion to produce assets that can move from campaign launch to social proof."",","Historical documentation/audit evidence; retained as a record, not current Route 04 or a relationship claim."
audit/market-repositioning/residual-source-wording.txt,507,"content/site.ts:896:          ""Commercial Photography"",","Historical documentation/audit evidence; retained as a record, not current Route 04 or a relationship claim."
audit/market-repositioning/residual-source-wording.txt,508,"content/site.ts:910:          ""Detail-focused photography"",","Historical documentation/audit evidence; retained as a record, not current Route 04 or a relationship claim."
audit/market-repositioning/residual-source-wording.txt,509,"content/site.ts:922:        relatedServices: [""Commercial Photography"", ""Video & Brand Films"", ""On-camera Makeup & Styling""]","Historical documentation/audit evidence; retained as a record, not current Route 04 or a relationship claim."
audit/market-repositioning/residual-source-wording.txt,510,"content/site.ts:948:          ""Commercial Photography"",","Historical documentation/audit evidence; retained as a record, not current Route 04 or a relationship claim."
audit/market-repositioning/residual-source-wording.txt,511,"content/site.ts:1018:        relatedServices: [""Creative Production"", ""Commercial Photography"", ""Creator Coordination""]","Historical documentation/audit evidence; retained as a record, not current Route 04 or a relationship claim."
audit/market-repositioning/residual-source-wording.txt,532,"content/site.ts:1398:        delivered: ""Event photography, backstage content, highlight visuals, social media assets."",","Historical documentation/audit evidence; retained as a record, not current Route 04 or a relationship claim."
audit/market-repositioning/residual-source-wording.txt,535,"content/site.ts:1407:          ""Event photography"",","Historical documentation/audit evidence; retained as a record, not current Route 04 or a relationship claim."
audit/market-repositioning/residual-source-wording.txt,536,"content/site.ts:1420:        relatedServices: [""Event & PR Coverage"", ""Commercial Photography"", ""Video & Brand Films""]","Historical documentation/audit evidence; retained as a record, not current Route 04 or a relationship claim."
audit/market-repositioning/residual-source-wording.txt,537,"content/site.ts:1429:          ""Model casting, styling, makeup, photography, short-form video and London location production."",","Historical documentation/audit evidence; retained as a record, not current Route 04 or a relationship claim."
audit/market-repositioning/residual-source-wording.txt,539,"content/site.ts:1441:          ""Photography and short-form capture""","Historical documentation/audit evidence; retained as a record, not current Route 04 or a relationship claim."
audit/market-repositioning/residual-source-wording.txt,541,"content/site.ts:1448:          ""Commercial Photography"",","Historical documentation/audit evidence; retained as a record, not current Route 04 or a relationship claim."
audit/market-repositioning/residual-source-wording.txt,544,"content/site.ts:1544:        delivered: ""Model styling, makeup, editorial photography, close-ups and social media crops."",","Historical documentation/audit evidence; retained as a record, not current Route 04 or a relationship claim."
audit/market-repositioning/residual-source-wording.txt,545,"content/site.ts:1550:          ""Venus Bridge coordinated model styling, makeup, photography direction, close-up capture and export formats."",","Historical documentation/audit evidence; retained as a record, not current Route 04 or a relationship claim."
audit/market-repositioning/residual-source-wording.txt,546,"content/site.ts:1554:          ""Editorial photography"",","Historical documentation/audit evidence; retained as a record, not current Route 04 or a relationship claim."
audit/market-repositioning/residual-source-wording.txt,547,"content/site.ts:1566:        relatedServices: [""Commercial Photography"", ""Makeup & Styling"", ""Creative Production""]","Historical documentation/audit evidence; retained as a record, not current Route 04 or a relationship claim."
audit/market-repositioning/residual-source-wording.txt,567,"content/site.ts:1740:      ""Commercial photography"",","Historical documentation/audit evidence; retained as a record, not current Route 04 or a relationship claim."
audit/market-repositioning/residual-source-wording.txt,572,docs/about-density-correction.md:20:- Preserved all approved copy and introduced no photography or decorative filler.,"Historical documentation/audit evidence; retained as a record, not current Route 04 or a relationship claim."
audit/market-repositioning/residual-source-wording.txt,575,"docs/about-team-motion-visual-upgrade.md:122:All five are rendered in a consistent 4:5 frame with `next/image`, responsive `sizes`, meaningful bilingual alt text and a maximum hover scale of `1.015`. The page no longer reuses capability photography as About-page identity imagery, reducing repeated hero-level media.","Historical documentation/audit evidence; retained as a record, not current Route 04 or a relationship claim."
audit/market-repositioning/residual-source-wording.txt,591,docs/about-us-redesign.md:119:Three compositions were tested against the supplied photography:,"Historical documentation/audit evidence; retained as a record, not current Route 04 or a relationship claim."
audit/market-repositioning/residual-source-wording.txt,601,docs/commercial-architecture-homepage-spec.md:219:| Photography              | “我们需要适合英国传播的商业影像。”                      | 现有图片没有英国语境或渠道规格               | UK campaign and launch imagery                   |,"Historical documentation/audit evidence; retained as a record, not current Route 04 or a relationship claim."
audit/market-repositioning/residual-source-wording.txt,603,docs/commercial-architecture-homepage-spec.md:368:| Brand & Content Localisation Review | Building Presence   | **PILOT FIRST**                    | 把现有制作升级为问题解决                  | campaign、film、photography、creator、Founder content |,"Historical documentation/audit evidence; retained as a record, not current Route 04 or a relationship claim."
audit/market-repositioning/residual-source-wording.txt,604,docs/commercial-architecture-homepage-spec.md:584:- UK campaign photography/film；,"Historical documentation/audit evidence; retained as a record, not current Route 04 or a relationship claim."
audit/market-repositioning/residual-source-wording.txt,606,docs/commercial-architecture-homepage-spec.md:620:Photography / Film / Interviews / Models / Casting / Styling /,"Historical documentation/audit evidence; retained as a record, not current Route 04 or a relationship claim."
audit/market-repositioning/residual-source-wording.txt,607,docs/commercial-architecture-homepage-spec.md:636:- Photography 不与 Market Exploration 处于同一导航层；,"Historical documentation/audit evidence; retained as a record, not current Route 04 or a relationship claim."
audit/market-repositioning/residual-source-wording.txt,608,docs/commercial-architecture-homepage-spec.md:646:| Creative Production                | 获得可使用的英国资产         | photography、film、interviews、post-production               | published projects                    | Core              |,"Historical documentation/audit evidence; retained as a record, not current Route 04 or a relationship claim."
audit/market-repositioning/residual-source-wording.txt,610,docs/commercial-architecture-homepage-spec.md:738:| CATL Open Day Munich             | Preparing to Launch | 技术/汽车发布与 stakeholder content   | speaker、stage、audience、event capture                  | 已确认 photography/content scope       | PR result、business outcome                | Tier 2 technology/event proof |,"Historical documentation/audit evidence; retained as a record, not current Route 04 or a relationship claim."
audit/market-repositioning/residual-source-wording.txt,612,docs/commercial-architecture-homepage-spec.md:740:| Leapmotor IAA                    | Preparing to Launch | 展会现场品牌与产品内容                | exhibition floor、vehicle、visitor interaction           | 已确认 exhibition photography          | stand strategy、lead generation            | Tier 2 exhibition proof       |,"Historical documentation/audit evidence; retained as a record, not current Route 04 or a relationship claim."
audit/market-repositioning/residual-source-wording.txt,613,docs/commercial-architecture-homepage-spec.md:742:| European Road & Lifestyle        | Building Presence   | 欧洲环境车辆内容                      | movement/location photography                            | approved visual scope                  | market-entry outcome、named client         | Tier 2/3 supporting proof     |,"Historical documentation/audit evidence; retained as a record, not current Route 04 or a relationship claim."
audit/market-repositioning/residual-source-wording.txt,614,docs/commercial-architecture-homepage-spec.md:743:| Teal Editorial Fashion           | Building Presence   | 欧洲视觉语法的 fashion assets         | location、styling、fashion photography                   | approved production experience         | client/campaign outcome                    | Tier 3 until facts supplied   |,"Historical documentation/audit evidence; retained as a record, not current Route 04 or a relationship claim."
audit/market-repositioning/residual-source-wording.txt,619,docs/commercial-architecture-homepage-spec.md:997:**Content required:** 6 capability clusters：Content、Film/Photography、Talent/Creator、Events/Exhibitions、Interviews/Experts、UK Production Management。,"Historical documentation/audit evidence; retained as a record, not current Route 04 or a relationship claim."
audit/market-repositioning/residual-source-wording.txt,621,docs/commercial-architecture-homepage-spec.md:1128:Content | Film/Photography | Talent/Creator,"Historical documentation/audit evidence; retained as a record, not current Route 04 or a relationship claim."
audit/market-repositioning/residual-source-wording.txt,622,docs/commercial-architecture-homepage-spec.md:1305:| NETWORK-DELIVERED  | crew、talent、supplier network 在 Venus 管理下交付 | photographers、film crew、models、HMU、venue/AV                                    | `We assemble and manage`                       |,"Historical documentation/audit evidence; retained as a record, not current Route 04 or a relationship claim."
audit/market-repositioning/residual-source-wording.txt,626,docs/commercial-architecture-homepage-spec.md:1479:| 9. Turning an exhibition into more than stand photography                           | Launch         | 无后续内容与 learning             | Exhibition/Launch Review |,"Historical documentation/audit evidence; retained as a record, not current Route 04 or a relationship claim."
audit/market-repositioning/residual-source-wording.txt,630,docs/commercial-architecture-homepage-spec.md:1628:Photography / Film / Interviews / Talent / Creator / Events /,"Historical documentation/audit evidence; retained as a record, not current Route 04 or a relationship claim."
audit/market-repositioning/residual-source-wording.txt,631,docs/commercial-architecture-homepage-spec.md:1645:2. 不把 Photography 与 Market Exploration 并列。,"Historical documentation/audit evidence; retained as a record, not current Route 04 or a relationship claim."
audit/market-repositioning/residual-source-wording.txt,632,"docs/commercial-evidence-university-reframing-audit.md:18:- Companies: a four-card strip led with events, photography, talent and media, recreating a supplier catalogue directly beneath an outcome-led page introduction.","Historical documentation/audit evidence; retained as a record, not current Route 04 or a relationship claim."
audit/market-repositioning/residual-source-wording.txt,633,"docs/commercial-evidence-university-reframing-audit.md:20:- Work: the page hierarchy ended with “Selected Creative Production”; project metadata led with photography, event or exhibition language; fashion and beauty work therefore determined the final category impression.","Historical documentation/audit evidence; retained as a record, not current Route 04 or a relationship claim."
audit/market-repositioning/residual-source-wording.txt,634,"docs/commercial-evidence-university-reframing-audit.md:50:Photography, film, events, exhibitions, creators and production remain execution methods below those groups.","Historical documentation/audit evidence; retained as a record, not current Route 04 or a relationship claim."
audit/market-repositioning/residual-source-wording.txt,635,docs/commercial-evidence-university-reframing-audit.md:140:| Photography-company perception | 2.8 / 10 |,"Historical documentation/audit evidence; retained as a record, not current Route 04 or a relationship claim."
audit/market-repositioning/residual-source-wording.txt,636,docs/commercial-evidence-university-reframing-audit.md:154:6. Photography-company perception: **2.8 / 10**,"Historical documentation/audit evidence; retained as a record, not current Route 04 or a relationship claim."
audit/market-repositioning/residual-source-wording.txt,637,"docs/commercial-truth-and-rights-gate.md:20:| Event photography and identifiable people | RIGHTS CONFIRMATION REQUIRED       | Confirm photographer copyright, event/client permission and model/participant releases where applicable.                                          |","Historical documentation/audit evidence; retained as a record, not current Route 04 or a relationship claim."
audit/market-repositioning/residual-source-wording.txt,640,docs/final-commercial-messaging-phase.md:39:Photography-agency perception:,"Historical documentation/audit evidence; retained as a record, not current Route 04 or a relationship claim."
audit/market-repositioning/residual-source-wording.txt,643,"docs/final-prelaunch-commercial-audit.md:81:The site should repel buyers seeking commodity photography, speculative introductions, guaranteed access, public rate cards or isolated supplier booking. That is commercially healthy.","Historical documentation/audit evidence; retained as a record, not current Route 04 or a relationship claim."
audit/market-repositioning/residual-source-wording.txt,644,docs/final-prelaunch-commercial-audit.md:175:| Photography company     |   5.5 | Most published outcomes are approved photographs/assets; later archive cases are explicitly photographic.  |,"Historical documentation/audit evidence; retained as a record, not current Route 04 or a relationship claim."
audit/market-repositioning/residual-source-wording.txt,646,"docs/final-prelaunch-full-website-audit.md:15:Biggest weakness: the proof library is honest but commercially narrower than the promise. Most cases prove photography, documentation or visual assets in real UK/European settings, not market validation, buyer/distributor engagement, partnerships or measurable follow-through.","Historical documentation/audit evidence; retained as a record, not current Route 04 or a relationship claim."
audit/market-repositioning/residual-source-wording.txt,647,"docs/final-prelaunch-full-website-audit.md:33:Desired perception is strong: UK market execution partner 9.0/10; China–UK commercial operating partner 8.8; integrated local delivery team 9.0; premium professional-services firm 8.8. Unwanted perception remains moderate for photography company 5.5, creative agency 4.8 and event agency 4.2 because the archive’s outcomes are primarily visual documentation/assets. Resource broker 2.8, generic consultancy 3.0, talent broker 1.8 and university intermediary 1.7 are well controlled.","Historical documentation/audit evidence; retained as a record, not current Route 04 or a relationship claim."
audit/market-repositioning/residual-source-wording.txt,648,"docs/final-prelaunch-full-website-audit.md:74:Wang Linkai, Yue Yunpeng, London Fashion Week and Beauty/Fashion are strong creative proof but increase photography-company perception. Keep them lower in the archive; future commercial cases should supersede them naturally. Do not relabel visual outputs as commercial outcomes.","Historical documentation/audit evidence; retained as a record, not current Route 04 or a relationship claim."
audit/market-repositioning/residual-source-wording.txt,650,"docs/final-prelaunch-issue-registry.md:32:| P1-01 | `/work` and 12 cases         | CEO; overseas director; procurement | The case library proves real UK/European presence and strong visual delivery, but mostly proves photography/documentation rather than market validation, buyer/distributor engagement, partnership formation or commercial follow-through. | 12/12 cases are truth-gated and role-specific; most roles are documentation/content. Outcomes are usually approved images or assets; no quantified pipeline, buyer, distributor, repeat-engagement or market-decision evidence is public. | The promise is broader than the available proof. A skeptical buyer may conclude “strong photographer/event documenter” rather than “commercial operating partner.” | Do not inflate current cases. Keep ordering led by BYD/Changan/Geely/CATL/Leapmotor/AGIBOT and deliberately collect commercial evidence on future engagements.                             | Commercial High / User High / Large real-world effort / Low website risk. **Start after launch; monitor sales objections.** | Decide which future projects may collect/approve commercial outcomes. | `en-work-desktop.png`; `content/portfolio.ts`                                                        |","Historical documentation/audit evidence; retained as a record, not current Route 04 or a relationship claim."
audit/market-repositioning/residual-source-wording.txt,651,docs/final-prelaunch-page-scorecard.md:56:- **Weaknesses:** commercial proof below the claims is still inherited from the photography-heavy case library; procurement still needs a scoped proposal rather than relying on the site.,"Historical documentation/audit evidence; retained as a record, not current Route 04 or a relationship claim."
audit/market-repositioning/residual-source-wording.txt,652,docs/final-prelaunch-page-scorecard.md:78:- **Weaknesses:** later concert/fashion/beauty work increases photography-company perception; offscreen filter choices have a weak continuation cue; the preview/list structure creates one duplicated BYD H2 in rendered semantics.,"Historical documentation/audit evidence; retained as a record, not current Route 04 or a relationship claim."
audit/market-repositioning/residual-source-wording.txt,653,docs/final-prelaunch-page-scorecard.md:164:Photography-agency risk is scored 10 = strongest unwanted perception.,"Historical documentation/audit evidence; retained as a record, not current Route 04 or a relationship claim."
audit/market-repositioning/residual-source-wording.txt,654,"docs/final-prelaunch-page-scorecard.md:186:- The principal media problem is strategic balance, not technical image quality: automotive/event imagery communicates real international activity; concert/fashion/beauty imagery increases creative/photography perception when encountered in sequence.","Historical documentation/audit evidence; retained as a record, not current Route 04 or a relationship claim."
audit/market-repositioning/residual-source-wording.txt,655,"docs/final-prelaunch-visual-ux-audit.md:67:Risk remains at archive depth: four later cases (concert, performance, fashion, beauty) can make a visitor interpret Venus Bridge as a photography/content company. This is an evidence-mix issue, not an image-quality defect. Do not remove truthful work simply to hide the current business history; let better future cases supersede it.","Historical documentation/audit evidence; retained as a record, not current Route 04 or a relationship claim."
audit/market-repositioning/residual-source-wording.txt,657,docs/institutional-project-evidence-intake.md:62:- [ ] Photography,"Historical documentation/audit evidence; retained as a record, not current Route 04 or a relationship claim."
audit/market-repositioning/residual-source-wording.txt,667,docs/phase-13-image-placement-map.md:16:| About Us                           | Brand logo and graphic system                                 | None                               | No people imagery until genuine team photography is approved                     |,"Historical documentation/audit evidence; retained as a record, not current Route 04 or a relationship claim."
audit/market-repositioning/residual-source-wording.txt,668,"docs/phase-14-before-after-report.md:31:| About          | No safe team photography existed.                                                   | The brand lock-up, accountable roles and operating model carry the page without invented staff photography.                       |","Historical documentation/audit evidence; retained as a record, not current Route 04 or a relationship claim."
audit/market-repositioning/residual-source-wording.txt,669,"docs/phase-14-final-report.md:46:- **About:** brand, responsibilities and delivery model replace unsupported team photography.","Historical documentation/audit evidence; retained as a record, not current Route 04 or a relationship claim."
audit/market-repositioning/residual-source-wording.txt,676,"docs/phase-2-5-commercial-ux-visual-audit.md:36:It no longer feels mainly like a photography/video studio. Real automotive launch images, bilingual positioning and the local-delivery model move it beyond a production-only identity.","Historical documentation/audit evidence; retained as a record, not current Route 04 or a relationship claim."
audit/market-repositioning/residual-source-wording.txt,678,"docs/phase-2-5-commercial-ux-visual-audit.md:271:The current homepage Entertainment image is an editorial portrait. It is visually distinctive but proves editorial production more than live execution. If later testing shows the site still feels too photography-led, a live event or stage image would communicate commercial scale more directly. This is a media-selection P2/P1 test, not a truth defect.","Historical documentation/audit evidence; retained as a record, not current Route 04 or a relationship claim."
audit/market-repositioning/residual-source-wording.txt,685,"docs/phase-3-1-commercial-audit.md:26:The public portfolio directly proves event/exhibition content, automotive photography, UK-located brand-content production and fashion/beauty image production. It provides adjacent operating proof for talent/styling coordination and multi-component brand activation. It does not directly prove institutional partnerships, academic programmes, endorsement, complete event orchestration or measurable brand outcomes.","Historical documentation/audit evidence; retained as a record, not current Route 04 or a relationship claim."
audit/market-repositioning/residual-source-wording.txt,688,"docs/phase-3-1-final-report.md:29:[event and exhibition content capture; automotive photography; UK-located brand-film and interview imagery; fashion, apparel and beauty image production; event-presence plus production orchestration]","Historical documentation/audit evidence; retained as a record, not current Route 04 or a relationship claim."
audit/market-repositioning/residual-source-wording.txt,691,"docs/phase-3-1-owner-evidence-pipeline.md:58:- Venus Bridge role, separated into strategy, coordination, staffing, production, photography, film and handoff as applicable.","Historical documentation/audit evidence; retained as a record, not current Route 04 or a relationship claim."
audit/market-repositioning/residual-source-wording.txt,692,docs/phase-3-1-owner-evidence-pipeline.md:60:- Photography/video rights and any attendee-release constraints.,"Historical documentation/audit evidence; retained as a record, not current Route 04 or a relationship claim."
audit/market-repositioning/residual-source-wording.txt,694,"docs/phase-3-1-owner-evidence-pipeline.md:88:- Exact production scope: direction, photography, film, crew, casting, styling, locations, post-production and delivery.","Historical documentation/audit evidence; retained as a record, not current Route 04 or a relationship claim."
audit/market-repositioning/residual-source-wording.txt,696,"docs/phase-3-1-persona-commercial-test.md:48:- **10-second interpretation:** Venus Bridge can execute UK-located photography, film, interviews or event documentation and deliver reusable commercial assets.","Historical documentation/audit evidence; retained as a record, not current Route 04 or a relationship claim."
audit/market-repositioning/residual-source-wording.txt,697,docs/phase-3-1-persona-commercial-test.md:49:- **Trust section:** UK Brand Content Production and the London automotive film/event cases.,"Historical documentation/audit evidence; retained as a record, not current Route 04 or a relationship claim."
audit/market-repositioning/residual-source-wording.txt,702,"docs/phase-3-1-proof-matrix.md:18:| Institutional & Expert Collaboration     | Venus Bridge can document a professional conversation through interviews, photography or film.      | London Automotive Brand Story Film: interview imagery and UK-located brand-content capture.                                                                                        | Rights-approved project record                               | Website, media and copyright approval recorded                                         | Level B                                                            | Yes, as adjacent production proof only           | Capabilities programme proof              | “Adjacent proof: UK-located interview and brand-content production.”                                                                  | Does not prove an expert or academic participant.                                                   |","Historical documentation/audit evidence; retained as a record, not current Route 04 or a relationship claim."
audit/market-repositioning/residual-source-wording.txt,703,"docs/phase-3-1-proof-matrix.md:19:| Industry Presence & Events               | Venus Bridge delivers event and exhibition content capture.                                         | Changan 2025, BYD BD11 London, CATL Open Day 2025, Leapmotor IAA 2023.                                                                                                             | Rights-approved named execution cases                        | Website, media and copyright approval recorded                                         | Level A                                                            | Yes                                              | Early proof, Work, case pages             | Use exact labels: event documentation, launch content, exhibition content, automotive photography.                                    | None for the narrow capture claim.                                                                  |","Historical documentation/audit evidence; retained as a record, not current Route 04 or a relationship claim."
audit/market-repositioning/residual-source-wording.txt,705,"docs/phase-3-1-proof-matrix.md:24:| Creative Production & Brand Assets       | Venus Bridge delivers automotive photography, event imagery and exhibition content.                 | Changan, BYD, CATL and Leapmotor cases.                                                                                                                                            | Rights-approved named execution cases                        | Website, media and copyright approval recorded                                         | Level A                                                            | Yes                                              | Homepage, Work, case pages, project types | Use each case’s existing narrow role labels.                                                                                          | None for the recorded production roles.                                                             |","Historical documentation/audit evidence; retained as a record, not current Route 04 or a relationship claim."
audit/market-repositioning/residual-source-wording.txt,706,"docs/phase-3-1-proof-matrix.md:25:| Creative Production & Brand Assets       | Venus Bridge delivers UK-located brand-film and interview imagery.                                  | London Automotive Brand Story Film.                                                                                                                                                | Rights-approved named execution case                         | Website, media and copyright approval recorded                                         | Level A                                                            | Yes                                              | Selected Work; programme proof            | “On-location visual content production and automotive brand-content capture.”                                                         | No verified campaign result or distribution KPI.                                                    |","Historical documentation/audit evidence; retained as a record, not current Route 04 or a relationship claim."
audit/market-repositioning/residual-source-wording.txt,707,"docs/phase-3-1-proof-matrix.md:26:| Creative Production & Brand Assets       | Venus Bridge delivers fashion, apparel and beauty image production.                                 | Teal Editorial, Commercial Fashion & Apparel, Creative Beauty & Makeup.                                                                                                            | Rights-approved capability evidence                          | Website, media and copyright approval recorded; unnamed client/talent                  | Level A for image production; Level B for wider campaign ownership | Yes, at the narrow level                         | Work capability evidence                  | Photography, visual-content production and styling/talent-facing production only.                                                     | No named brand campaign or measured outcome.                                                        |","Historical documentation/audit evidence; retained as a record, not current Route 04 or a relationship claim."
audit/market-repositioning/residual-source-wording.txt,711,"docs/phase-3-2-case-placement-system.md:64:No logo wall is generated from the register. A logo requires explicit permission, clear relationship wording, recognition and commercial relevance. Attendance, venue access, photography or third-party participation cannot become “As seen at”, “Partnered with”, “Trusted by” or “Worked with” without evidence for that exact claim.","Historical documentation/audit evidence; retained as a record, not current Route 04 or a relationship claim."
audit/market-repositioning/residual-source-wording.txt,712,"docs/phase-3-2-case-schema.md:82:Event records have fields for the event context, city/country, booth or activation scope, staffing, talent, creators, executive content, photography, video, stakeholder content, China-facing outputs and client-facing deliverables. Empty fields remain empty. A photography record cannot be expanded into full event ownership without verification.","Historical documentation/audit evidence; retained as a record, not current Route 04 or a relationship claim."
audit/market-repositioning/residual-source-wording.txt,718,"docs/phase-3-2-evidence-register.md:11:| Leapmotor at IAA Mobility 2023, Munich       | A_DIRECT_VERIFIED                                                                        | Industry Presence           | UK Industry Presence Project                                   | Industry Presence & Events; Creative Production & Brand Assets               | Homepage Selected Work; Work index; dedicated case                                 | Current registry approvals are true; re-confirm event-name and brand-name reuse             | CORE               | Photography is proven; exhibition support, staffing and commercial outcomes are not                  | Supply exact commission, deliverables and event-role evidence                                                                               |","Historical documentation/audit evidence; retained as a record, not current Route 04 or a relationship claim."
audit/market-repositioning/residual-source-wording.txt,719,"docs/phase-3-2-evidence-register.md:12:| London Automotive Brand Story Film           | A_DIRECT_VERIFIED for production; B_ADJACENT_OPERATING_PROOF for credibility engagement  | International Brand Content | International Credibility Project; UK Brand Content Production | Creative Production & Brand Assets                                           | Homepage Selected Work; Capabilities credibility proof; Work index; dedicated case | Current registry approvals are true; re-confirm interview participant and usage permissions | CORE               | Does not prove an expert/academic engagement or measurable brand outcome                             | Supply objective, interview/participant context, final deliverables and usage evidence                                                      |","Historical documentation/audit evidence; retained as a record, not current Route 04 or a relationship claim."
audit/market-repositioning/residual-source-wording.txt,727,"docs/phase-3-2-proof-gap-analysis.md:11:| Industry Presence & Events               | STRONG         | Multiple Level A automotive launch, exhibition and event-content records in credible European/UK environments | Complete event strategy, staffing, guest programme, stakeholder outcomes and broad local execution remain unproved | A trade show or industry event case documenting the full verified local scope beyond photography                                                                        |","Historical documentation/audit evidence; retained as a record, not current Route 04 or a relationship claim."
audit/market-repositioning/residual-source-wording.txt,728,"docs/phase-3-2-proof-gap-analysis.md:13:| Creative Production & Brand Assets       | STRONG         | Level A automotive, event, brand-film, fashion and beauty production                                          | Approved distribution context, deliverable quantities and measured commercial outcomes are generally absent        | A UK production case with a clear client objective, multi-format delivery and approved China-facing commercial use                                                      |","Historical documentation/audit evidence; retained as a record, not current Route 04 or a relationship claim."
audit/market-repositioning/residual-source-wording.txt,729,"docs/phase-3-2-proof-gap-analysis.md:22:| UK Brand Content Production       | STRONG         | London brand film, event imagery and multiple commercial photography records                        | Distribution, usage and measurable business relevance are under-documented               | UK production + approved China-facing commercial assets and usage evidence                               |","Historical documentation/audit evidence; retained as a record, not current Route 04 or a relationship claim."
audit/market-repositioning/residual-source-wording.txt,732,"docs/phase-3-2b-client-psychology-test.md:33:Expected conclusion: ""They can create high-quality international assets, but they are more than a photography company.""","Historical documentation/audit evidence; retained as a record, not current Route 04 or a relationship claim."
audit/market-repositioning/residual-source-wording.txt,733,"docs/phase-3-2b-client-psychology-test.md:37:The presentation combines commercial environments, relationship/process capability and creative output. Photography is evidence of execution quality rather than the primary category.","Historical documentation/audit evidence; retained as a record, not current Route 04 or a relationship claim."
audit/market-repositioning/residual-source-wording.txt,734,docs/phase-3-2b-client-psychology-test.md:42:- Photography-studio perception: LOW,"Historical documentation/audit evidence; retained as a record, not current Route 04 or a relationship claim."
audit/market-repositioning/residual-source-wording.txt,735,docs/phase-3-2b-final-report.md:39:Photography-studio perception:,"Historical documentation/audit evidence; retained as a record, not current Route 04 or a relationship claim."
audit/market-repositioning/residual-source-wording.txt,737,docs/phase-3-2c-final-commercial-visual-audit.md:54:| Photography studio                | LOW          |,"Historical documentation/audit evidence; retained as a record, not current Route 04 or a relationship claim."
audit/market-repositioning/residual-source-wording.txt,748,"docs/phase-3-2c-full-portfolio-visual-audit.md:70:| London automotive brand film | Creative Production                                     | UK Brand Content; International Credibility                | VISUAL / PROCESS / EXECUTION | Marketing directors and content teams                         | Brand/product/participants; approved case, LOW                                                               | Film frames are wide and crop-resilient; subtitles must not be cut                  | Home Selected Work, Work/case, Capabilities                    | Repeated but supports a different role from event cases                   | Use to explain the asset engine and case video-led grammar                                                         |","Historical documentation/audit evidence; retained as a record, not current Route 04 or a relationship claim."
audit/market-repositioning/residual-source-wording.txt,758,docs/phase-3-2c-media-strategy-matrix.md:13:| Institutional Capability       | No media; numbered formats/process plus future `SelectedEngagements` infrastructure                          | Absence of photography becomes intentional editorial credibility                                                                        | Render no engagement row until approved evidence exists                                                                       |,"Historical documentation/audit evidence; retained as a record, not current Route 04 or a relationship claim."
audit/market-repositioning/residual-source-wording.txt,759,"docs/phase-3-2c-media-strategy-matrix.md:16:| Creative Production Capability | London film `01/03/04`; `vbm-024`; `vbm-015`; Teal `03`; creative beauty `03`; CATL `03`                     | Demonstrates film, interview, creator content, fashion/beauty and event output as one asset engine                                      | Labels describe output types, not unsupported campaign ownership                                                              |","Historical documentation/audit evidence; retained as a record, not current Route 04 or a relationship claim."
audit/market-repositioning/residual-source-wording.txt,760,"docs/phase-3-2d-adversarial-design-review.md:30:- Photography-studio risk: low; imagery is consistently paired with objectives, roles, outputs and project context.","Historical documentation/audit evidence; retained as a record, not current Route 04 or a relationship claim."
audit/market-repositioning/residual-source-wording.txt,761,"docs/phase-3-2d-art-direction-system.md:12:It must not resolve into a photography portfolio, talent agency, management-consultancy template, SaaS dashboard, hospitality palette or generic luxury theme.","Historical documentation/audit evidence; retained as a record, not current Route 04 or a relationship claim."
audit/market-repositioning/residual-source-wording.txt,763,"docs/phase-3-3-case-evidence-gap-register.md:10:| BYD BD11, London                           | Named London vehicle-launch photography; vehicle, venue and audience context         | Client project / UK execution           | Original brief and launch objective | Exact commission; date/year; formats and quantities      | Delivery/publication record; commercial use; results            | Promote as early UK proof; state only event documentation and visual capture                   |","Historical documentation/audit evidence; retained as a record, not current Route 04 or a relationship claim."
audit/market-repositioning/residual-source-wording.txt,765,"docs/phase-3-3-case-evidence-gap-register.md:14:| Leapmotor, IAA Mobility 2023, Munich       | Named exhibition photography                                                         | Client project / European execution     | Supplied brief                      | Exact commission; shoot date; outputs                    | Delivery/publication; outcomes                                  | Supporting Work proof; no exhibition-management claim                                          |","Historical documentation/audit evidence; retained as a record, not current Route 04 or a relationship claim."
audit/market-repositioning/residual-source-wording.txt,766,"docs/phase-3-3-case-evidence-gap-register.md:15:| European Road & Lifestyle                  | Real automotive photography in Europe; client withheld                               | Client-confidential production evidence | Client objective                    | Client, places, date/year, deliverables                  | Commercial use and outcome                                      | Restore to the Work index as supporting evidence; keep client anonymous                        |","Historical documentation/audit evidence; retained as a record, not current Route 04 or a relationship claim."
audit/market-repositioning/residual-source-wording.txt,767,"docs/phase-3-3-case-evidence-gap-register.md:16:| Teal Editorial                             | Real fashion photography and visual production                                       | Creative capability                     | Client/campaign objective           | Client, date, location, commissioned roles, deliverables | Usage rights beyond recorded website media; publication/outcome | Retain as creative-capability evidence, not end-to-end activation proof                        |","Historical documentation/audit evidence; retained as a record, not current Route 04 or a relationship claim."
audit/market-repositioning/residual-source-wording.txt,768,"docs/phase-3-3-case-evidence-gap-register.md:22:The detail template may show confirmed context, activity, role and visible evidence. It must omit unknown objectives, deliverables and outcomes rather than substituting the Venus Bridge role into those fields. Each page should state the supported role boundary so photography or content capture is not read as ownership of the wider event, campaign or strategy.","Historical documentation/audit evidence; retained as a record, not current Route 04 or a relationship claim."
audit/market-repositioning/residual-source-wording.txt,773,"docs/phase-3-3-institutional-evidence-register.md:11:| CEIBS Cambridge module / Primetime Group                                               | same PDF, p.61, visually checked                                        | A 2023 Cambridge-based programme is shown with event, speaker and group photography                       | B — real activity, role not fully evidenced                        | General experience documenting expert and education-led programmes            | Client/commissioning entity; precise role; deliverables; participant and institution naming permission; logo permission; publication evidence   |","Historical documentation/audit evidence; retained as a record, not current Route 04 or a relationship claim."
audit/market-repositioning/residual-source-wording.txt,775,"docs/phase-3-3-pre-implementation-commercial-audit.md:9:**Commercial verdict:** the strategic hypothesis is already implemented in the current communication hierarchy, not merely latent. Credibility is primary, execution is secondary, and access/partnerships are supporting. This is directionally stronger than a broad UK-market-entry claim and materially reduces overpromise. The present constraint is proof alignment: the copy sells institutional access, expert engagement, international credibility and project orchestration, while public evidence overwhelmingly proves photography, event documentation and visual production.","Historical documentation/audit evidence; retained as a record, not current Route 04 or a relationship claim."
audit/market-repositioning/residual-source-wording.txt,776,"docs/phase-3-3-pre-implementation-commercial-audit.md:30:3. **Evidence:** launches, event photography, brand-film imagery, fashion and beauty production.","Historical documentation/audit evidence; retained as a record, not current Route 04 or a relationship claim."
audit/market-repositioning/residual-source-wording.txt,777,"docs/phase-3-3-pre-implementation-commercial-audit.md:34:The site sits between a credible B2B project partner and a premium creative/local-execution company, but currently nearer the creative side because the proof is image-led and roles are mostly “capture”, “photography” and “visual content production.”","Historical documentation/audit evidence; retained as a record, not current Route 04 or a relationship claim."
audit/market-repositioning/residual-source-wording.txt,778,"docs/phase-3-3-pre-implementation-commercial-audit.md:55:| B. Automotive/mobility brand                    | UK/European launch and automotive content partner; Work first                                                | Industry Presence, activation, launch documentation, brand content      | Changan, CATL, BYD and Leapmotor provide strongest recognition; exact responsibility remains narrow                                         | Yes, especially for photography/event content                                       |    9/10 |","Historical documentation/audit evidence; retained as a record, not current Route 04 or a relationship claim."
audit/market-repositioning/residual-source-wording.txt,784,"docs/phase-3-3-pre-implementation-commercial-audit.md:130:- Strong: Changan, CATL, BYD and Leapmotor activity; London locations; visible event/industry environments; photography/film outputs.","Historical documentation/audit evidence; retained as a record, not current Route 04 or a relationship claim."
audit/market-repositioning/residual-source-wording.txt,785,"docs/phase-3-3-pre-implementation-commercial-audit.md:139:**Creative-agency perception: 7/10.** Hero imagery, Selected Work, Capabilities and case galleries strongly emphasise photography, fashion, beauty, talent and cinematic editorial treatment. Of nine projects, all are primarily visual-production records; the named automotive roles are event capture, photography and content production.","Historical documentation/audit evidence; retained as a record, not current Route 04 or a relationship claim."
audit/market-repositioning/residual-source-wording.txt,786,"docs/phase-3-3-pre-implementation-commercial-audit.md:176:| Changan 2025 Munich                       | Client, visual, execution, participation | A        | Home, Work, industry presence         | Medium: “UK” label; role limited to capture/photography                              |","Historical documentation/audit evidence; retained as a record, not current Route 04 or a relationship claim."
audit/market-repositioning/residual-source-wording.txt,794,"docs/phase-3-4-priority-case-evidence-requests.md:40:- exact role beyond the currently supported photography/content capture, if any;","Historical documentation/audit evidence; retained as a record, not current Route 04 or a relationship claim."
audit/market-repositioning/residual-source-wording.txt,796,docs/phase-3-4-priority-case-evidence-requests.md:67:- exact photography/documentation scope;,"Historical documentation/audit evidence; retained as a record, not current Route 04 or a relationship claim."
audit/market-repositioning/residual-source-wording.txt,798,"docs/phase-3-copy-system.md:42:| Create Proof That Travels       | 让海外成果持续产生价值   | Turn UK activity into reusable photography, film, interviews and stakeholder assets.  |","Historical documentation/audit evidence; retained as a record, not current Route 04 or a relationship claim."
audit/market-repositioning/residual-source-wording.txt,800,"docs/phase-3-copy-system.md:60:Convert UK activity into commercial photography, films, interviews, event coverage, social content and stakeholder material designed for continued use in China, Asia and international conversations.","Historical documentation/audit evidence; retained as a record, not current Route 04 or a relationship claim."
audit/market-repositioning/residual-source-wording.txt,803,"docs/phase-3-final-commercial-audit.md:42:Partially and credibly. Changan, BYD, CATL and Leapmotor support industry presence, event/exhibition documentation and creative execution. The London automotive film and anonymous fashion/beauty records support creative production and talent/styling capability. They do not yet prove institutional/expert collaboration or strategic commercial outcomes, and the site does not imply otherwise.","Historical documentation/audit evidence; retained as a record, not current Route 04 or a relationship claim."
audit/market-repositioning/residual-source-wording.txt,806,"docs/phase-3-strategic-repositioning-audit.md:12:The current promise places market-entry strategy, compliance responsibility, specialist referrals, localisation, launch readiness and local delivery beside proven creative/event execution. This can reasonably be read as responsibility for legal, tax, certification, logistics, distribution and long-term market operations. The public proof set supports photography, event/exhibition documentation, UK-located production and brand-content execution; it does not support ownership of the full market-entry lifecycle.","Historical documentation/audit evidence; retained as a record, not current Route 04 or a relationship claim."
audit/market-repositioning/residual-source-wording.txt,807,"docs/phase-3-strategic-repositioning-audit.md:39:- UK-located photography, film, interviews and brand-content production","Historical documentation/audit evidence; retained as a record, not current Route 04 or a relationship claim."
audit/market-repositioning/residual-source-wording.txt,808,docs/phase-3-strategic-repositioning-audit.md:49:- Changan European Brand Launch 2025: event and brand-content capture; automotive launch photography.,"Historical documentation/audit evidence; retained as a record, not current Route 04 or a relationship claim."
audit/market-repositioning/residual-source-wording.txt,809,docs/phase-3-strategic-repositioning-audit.md:50:- BYD BD11 London: event documentation; photography and visual-content capture.,"Historical documentation/audit evidence; retained as a record, not current Route 04 or a relationship claim."
audit/market-repositioning/residual-source-wording.txt,810,docs/phase-3-strategic-repositioning-audit.md:51:- CATL Open Day 2025: event and brand-content capture; photography and visual-content production.,"Historical documentation/audit evidence; retained as a record, not current Route 04 or a relationship claim."
audit/market-repositioning/residual-source-wording.txt,811,docs/phase-3-strategic-repositioning-audit.md:52:- Leapmotor at IAA Mobility 2023: exhibition-content capture; automotive photography.,"Historical documentation/audit evidence; retained as a record, not current Route 04 or a relationship claim."
audit/market-repositioning/residual-source-wording.txt,812,docs/phase-3-strategic-repositioning-audit.md:53:- London Automotive Brand Story Film: on-location visual-content production; automotive brand-content capture.,"Historical documentation/audit evidence; retained as a record, not current Route 04 or a relationship claim."
audit/market-repositioning/residual-source-wording.txt,814,"docs/phase-4-commercial-architecture-visual-system.md:82:- BYD, Changan, CATL and Leapmotor are described only using approved photography/content roles; no event ownership, market-entry ownership or commercial result is implied.","Historical documentation/audit evidence; retained as a record, not current Route 04 or a relationship claim."
audit/market-repositioning/residual-source-wording.txt,815,"docs/phase-5-dual-audience-commercial-architecture.md:20:- Work places BYD, Changan, CATL, Leapmotor and the London automotive film before selected creative production.","Historical documentation/audit evidence; retained as a record, not current Route 04 or a relationship claim."
audit/market-repositioning/residual-source-wording.txt,821,docs/phase-9-venus-bridge-brand-refresh.md:61:No approved public Hero photography was available. The old unrelated placeholder geometry was therefore replaced with a **Production System Canvas** containing four connected capability nodes:,"Historical documentation/audit evidence; retained as a record, not current Route 04 or a relationship claim."
audit/market-repositioning/residual-source-wording.txt,823,"docs/portfolio-content-review.md:7:| CATL Open Day 2025, Munich                   | `car.pdf`, p.2                         | Munich / 2025 / CATL                          | Automotive launch event photography       | Event and brand content capture; photography and visual content production | Client brief, quantities, outcome                               | Selected Projects     | No           | `catl-open-day-2025-01-hero` + 6 gallery assets           |","Historical documentation/audit evidence; retained as a record, not current Route 04 or a relationship claim."
audit/market-repositioning/residual-source-wording.txt,824,"docs/portfolio-content-review.md:8:| BYD BD11 Double-Decker Bus Launch, London    | `car.pdf`, p.3                         | London / year not stated / BYD                | Vehicle launch event photography          | Event documentation; photography and visual content capture                | Exact date, brief, quantities, outcome                          | Production Experience | No           | `byd-bd11-london-01-hero` + 6 gallery assets              |","Historical documentation/audit evidence; retained as a record, not current Route 04 or a relationship claim."
audit/market-repositioning/residual-source-wording.txt,825,"docs/portfolio-content-review.md:9:| Changan European Brand Launch 2025, Munich   | `car.pdf`, p.4                         | Munich / 2025 / Changan                       | European brand launch visual production   | Event and brand content capture; automotive launch photography             | Client brief, quantities, outcome                               | Selected Projects     | Yes, order 1 | `changan-europe-launch-2025-01-hero` + 6 gallery assets   |","Historical documentation/audit evidence; retained as a record, not current Route 04 or a relationship claim."
audit/market-repositioning/residual-source-wording.txt,826,"docs/portfolio-content-review.md:10:| Leapmotor at IAA Mobility 2023, Munich       | `car.pdf`, p.5                         | Munich / 2023 / Leapmotor                     | Automotive exhibition photography         | Exhibition content capture; automotive photography                         | Client brief, quantities, outcome                               | Selected Projects     | No           | `leapmotor-iaa-2023-01-hero` + 6 gallery assets           |","Historical documentation/audit evidence; retained as a record, not current Route 04 or a relationship claim."
audit/market-repositioning/residual-source-wording.txt,827,"docs/portfolio-content-review.md:11:| London Automotive Brand Story Film           | `car.pdf`, p.6 and curated asset index | London and England / year not stated / BYD    | Automotive brand-film imagery             | On-location visual content production; automotive brand content capture    | Year, brief, exact deliverables, outcome                        | Production Experience | Yes, order 3 | `london-automotive-brand-film-01-hero` + 6 gallery assets |","Historical documentation/audit evidence; retained as a record, not current Route 04 or a relationship claim."
audit/market-repositioning/residual-source-wording.txt,828,"docs/portfolio-content-review.md:12:| European Automotive Road & Lifestyle Content | `car.pdf`, pp.7–8                      | Europe / year not stated / brand not stated   | Road and lifestyle automotive photography | Automotive campaign imagery; on-location photography                       | Client name, exact location, year, brief, deliverables, outcome | Production Experience | No           | `european-road-lifestyle-01-hero` + 6 gallery assets      |","Historical documentation/audit evidence; retained as a record, not current Route 04 or a relationship claim."
audit/market-repositioning/residual-source-wording.txt,829,"docs/portfolio-content-review.md:13:| Teal Editorial Fashion Series                | `fashion.pdf`, visual review           | Place, year and public client name not stated | Editorial fashion photography             | Photography; fashion visual content production                             | Project identity, date, location, brief, deliverables, outcome  | Production Experience | Yes, order 2 | `teal-editorial-series-01-hero` + 6 gallery assets        |","Historical documentation/audit evidence; retained as a record, not current Route 04 or a relationship claim."
audit/market-repositioning/residual-source-wording.txt,830,"docs/portfolio-content-review.md:14:| Commercial Fashion & Apparel Image Series    | `fashion.pdf`, visual review           | Place, year and public client name not stated | Commercial fashion and apparel imagery    | Photography; visual content production                                     | Project identity, date, location, brief, deliverables, outcome  | Production Experience | No           | `commercial-fashion-styling-01-hero` + 7 gallery assets   |","Historical documentation/audit evidence; retained as a record, not current Route 04 or a relationship claim."
audit/market-repositioning/residual-source-wording.txt,831,"docs/portfolio-content-review.md:15:| Creative Beauty & Makeup Image Series        | `fashion.pdf`, visual review           | Place, year and public client name not stated | Creative beauty and makeup photography    | Photography; beauty visual content production                              | Project identity, date, location, brief, deliverables, outcome  | Production Experience | No           | `creative-beauty-makeup-01-hero` + 3 gallery assets       |","Historical documentation/audit evidence; retained as a record, not current Route 04 or a relationship claim."
audit/market-repositioning/residual-source-wording.txt,832,docs/portfolio-missing-information.md:11:- **London Automotive Brand Story Film:** year and exact dates; precise filming locations; supplied brief; confirmed deliverables; any outcome that may be published.,"Historical documentation/audit evidence; retained as a record, not current Route 04 or a relationship claim."
audit/market-repositioning/residual-source-wording.txt,833,docs/portfolio-missing-information.md:23:- any named production roles beyond photography/visual content production;,"Historical documentation/audit evidence; retained as a record, not current Route 04 or a relationship claim."
audit/market-repositioning/residual-source-wording.txt,835,docs/scalable-commercial-case-evidence-system.md:65:12. **Photography-company perception:** 2/10,"Historical documentation/audit evidence; retained as a record, not current Route 04 or a relationship claim."
audit/market-repositioning/residual-source-wording.txt,836,"docs/scalable-commercial-case-evidence-system.md:131:A future case should be published only when it helps a prospective client identify a relevant business situation and understand Venus Bridge's evidenced responsibility. Records that mainly demonstrate photography, event coverage, production craft or access to people remain supporting evidence until a verified commercial context and role boundary are available.","Historical documentation/audit evidence; retained as a record, not current Route 04 or a relationship claim."
audit/market-repositioning/residual-source-wording.txt,837,"docs/service-page-art-direction.md:5:Film and photography production desk. Uses a poster-led reel slot, storyboard/contact-sheet media, delivery ratios, timecode and production disciplines. Audio never autoplays.","Historical documentation/audit evidence; retained as a record, not current Route 04 or a relationship claim."
audit/market-repositioning/residual-source-wording.txt,839,"docs/sitewide-commercial-copy-editorial-audit.md:8:The positioning remains **Cross-Border Collaboration & Market Presence Partner**. The work did not redesign the site, change URLs, alter the Case Evidence System, add service packages or expand any verified claim. Photography, film, events, talent and production remain project methods rather than the company category.","Historical documentation/audit evidence; retained as a record, not current Route 04 or a relationship claim."
audit/market-repositioning/residual-source-wording.txt,848,docs/strategic-website-audit.md:190:Photography 不是产品；“UK Brand Content Production”才可能是产品。University introductions 不是 outcome；“为英国创新合作建立一组经过筛选且获准接洽的研究者/机构路径”才是可交付结果。,"Historical documentation/audit evidence; retained as a record, not current Route 04 or a relationship claim."
audit/market-repositioning/residual-source-wording.txt,850,docs/strategic-website-audit.md:198:3. events / launches / photography supplier；,"Historical documentation/audit evidence; retained as a record, not current Route 04 or a relationship claim."
audit/market-repositioning/residual-source-wording.txt,855,docs/strategic-website-audit.md:422:| Creative & Commercial Production    | 本地无人把 brief 转为英国资产            | UK Brand Content Production          | photography、film、interviews、multi-format assets          | 已发布制作项目和 confirmed scope              | Send an Execution Brief   |,"Historical documentation/audit evidence; retained as a record, not current Route 04 or a relationship claim."
audit/market-repositioning/residual-source-wording.txt,856,docs/strategic-website-audit.md:434:| Capability | Photography、casting、bilingual coordination        | 作为执行手段，不作为一级购买理由       |,"Historical documentation/audit evidence; retained as a record, not current Route 04 or a relationship claim."
audit/market-repositioning/residual-source-wording.txt,867,docs/strategic-website-audit.md:747:- 过多 capability photography 会把品牌拉回 production-company category。,"Historical documentation/audit evidence; retained as a record, not current Route 04 or a relationship claim."
audit/market-repositioning/residual-source-wording.txt,870,docs/strategic-website-audit.md:797:| Photography / video / interviews  | 多项目与媒体                                 | 直接交付或管理                     | 专项 crew 视 brief                        | Promote Now                           | 高                   |,"Historical documentation/audit evidence; retained as a record, not current Route 04 or a relationship claim."
audit/market-repositioning/residual-source-wording.txt,871,docs/strategic-website-audit.md:822:| Commercial photography / film         | NOW   |        High | 多个公开项目                 | Direct / managed crew          | 核心执行能力               |,"Historical documentation/audit evidence; retained as a record, not current Route 04 or a relationship claim."
audit/market-repositioning/residual-source-wording.txt,884,"docs/venus-bridge-brand-architecture.md:58:Media is a capability, not the company category. Retain the term where it describes photography, film, interviews, event documentation, paid or social media, launch assets or other genuine outputs. The hierarchy is commercial objective, market and relationship strategy, local execution, then creative or media production where required.","Historical documentation/audit evidence; retained as a record, not current Route 04 or a relationship claim."
audit/market-repositioning/residual-source-wording.txt,886,"docs/venus-bridge-case-placement-matrix.md:33:| Creative & Commercial Production | Campaign, concert imagery, founder interview, short-form or multi-format delivery              | Production role, crew/scope, formats, review and handoff                          | Final frames plus controlled BTS                           | Personal photography relabelled as a commercial campaign                |","Historical documentation/audit evidence; retained as a record, not current Route 04 or a relationship claim."
audit/market-repositioning/residual-source-wording.txt,889,"docs/venus-bridge-content-diagnosis.md:57:- **Current purpose:** Explain campaign, photography, film, interview and social production.","Historical documentation/audit evidence; retained as a record, not current Route 04 or a relationship claim."
audit/market-repositioning/residual-source-wording.txt,896,"docs/venus-bridge-content-diagnosis.md:151:- **Missing proof:** approved clothing, beauty or fashion brand project; personal consumer photography is not sufficient.","Historical documentation/audit evidence; retained as a record, not current Route 04 or a relationship claim."
audit/market-repositioning/residual-source-wording.txt,899,docs/venus-bridge-content-diagnosis.md:217:- **Production blocker:** no named member profile or team photography is approved.,"Historical documentation/audit evidence; retained as a record, not current Route 04 or a relationship claim."
audit/market-repositioning/residual-source-wording.txt,900,docs/venus-bridge-content-diagnosis.md:270:- Consumer makeup/photography presented as a B2B brand campaign.,"Historical documentation/audit evidence; retained as a record, not current Route 04 or a relationship claim."
audit/market-repositioning/residual-source-wording.txt,901,docs/venus-bridge-content-required.md:39:- [ ] Photography,"Historical documentation/audit evidence; retained as a record, not current Route 04 or a relationship claim."
audit/market-repositioning/residual-source-wording.txt,902,docs/venus-bridge-content-required.md:40:- [ ] Videography,"Historical documentation/audit evidence; retained as a record, not current Route 04 or a relationship claim."
audit/market-repositioning/residual-source-wording.txt,905,docs/venus-bridge-content-required.md:144:- [ ] Venue/location filming approval,"Historical documentation/audit evidence; retained as a record, not current Route 04 or a relationship claim."
audit/market-repositioning/residual-source-wording.txt,907,"docs/venus-bridge-content-required.md:174:- Was hosting, livestream, filming, logistics or client hospitality actually in scope?","Historical documentation/audit evidence; retained as a record, not current Route 04 or a relationship claim."
audit/market-repositioning/residual-source-wording.txt,908,"docs/venus-bridge-global-partnerships-brand-migration.md:42:No retained occurrence describes Venus Bridge as a media company, photography company or media agency.","Historical documentation/audit evidence; retained as a record, not current Route 04 or a relationship claim."
audit/market-repositioning/residual-source-wording.txt,910,"docs/venus-bridge-market-entry-scope.md:16:- Brand communications, websites, campaign content, photography, film and interviews.","Historical documentation/audit evidence; retained as a record, not current Route 04 or a relationship claim."
audit/market-repositioning/residual-source-wording.txt,912,"docs/venus-bridge-roadshow-scenarios.md:7:For a first UK launch, multi-city meetings, product presentation and brand experience. Scope can include route and venue planning, guest communications, presenters, talent, suppliers, bilingual live production, photography, film, interviews and post-event handoff. Claims, rights and venue gates must be approved.","Historical documentation/audit evidence; retained as a record, not current Route 04 or a relationship claim."
audit/market-repositioning/residual-source-wording.txt,916,"docs/venus-work-commercial-narrative-v2.md:32:| BYD          | 长标题“BYD BD11 双层公交车伦敦发布”；完整摄影职责在多处重复，再接“后续沟通可用” | **BYD BD11｜伦敦产品发布 / BYD BD11 \| London Product Launch**。主题保留英国公共交通语境；摘要为“团队参与 BD11 发布摄影，涵盖车辆、场地与观众。”／“Launch photography of the BD11, venue and audience.”；完整说明交代这些内容如何保留当地发布背景                            |","Historical documentation/audit evidence; retained as a record, not current Route 04 or a relationship claim."
audit/market-repositioning/residual-source-wording.txt,918,"docs/venus-work-commercial-narrative-v2.md:34:| 英国汽车影片 | 泛称伦敦汽车品牌影片；正文反复否定成片剪辑／投放，再解释未来参考用途            | **汽车品牌影片｜英国实景 / Automotive Film \| UK Locations**。摘要明确英国实景协调、本地制作与汽车视觉制作；正文对应伦敦街道、采访画面及英格兰乡村。EN：“UK location coordination, local production and automotive imagery.”；不新增剪辑、发行或 campaign 职责               |","Historical documentation/audit evidence; retained as a record, not current Route 04 or a relationship claim."
audit/market-repositioning/residual-source-wording.txt,920,"docs/visual-architecture-correction-audit.md:7:The preceding visual-architecture pass applied a single preservation strategy to three different page roles. It placed media inside dark stages, used `contain` or natural-ratio imagery inside fixed presentation areas, and combined primary/supporting images in Work previews. The result protected complete source frames but diminished the photography through letterboxing, nested framing, black matte areas and uneven split compositions.","Historical documentation/audit evidence; retained as a record, not current Route 04 or a relationship claim."
audit/market-repositioning/residual-source-wording.txt,921,e2e/work-commercial-narrative-v2.spec.ts:40:          /photograph|videograph|filming|content (?:capture|production|documentation)|event documentation|摄影|拍摄|影视制作|作品集|Potential use|事件文档/i,"Historical documentation/audit evidence; retained as a record, not current Route 04 or a relationship claim."
audit/market-repositioning/residual-source-wording.txt,922,e2e/work-commercial-narrative-v2.spec.ts:74:        expect(description).not.toMatch(/photograph|videograph|filming|摄影|拍摄/i);,"Historical documentation/audit evidence; retained as a record, not current Route 04 or a relationship claim."
audit/market-repositioning/residual-source-wording.txt,923,"e2e/work-commercial-narrative-v2.spec.ts:76:          expect(await image.getAttribute(""alt"")).not.toMatch(/photograph|videograph|filming|摄影|拍摄/i);","Historical documentation/audit evidence; retained as a record, not current Route 04 or a relationship claim."
audit/market-repositioning/residual-source-wording.txt,924,"e2e/work-commercial-narrative-v2.spec.ts:153:    await expect(page.locator(""main"")).not.toContainText(/photograph|videograph|filming|摄影|拍摄|作品集/i);","Historical documentation/audit evidence; retained as a record, not current Route 04 or a relationship claim."
audit/market-repositioning/residual-source-wording.txt,925,"lib/contact/validation.ts:36:export const formatKeys = [""photography"", ""video"", ""mixed"", ""event-assets"", ""other""] as const;","Historical documentation/audit evidence; retained as a record, not current Route 04 or a relationship claim."
audit/market-repositioning/residual-source-wording.txt,926,"lib/contact/validation.ts:62:    ""filmingEvent""","Historical documentation/audit evidence; retained as a record, not current Route 04 or a relationship claim."
audit/market-repositioning/residual-source-wording.txt,934,scripts/generate-phase13-reports.mjs:144:| About Us | Brand logo and graphic system | None | No people imagery until genuine team photography is approved |,"Historical documentation/audit evidence; retained as a record, not current Route 04 or a relationship claim."
audit/market-repositioning/residual-source-wording.txt,951,"tests/phase-3-2-evidence.test.mjs:60:        photography: ""Event photography"",","Historical documentation/audit evidence; retained as a record, not current Route 04 or a relationship claim."
audit/market-repositioning/residual-source-wording.txt,952,"tests/phase-3-2-evidence.test.mjs:71:    productionElements: [""Photography""]","Historical documentation/audit evidence; retained as a record, not current Route 04 or a relationship claim."
audit/market-repositioning/residual-source-wording.txt,954,"tests/phase-3-2-evidence.test.mjs:75:    scope: { en: ""Photography."" },","Historical documentation/audit evidence; retained as a record, not current Route 04 or a relationship claim."
audit/market-repositioning/residual-source-wording.txt,955,"tests/phase-3-2-evidence.test.mjs:77:    productionRole: { en: ""Photography and image delivery."" },","Historical documentation/audit evidence; retained as a record, not current Route 04 or a relationship claim."
audit/motion-correction/demo-media-requests.json,21,"""/media/demo/landscape-film.webp"",","Historical documentation/audit evidence; retained as a record, not current Route 04 or a relationship claim."
audit/motion-correction/reference-browser-audit.json,29,"""name"": ""Stink Films"",","Historical documentation/audit evidence; retained as a record, not current Route 04 or a relationship claim."
audit/motion-correction/reference-browser-audit.json,30,"""url"": ""https://stinkfilms.com/"",","Historical documentation/audit evidence; retained as a record, not current Route 04 or a relationship claim."
audit/motion-correction/reference-browser-audit.json,31,"""status"": ""United Kingdom | Stink Films"",","Historical documentation/audit evidence; retained as a record, not current Route 04 or a relationship claim."
audit/phase-14-browser/after-matrix.json,18,"""id"": ""london-automotive-brand-film-02-cover"",","Historical documentation/audit evidence; retained as a record, not current Route 04 or a relationship claim."
audit/phase-14-browser/after-matrix.json,105,"""src"": ""/media/art-directed/london-automotive-brand-film-02-cover/desktop.jpg""","Historical documentation/audit evidence; retained as a record, not current Route 04 or a relationship claim."
audit/phase-14-browser/after-matrix.json,237,"""id"": ""london-automotive-brand-film-02-cover"",","Historical documentation/audit evidence; retained as a record, not current Route 04 or a relationship claim."
audit/phase-14-browser/after-matrix.json,323,"""src"": ""/media/art-directed/london-automotive-brand-film-02-cover/desktop.jpg""","Historical documentation/audit evidence; retained as a record, not current Route 04 or a relationship claim."
audit/phase-14-browser/after-matrix.json,503,"""id"": ""london-automotive-brand-film-02-cover"",","Historical documentation/audit evidence; retained as a record, not current Route 04 or a relationship claim."
audit/phase-14-browser/after-matrix.json,549,"""src"": ""/media/art-directed/london-automotive-brand-film-02-cover/desktop.jpg""","Historical documentation/audit evidence; retained as a record, not current Route 04 or a relationship claim."
audit/phase-14-browser/after-matrix.json,1188,"""id"": ""london-automotive-brand-film-02-cover"",","Historical documentation/audit evidence; retained as a record, not current Route 04 or a relationship claim."
audit/phase-14-browser/after-matrix.json,1283,"""src"": ""/media/art-directed/london-automotive-brand-film-02-cover/desktop.jpg""","Historical documentation/audit evidence; retained as a record, not current Route 04 or a relationship claim."
audit/phase-14-browser/after-matrix.json,2009,"""path"": ""/en/work/london-automotive-brand-film"",","Historical documentation/audit evidence; retained as a record, not current Route 04 or a relationship claim."
audit/phase-14-browser/after-matrix.json,2013,"""currentSrc"": ""http://127.0.0.1:3000/media/art-directed/london-automotive-brand-film-01-hero/mobile.avif"",","Historical documentation/audit evidence; retained as a record, not current Route 04 or a relationship claim."
audit/phase-14-browser/after-matrix.json,2014,"""id"": ""london-automotive-brand-film-01-hero"",","Historical documentation/audit evidence; retained as a record, not current Route 04 or a relationship claim."
audit/phase-14-browser/after-matrix.json,2018,"""currentSrc"": ""http://127.0.0.1:3000/media/art-directed/london-automotive-brand-film-02-cover/mobile.avif"",","Historical documentation/audit evidence; retained as a record, not current Route 04 or a relationship claim."
audit/phase-14-browser/after-matrix.json,2019,"""id"": ""london-automotive-brand-film-02-cover"",","Historical documentation/audit evidence; retained as a record, not current Route 04 or a relationship claim."
audit/phase-14-browser/after-matrix.json,2024,"""id"": ""london-automotive-brand-film-03-gallery"",","Historical documentation/audit evidence; retained as a record, not current Route 04 or a relationship claim."
audit/phase-14-browser/after-matrix.json,2029,"""id"": ""london-automotive-brand-film-04-gallery"",","Historical documentation/audit evidence; retained as a record, not current Route 04 or a relationship claim."
audit/phase-14-browser/after-matrix.json,2034,"""id"": ""london-automotive-brand-film-05-gallery"",","Historical documentation/audit evidence; retained as a record, not current Route 04 or a relationship claim."
audit/phase-14-browser/after-matrix.json,2039,"""id"": ""london-automotive-brand-film-06-gallery"",","Historical documentation/audit evidence; retained as a record, not current Route 04 or a relationship claim."
audit/phase-14-browser/after-matrix.json,2044,"""id"": ""london-automotive-brand-film-07-gallery"",","Historical documentation/audit evidence; retained as a record, not current Route 04 or a relationship claim."
audit/phase-14-browser/after-matrix.json,2077,"""alt"": ""London street frame with a red bus from an automotive brand film."",","Historical documentation/audit evidence; retained as a record, not current Route 04 or a relationship claim."
audit/phase-14-browser/after-matrix.json,2079,"""currentSrc"": ""http://127.0.0.1:3000/media/art-directed/london-automotive-brand-film-01-hero/mobile.avif"",","Historical documentation/audit evidence; retained as a record, not current Route 04 or a relationship claim."
audit/phase-14-browser/after-matrix.json,2082,"""src"": ""/media/art-directed/london-automotive-brand-film-01-hero/desktop.jpg""","Historical documentation/audit evidence; retained as a record, not current Route 04 or a relationship claim."
audit/phase-14-browser/after-matrix.json,2087,"""currentSrc"": ""http://127.0.0.1:3000/media/art-directed/london-automotive-brand-film-02-cover/mobile.avif"",","Historical documentation/audit evidence; retained as a record, not current Route 04 or a relationship claim."
audit/phase-14-browser/after-matrix.json,2090,"""src"": ""/media/art-directed/london-automotive-brand-film-02-cover/desktop.jpg""","Historical documentation/audit evidence; retained as a record, not current Route 04 or a relationship claim."
audit/phase-14-browser/after-matrix.json,2098,"""src"": ""/media/art-directed/london-automotive-brand-film-03-gallery/desktop.jpg""","Historical documentation/audit evidence; retained as a record, not current Route 04 or a relationship claim."
audit/phase-14-browser/after-matrix.json,2106,"""src"": ""/media/art-directed/london-automotive-brand-film-04-gallery/desktop.jpg""","Historical documentation/audit evidence; retained as a record, not current Route 04 or a relationship claim."
audit/phase-14-browser/after-matrix.json,2114,"""src"": ""/media/art-directed/london-automotive-brand-film-05-gallery/desktop.jpg""","Historical documentation/audit evidence; retained as a record, not current Route 04 or a relationship claim."
audit/phase-14-browser/after-matrix.json,2122,"""src"": ""/media/art-directed/london-automotive-brand-film-06-gallery/desktop.jpg""","Historical documentation/audit evidence; retained as a record, not current Route 04 or a relationship claim."
audit/phase-14-browser/after-matrix.json,2125,"""alt"": ""Vehicle travelling along a rural road in an aerial film frame."",","Historical documentation/audit evidence; retained as a record, not current Route 04 or a relationship claim."
audit/phase-14-browser/after-matrix.json,2130,"""src"": ""/media/art-directed/london-automotive-brand-film-07-gallery/desktop.jpg""","Historical documentation/audit evidence; retained as a record, not current Route 04 or a relationship claim."
audit/phase-14-browser/after-matrix.json,2143,"""title"": ""London Automotive Brand Story Film | Venus Bridge Media"",","Historical documentation/audit evidence; retained as a record, not current Route 04 or a relationship claim."
audit/phase-14-browser/after-matrix.json,2144,"""url"": ""/en/work/london-automotive-brand-film"",","Historical documentation/audit evidence; retained as a record, not current Route 04 or a relationship claim."
audit/phase-14-browser/after-matrix.json,2692,"""currentSrc"": ""http://127.0.0.1:3000/media/art-directed/london-automotive-brand-film-02-cover/mobile.avif"",","Historical documentation/audit evidence; retained as a record, not current Route 04 or a relationship claim."
audit/phase-14-browser/after-matrix.json,2693,"""id"": ""london-automotive-brand-film-02-cover"",","Historical documentation/audit evidence; retained as a record, not current Route 04 or a relationship claim."
audit/phase-14-browser/after-matrix.json,2777,"""currentSrc"": ""http://127.0.0.1:3000/media/art-directed/london-automotive-brand-film-02-cover/mobile.avif"",","Historical documentation/audit evidence; retained as a record, not current Route 04 or a relationship claim."
audit/phase-14-browser/after-matrix.json,2780,"""src"": ""/media/art-directed/london-automotive-brand-film-02-cover/desktop.jpg""","Historical documentation/audit evidence; retained as a record, not current Route 04 or a relationship claim."
audit/phase-14-browser/after-matrix.json,3135,"""currentSrc"": ""http://127.0.0.1:3000/media/art-directed/london-automotive-brand-film-02-cover/mobile.avif"",","Historical documentation/audit evidence; retained as a record, not current Route 04 or a relationship claim."
audit/phase-14-browser/after-matrix.json,3136,"""id"": ""london-automotive-brand-film-02-cover"",","Historical documentation/audit evidence; retained as a record, not current Route 04 or a relationship claim."
audit/phase-14-browser/after-matrix.json,3220,"""currentSrc"": ""http://127.0.0.1:3000/media/art-directed/london-automotive-brand-film-02-cover/mobile.avif"",","Historical documentation/audit evidence; retained as a record, not current Route 04 or a relationship claim."
audit/phase-14-browser/after-matrix.json,3223,"""src"": ""/media/art-directed/london-automotive-brand-film-02-cover/desktop.jpg""","Historical documentation/audit evidence; retained as a record, not current Route 04 or a relationship claim."
audit/phase-14-browser/after-matrix.json,3354,"""currentSrc"": ""http://127.0.0.1:3000/media/art-directed/london-automotive-brand-film-02-cover/mobile.avif"",","Historical documentation/audit evidence; retained as a record, not current Route 04 or a relationship claim."
audit/phase-14-browser/after-matrix.json,3355,"""id"": ""london-automotive-brand-film-02-cover"",","Historical documentation/audit evidence; retained as a record, not current Route 04 or a relationship claim."
audit/phase-14-browser/after-matrix.json,3438,"""currentSrc"": ""http://127.0.0.1:3000/media/art-directed/london-automotive-brand-film-02-cover/mobile.avif"",","Historical documentation/audit evidence; retained as a record, not current Route 04 or a relationship claim."
audit/phase-14-browser/after-matrix.json,3441,"""src"": ""/media/art-directed/london-automotive-brand-film-02-cover/desktop.jpg""","Historical documentation/audit evidence; retained as a record, not current Route 04 or a relationship claim."
audit/phase-14-browser/after-matrix.json,3620,"""currentSrc"": ""http://127.0.0.1:3000/media/art-directed/london-automotive-brand-film-02-cover/mobile.avif"",","Historical documentation/audit evidence; retained as a record, not current Route 04 or a relationship claim."
audit/phase-14-browser/after-matrix.json,3621,"""id"": ""london-automotive-brand-film-02-cover"",","Historical documentation/audit evidence; retained as a record, not current Route 04 or a relationship claim."
audit/phase-14-browser/after-matrix.json,3669,"""currentSrc"": ""http://127.0.0.1:3000/media/art-directed/london-automotive-brand-film-02-cover/mobile.avif"",","Historical documentation/audit evidence; retained as a record, not current Route 04 or a relationship claim."
audit/phase-14-browser/after-matrix.json,3672,"""src"": ""/media/art-directed/london-automotive-brand-film-02-cover/desktop.jpg""","Historical documentation/audit evidence; retained as a record, not current Route 04 or a relationship claim."
audit/phase-14-browser/after-matrix.json,4316,"""id"": ""london-automotive-brand-film-02-cover"",","Historical documentation/audit evidence; retained as a record, not current Route 04 or a relationship claim."
audit/phase-14-browser/after-matrix.json,4411,"""src"": ""/media/art-directed/london-automotive-brand-film-02-cover/desktop.jpg""","Historical documentation/audit evidence; retained as a record, not current Route 04 or a relationship claim."
audit/phase-14-browser/after-matrix.json,5152,"""path"": ""/en/work/london-automotive-brand-film"",","Historical documentation/audit evidence; retained as a record, not current Route 04 or a relationship claim."
audit/phase-14-browser/after-matrix.json,5156,"""currentSrc"": ""http://127.0.0.1:3000/media/art-directed/london-automotive-brand-film-01-hero/mobile.avif"",","Historical documentation/audit evidence; retained as a record, not current Route 04 or a relationship claim."
audit/phase-14-browser/after-matrix.json,5157,"""id"": ""london-automotive-brand-film-01-hero"",","Historical documentation/audit evidence; retained as a record, not current Route 04 or a relationship claim."
audit/phase-14-browser/after-matrix.json,5161,"""currentSrc"": ""http://127.0.0.1:3000/media/art-directed/london-automotive-brand-film-02-cover/mobile.avif"",","Historical documentation/audit evidence; retained as a record, not current Route 04 or a relationship claim."
audit/phase-14-browser/after-matrix.json,5162,"""id"": ""london-automotive-brand-film-02-cover"",","Historical documentation/audit evidence; retained as a record, not current Route 04 or a relationship claim."
audit/phase-14-browser/after-matrix.json,5166,"""currentSrc"": ""http://127.0.0.1:3000/media/art-directed/london-automotive-brand-film-03-gallery/mobile.avif"",","Historical documentation/audit evidence; retained as a record, not current Route 04 or a relationship claim."
audit/phase-14-browser/after-matrix.json,5167,"""id"": ""london-automotive-brand-film-03-gallery"",","Historical documentation/audit evidence; retained as a record, not current Route 04 or a relationship claim."
audit/phase-14-browser/after-matrix.json,5172,"""id"": ""london-automotive-brand-film-04-gallery"",","Historical documentation/audit evidence; retained as a record, not current Route 04 or a relationship claim."
audit/phase-14-browser/after-matrix.json,5177,"""id"": ""london-automotive-brand-film-05-gallery"",","Historical documentation/audit evidence; retained as a record, not current Route 04 or a relationship claim."
audit/phase-14-browser/after-matrix.json,5182,"""id"": ""london-automotive-brand-film-06-gallery"",","Historical documentation/audit evidence; retained as a record, not current Route 04 or a relationship claim."
audit/phase-14-browser/after-matrix.json,5187,"""id"": ""london-automotive-brand-film-07-gallery"",","Historical documentation/audit evidence; retained as a record, not current Route 04 or a relationship claim."
audit/phase-14-browser/after-matrix.json,5220,"""alt"": ""London street frame with a red bus from an automotive brand film."",","Historical documentation/audit evidence; retained as a record, not current Route 04 or a relationship claim."
audit/phase-14-browser/after-matrix.json,5222,"""currentSrc"": ""http://127.0.0.1:3000/media/art-directed/london-automotive-brand-film-01-hero/mobile.avif"",","Historical documentation/audit evidence; retained as a record, not current Route 04 or a relationship claim."
audit/phase-14-browser/after-matrix.json,5225,"""src"": ""/media/art-directed/london-automotive-brand-film-01-hero/desktop.jpg""","Historical documentation/audit evidence; retained as a record, not current Route 04 or a relationship claim."
audit/phase-14-browser/after-matrix.json,5230,"""currentSrc"": ""http://127.0.0.1:3000/media/art-directed/london-automotive-brand-film-02-cover/mobile.avif"",","Historical documentation/audit evidence; retained as a record, not current Route 04 or a relationship claim."
audit/phase-14-browser/after-matrix.json,5233,"""src"": ""/media/art-directed/london-automotive-brand-film-02-cover/desktop.jpg""","Historical documentation/audit evidence; retained as a record, not current Route 04 or a relationship claim."
audit/phase-14-browser/after-matrix.json,5238,"""currentSrc"": ""http://127.0.0.1:3000/media/art-directed/london-automotive-brand-film-03-gallery/mobile.avif"",","Historical documentation/audit evidence; retained as a record, not current Route 04 or a relationship claim."
audit/phase-14-browser/after-matrix.json,5241,"""src"": ""/media/art-directed/london-automotive-brand-film-03-gallery/desktop.jpg""","Historical documentation/audit evidence; retained as a record, not current Route 04 or a relationship claim."
audit/phase-14-browser/after-matrix.json,5249,"""src"": ""/media/art-directed/london-automotive-brand-film-04-gallery/desktop.jpg""","Historical documentation/audit evidence; retained as a record, not current Route 04 or a relationship claim."
audit/phase-14-browser/after-matrix.json,5257,"""src"": ""/media/art-directed/london-automotive-brand-film-05-gallery/desktop.jpg""","Historical documentation/audit evidence; retained as a record, not current Route 04 or a relationship claim."
audit/phase-14-browser/after-matrix.json,5265,"""src"": ""/media/art-directed/london-automotive-brand-film-06-gallery/desktop.jpg""","Historical documentation/audit evidence; retained as a record, not current Route 04 or a relationship claim."
audit/phase-14-browser/after-matrix.json,5268,"""alt"": ""Vehicle travelling along a rural road in an aerial film frame."",","Historical documentation/audit evidence; retained as a record, not current Route 04 or a relationship claim."
audit/phase-14-browser/after-matrix.json,5273,"""src"": ""/media/art-directed/london-automotive-brand-film-07-gallery/desktop.jpg""","Historical documentation/audit evidence; retained as a record, not current Route 04 or a relationship claim."
audit/phase-14-browser/after-matrix.json,5286,"""title"": ""London Automotive Brand Story Film | Venus Bridge Media"",","Historical documentation/audit evidence; retained as a record, not current Route 04 or a relationship claim."
audit/phase-14-browser/after-matrix.json,5287,"""url"": ""/en/work/london-automotive-brand-film"",","Historical documentation/audit evidence; retained as a record, not current Route 04 or a relationship claim."
audit/phase-14-browser/after-matrix.json,5840,"""currentSrc"": ""http://127.0.0.1:3000/media/art-directed/london-automotive-brand-film-02-cover/mobile.avif"",","Historical documentation/audit evidence; retained as a record, not current Route 04 or a relationship claim."
audit/phase-14-browser/after-matrix.json,5841,"""id"": ""london-automotive-brand-film-02-cover"",","Historical documentation/audit evidence; retained as a record, not current Route 04 or a relationship claim."
audit/phase-14-browser/after-matrix.json,5925,"""currentSrc"": ""http://127.0.0.1:3000/media/art-directed/london-automotive-brand-film-02-cover/mobile.avif"",","Historical documentation/audit evidence; retained as a record, not current Route 04 or a relationship claim."
audit/phase-14-browser/after-matrix.json,5928,"""src"": ""/media/art-directed/london-automotive-brand-film-02-cover/desktop.jpg""","Historical documentation/audit evidence; retained as a record, not current Route 04 or a relationship claim."
audit/phase-14-browser/after-matrix.json,6289,"""id"": ""london-automotive-brand-film-02-cover"",","Historical documentation/audit evidence; retained as a record, not current Route 04 or a relationship claim."
audit/phase-14-browser/after-matrix.json,6376,"""src"": ""/media/art-directed/london-automotive-brand-film-02-cover/desktop.jpg""","Historical documentation/audit evidence; retained as a record, not current Route 04 or a relationship claim."
audit/phase-14-browser/after-matrix.json,6513,"""id"": ""london-automotive-brand-film-02-cover"",","Historical documentation/audit evidence; retained as a record, not current Route 04 or a relationship claim."
audit/phase-14-browser/after-matrix.json,6604,"""src"": ""/media/art-directed/london-automotive-brand-film-02-cover/desktop.jpg""","Historical documentation/audit evidence; retained as a record, not current Route 04 or a relationship claim."
audit/phase-14-browser/after-matrix.json,6784,"""id"": ""london-automotive-brand-film-02-cover"",","Historical documentation/audit evidence; retained as a record, not current Route 04 or a relationship claim."
audit/phase-14-browser/after-matrix.json,6835,"""src"": ""/media/art-directed/london-automotive-brand-film-02-cover/desktop.jpg""","Historical documentation/audit evidence; retained as a record, not current Route 04 or a relationship claim."
audit/phase-14-browser/after-matrix.json,7468,"""currentSrc"": ""http://127.0.0.1:3000/media/art-directed/london-automotive-brand-film-02-cover/tablet.avif"",","Historical documentation/audit evidence; retained as a record, not current Route 04 or a relationship claim."
audit/phase-14-browser/after-matrix.json,7469,"""id"": ""london-automotive-brand-film-02-cover"",","Historical documentation/audit evidence; retained as a record, not current Route 04 or a relationship claim."
audit/phase-14-browser/after-matrix.json,7556,"""currentSrc"": ""http://127.0.0.1:3000/media/art-directed/london-automotive-brand-film-02-cover/tablet.avif"",","Historical documentation/audit evidence; retained as a record, not current Route 04 or a relationship claim."
audit/phase-14-browser/after-matrix.json,7559,"""src"": ""/media/art-directed/london-automotive-brand-film-02-cover/desktop.jpg""","Historical documentation/audit evidence; retained as a record, not current Route 04 or a relationship claim."
audit/phase-14-browser/after-matrix.json,8280,"""path"": ""/en/work/london-automotive-brand-film"",","Historical documentation/audit evidence; retained as a record, not current Route 04 or a relationship claim."
audit/phase-14-browser/after-matrix.json,8284,"""currentSrc"": ""http://127.0.0.1:3000/media/art-directed/london-automotive-brand-film-01-hero/tablet.avif"",","Historical documentation/audit evidence; retained as a record, not current Route 04 or a relationship claim."
audit/phase-14-browser/after-matrix.json,8285,"""id"": ""london-automotive-brand-film-01-hero"",","Historical documentation/audit evidence; retained as a record, not current Route 04 or a relationship claim."
audit/phase-14-browser/after-matrix.json,8289,"""currentSrc"": ""http://127.0.0.1:3000/media/art-directed/london-automotive-brand-film-02-cover/tablet.avif"",","Historical documentation/audit evidence; retained as a record, not current Route 04 or a relationship claim."
audit/phase-14-browser/after-matrix.json,8290,"""id"": ""london-automotive-brand-film-02-cover"",","Historical documentation/audit evidence; retained as a record, not current Route 04 or a relationship claim."
audit/phase-14-browser/after-matrix.json,8294,"""currentSrc"": ""http://127.0.0.1:3000/media/art-directed/london-automotive-brand-film-03-gallery/tablet.avif"",","Historical documentation/audit evidence; retained as a record, not current Route 04 or a relationship claim."
audit/phase-14-browser/after-matrix.json,8295,"""id"": ""london-automotive-brand-film-03-gallery"",","Historical documentation/audit evidence; retained as a record, not current Route 04 or a relationship claim."
audit/phase-14-browser/after-matrix.json,8299,"""currentSrc"": ""http://127.0.0.1:3000/media/art-directed/london-automotive-brand-film-04-gallery/tablet.avif"",","Historical documentation/audit evidence; retained as a record, not current Route 04 or a relationship claim."
audit/phase-14-browser/after-matrix.json,8300,"""id"": ""london-automotive-brand-film-04-gallery"",","Historical documentation/audit evidence; retained as a record, not current Route 04 or a relationship claim."
audit/phase-14-browser/after-matrix.json,8304,"""currentSrc"": ""http://127.0.0.1:3000/media/art-directed/london-automotive-brand-film-05-gallery/tablet.avif"",","Historical documentation/audit evidence; retained as a record, not current Route 04 or a relationship claim."
audit/phase-14-browser/after-matrix.json,8305,"""id"": ""london-automotive-brand-film-05-gallery"",","Historical documentation/audit evidence; retained as a record, not current Route 04 or a relationship claim."
audit/phase-14-browser/after-matrix.json,8310,"""id"": ""london-automotive-brand-film-06-gallery"",","Historical documentation/audit evidence; retained as a record, not current Route 04 or a relationship claim."
audit/phase-14-browser/after-matrix.json,8315,"""id"": ""london-automotive-brand-film-07-gallery"",","Historical documentation/audit evidence; retained as a record, not current Route 04 or a relationship claim."
audit/phase-14-browser/after-matrix.json,8348,"""alt"": ""London street frame with a red bus from an automotive brand film."",","Historical documentation/audit evidence; retained as a record, not current Route 04 or a relationship claim."
audit/phase-14-browser/after-matrix.json,8350,"""currentSrc"": ""http://127.0.0.1:3000/media/art-directed/london-automotive-brand-film-01-hero/tablet.avif"",","Historical documentation/audit evidence; retained as a record, not current Route 04 or a relationship claim."
audit/phase-14-browser/after-matrix.json,8353,"""src"": ""/media/art-directed/london-automotive-brand-film-01-hero/desktop.jpg""","Historical documentation/audit evidence; retained as a record, not current Route 04 or a relationship claim."
audit/phase-14-browser/after-matrix.json,8358,"""currentSrc"": ""http://127.0.0.1:3000/media/art-directed/london-automotive-brand-film-02-cover/tablet.avif"",","Historical documentation/audit evidence; retained as a record, not current Route 04 or a relationship claim."
audit/phase-14-browser/after-matrix.json,8361,"""src"": ""/media/art-directed/london-automotive-brand-film-02-cover/desktop.jpg""","Historical documentation/audit evidence; retained as a record, not current Route 04 or a relationship claim."
audit/phase-14-browser/after-matrix.json,8366,"""currentSrc"": ""http://127.0.0.1:3000/media/art-directed/london-automotive-brand-film-03-gallery/tablet.avif"",","Historical documentation/audit evidence; retained as a record, not current Route 04 or a relationship claim."
audit/phase-14-browser/after-matrix.json,8369,"""src"": ""/media/art-directed/london-automotive-brand-film-03-gallery/desktop.jpg""","Historical documentation/audit evidence; retained as a record, not current Route 04 or a relationship claim."
audit/phase-14-browser/after-matrix.json,8374,"""currentSrc"": ""http://127.0.0.1:3000/media/art-directed/london-automotive-brand-film-04-gallery/tablet.avif"",","Historical documentation/audit evidence; retained as a record, not current Route 04 or a relationship claim."
audit/phase-14-browser/after-matrix.json,8377,"""src"": ""/media/art-directed/london-automotive-brand-film-04-gallery/desktop.jpg""","Historical documentation/audit evidence; retained as a record, not current Route 04 or a relationship claim."
audit/phase-14-browser/after-matrix.json,8382,"""currentSrc"": ""http://127.0.0.1:3000/media/art-directed/london-automotive-brand-film-05-gallery/tablet.avif"",","Historical documentation/audit evidence; retained as a record, not current Route 04 or a relationship claim."
audit/phase-14-browser/after-matrix.json,8385,"""src"": ""/media/art-directed/london-automotive-brand-film-05-gallery/desktop.jpg""","Historical documentation/audit evidence; retained as a record, not current Route 04 or a relationship claim."
audit/phase-14-browser/after-matrix.json,8393,"""src"": ""/media/art-directed/london-automotive-brand-film-06-gallery/desktop.jpg""","Historical documentation/audit evidence; retained as a record, not current Route 04 or a relationship claim."
audit/phase-14-browser/after-matrix.json,8396,"""alt"": ""Vehicle travelling along a rural road in an aerial film frame."",","Historical documentation/audit evidence; retained as a record, not current Route 04 or a relationship claim."
audit/phase-14-browser/after-matrix.json,8401,"""src"": ""/media/art-directed/london-automotive-brand-film-07-gallery/desktop.jpg""","Historical documentation/audit evidence; retained as a record, not current Route 04 or a relationship claim."
audit/phase-14-browser/after-matrix.json,8414,"""title"": ""London Automotive Brand Story Film | Venus Bridge Media"",","Historical documentation/audit evidence; retained as a record, not current Route 04 or a relationship claim."
audit/phase-14-browser/after-matrix.json,8415,"""url"": ""/en/work/london-automotive-brand-film"",","Historical documentation/audit evidence; retained as a record, not current Route 04 or a relationship claim."
audit/phase-14-browser/after-matrix.json,8968,"""currentSrc"": ""http://127.0.0.1:3000/media/art-directed/london-automotive-brand-film-02-cover/tablet.avif"",","Historical documentation/audit evidence; retained as a record, not current Route 04 or a relationship claim."
audit/phase-14-browser/after-matrix.json,8969,"""id"": ""london-automotive-brand-film-02-cover"",","Historical documentation/audit evidence; retained as a record, not current Route 04 or a relationship claim."
audit/phase-14-browser/after-matrix.json,9053,"""currentSrc"": ""http://127.0.0.1:3000/media/art-directed/london-automotive-brand-film-02-cover/tablet.avif"",","Historical documentation/audit evidence; retained as a record, not current Route 04 or a relationship claim."
audit/phase-14-browser/after-matrix.json,9056,"""src"": ""/media/art-directed/london-automotive-brand-film-02-cover/desktop.jpg""","Historical documentation/audit evidence; retained as a record, not current Route 04 or a relationship claim."
audit/phase-14-browser/after-matrix.json,9412,"""id"": ""london-automotive-brand-film-02-cover"",","Historical documentation/audit evidence; retained as a record, not current Route 04 or a relationship claim."
audit/phase-14-browser/after-matrix.json,9499,"""src"": ""/media/art-directed/london-automotive-brand-film-02-cover/desktop.jpg""","Historical documentation/audit evidence; retained as a record, not current Route 04 or a relationship claim."
audit/phase-14-browser/after-matrix.json,9631,"""id"": ""london-automotive-brand-film-02-cover"",","Historical documentation/audit evidence; retained as a record, not current Route 04 or a relationship claim."
audit/phase-14-browser/after-matrix.json,9722,"""src"": ""/media/art-directed/london-automotive-brand-film-02-cover/desktop.jpg""","Historical documentation/audit evidence; retained as a record, not current Route 04 or a relationship claim."
audit/phase-14-browser/after-matrix.json,9907,"""id"": ""london-automotive-brand-film-02-cover"",","Historical documentation/audit evidence; retained as a record, not current Route 04 or a relationship claim."
audit/phase-14-browser/after-matrix.json,9958,"""src"": ""/media/art-directed/london-automotive-brand-film-02-cover/desktop.jpg""","Historical documentation/audit evidence; retained as a record, not current Route 04 or a relationship claim."
audit/phase-14-browser/after-matrix.json,10601,"""currentSrc"": ""http://127.0.0.1:3000/media/art-directed/london-automotive-brand-film-02-cover/desktop.avif"",","Historical documentation/audit evidence; retained as a record, not current Route 04 or a relationship claim."
audit/phase-14-browser/after-matrix.json,10602,"""id"": ""london-automotive-brand-film-02-cover"",","Historical documentation/audit evidence; retained as a record, not current Route 04 or a relationship claim."
audit/phase-14-browser/after-matrix.json,10694,"""currentSrc"": ""http://127.0.0.1:3000/media/art-directed/london-automotive-brand-film-02-cover/desktop.avif"",","Historical documentation/audit evidence; retained as a record, not current Route 04 or a relationship claim."
audit/phase-14-browser/after-matrix.json,10697,"""src"": ""/media/art-directed/london-automotive-brand-film-02-cover/desktop.jpg""","Historical documentation/audit evidence; retained as a record, not current Route 04 or a relationship claim."
audit/phase-14-browser/after-matrix.json,11438,"""path"": ""/en/work/london-automotive-brand-film"",","Historical documentation/audit evidence; retained as a record, not current Route 04 or a relationship claim."
audit/phase-14-browser/after-matrix.json,11442,"""currentSrc"": ""http://127.0.0.1:3000/media/art-directed/london-automotive-brand-film-01-hero/desktop.avif"",","Historical documentation/audit evidence; retained as a record, not current Route 04 or a relationship claim."
audit/phase-14-browser/after-matrix.json,11443,"""id"": ""london-automotive-brand-film-01-hero"",","Historical documentation/audit evidence; retained as a record, not current Route 04 or a relationship claim."
audit/phase-14-browser/after-matrix.json,11447,"""currentSrc"": ""http://127.0.0.1:3000/media/art-directed/london-automotive-brand-film-02-cover/desktop.avif"",","Historical documentation/audit evidence; retained as a record, not current Route 04 or a relationship claim."
audit/phase-14-browser/after-matrix.json,11448,"""id"": ""london-automotive-brand-film-02-cover"",","Historical documentation/audit evidence; retained as a record, not current Route 04 or a relationship claim."
audit/phase-14-browser/after-matrix.json,11452,"""currentSrc"": ""http://127.0.0.1:3000/media/art-directed/london-automotive-brand-film-03-gallery/desktop.avif"",","Historical documentation/audit evidence; retained as a record, not current Route 04 or a relationship claim."
audit/phase-14-browser/after-matrix.json,11453,"""id"": ""london-automotive-brand-film-03-gallery"",","Historical documentation/audit evidence; retained as a record, not current Route 04 or a relationship claim."
audit/phase-14-browser/after-matrix.json,11457,"""currentSrc"": ""http://127.0.0.1:3000/media/art-directed/london-automotive-brand-film-04-gallery/desktop.avif"",","Historical documentation/audit evidence; retained as a record, not current Route 04 or a relationship claim."
audit/phase-14-browser/after-matrix.json,11458,"""id"": ""london-automotive-brand-film-04-gallery"",","Historical documentation/audit evidence; retained as a record, not current Route 04 or a relationship claim."
audit/phase-14-browser/after-matrix.json,11462,"""currentSrc"": ""http://127.0.0.1:3000/media/art-directed/london-automotive-brand-film-05-gallery/desktop.avif"",","Historical documentation/audit evidence; retained as a record, not current Route 04 or a relationship claim."
audit/phase-14-browser/after-matrix.json,11463,"""id"": ""london-automotive-brand-film-05-gallery"",","Historical documentation/audit evidence; retained as a record, not current Route 04 or a relationship claim."
audit/phase-14-browser/after-matrix.json,11468,"""id"": ""london-automotive-brand-film-06-gallery"",","Historical documentation/audit evidence; retained as a record, not current Route 04 or a relationship claim."
audit/phase-14-browser/after-matrix.json,11473,"""id"": ""london-automotive-brand-film-07-gallery"",","Historical documentation/audit evidence; retained as a record, not current Route 04 or a relationship claim."
audit/phase-14-browser/after-matrix.json,11511,"""alt"": ""London street frame with a red bus from an automotive brand film."",","Historical documentation/audit evidence; retained as a record, not current Route 04 or a relationship claim."
audit/phase-14-browser/after-matrix.json,11513,"""currentSrc"": ""http://127.0.0.1:3000/media/art-directed/london-automotive-brand-film-01-hero/desktop.avif"",","Historical documentation/audit evidence; retained as a record, not current Route 04 or a relationship claim."
audit/phase-14-browser/after-matrix.json,11516,"""src"": ""/media/art-directed/london-automotive-brand-film-01-hero/desktop.jpg""","Historical documentation/audit evidence; retained as a record, not current Route 04 or a relationship claim."
audit/phase-14-browser/after-matrix.json,11521,"""currentSrc"": ""http://127.0.0.1:3000/media/art-directed/london-automotive-brand-film-02-cover/desktop.avif"",","Historical documentation/audit evidence; retained as a record, not current Route 04 or a relationship claim."
audit/phase-14-browser/after-matrix.json,11524,"""src"": ""/media/art-directed/london-automotive-brand-film-02-cover/desktop.jpg""","Historical documentation/audit evidence; retained as a record, not current Route 04 or a relationship claim."
audit/phase-14-browser/after-matrix.json,11529,"""currentSrc"": ""http://127.0.0.1:3000/media/art-directed/london-automotive-brand-film-03-gallery/desktop.avif"",","Historical documentation/audit evidence; retained as a record, not current Route 04 or a relationship claim."
audit/phase-14-browser/after-matrix.json,11532,"""src"": ""/media/art-directed/london-automotive-brand-film-03-gallery/desktop.jpg""","Historical documentation/audit evidence; retained as a record, not current Route 04 or a relationship claim."
audit/phase-14-browser/after-matrix.json,11537,"""currentSrc"": ""http://127.0.0.1:3000/media/art-directed/london-automotive-brand-film-04-gallery/desktop.avif"",","Historical documentation/audit evidence; retained as a record, not current Route 04 or a relationship claim."
audit/phase-14-browser/after-matrix.json,11540,"""src"": ""/media/art-directed/london-automotive-brand-film-04-gallery/desktop.jpg""","Historical documentation/audit evidence; retained as a record, not current Route 04 or a relationship claim."
audit/phase-14-browser/after-matrix.json,11545,"""currentSrc"": ""http://127.0.0.1:3000/media/art-directed/london-automotive-brand-film-05-gallery/desktop.avif"",","Historical documentation/audit evidence; retained as a record, not current Route 04 or a relationship claim."
audit/phase-14-browser/after-matrix.json,11548,"""src"": ""/media/art-directed/london-automotive-brand-film-05-gallery/desktop.jpg""","Historical documentation/audit evidence; retained as a record, not current Route 04 or a relationship claim."
audit/phase-14-browser/after-matrix.json,11556,"""src"": ""/media/art-directed/london-automotive-brand-film-06-gallery/desktop.jpg""","Historical documentation/audit evidence; retained as a record, not current Route 04 or a relationship claim."
audit/phase-14-browser/after-matrix.json,11559,"""alt"": ""Vehicle travelling along a rural road in an aerial film frame."",","Historical documentation/audit evidence; retained as a record, not current Route 04 or a relationship claim."
audit/phase-14-browser/after-matrix.json,11564,"""src"": ""/media/art-directed/london-automotive-brand-film-07-gallery/desktop.jpg""","Historical documentation/audit evidence; retained as a record, not current Route 04 or a relationship claim."
audit/phase-14-browser/after-matrix.json,11577,"""title"": ""London Automotive Brand Story Film | Venus Bridge Media"",","Historical documentation/audit evidence; retained as a record, not current Route 04 or a relationship claim."
audit/phase-14-browser/after-matrix.json,11578,"""url"": ""/en/work/london-automotive-brand-film"",","Historical documentation/audit evidence; retained as a record, not current Route 04 or a relationship claim."
audit/phase-14-browser/after-matrix.json,12136,"""currentSrc"": ""http://127.0.0.1:3000/media/art-directed/london-automotive-brand-film-02-cover/desktop.avif"",","Historical documentation/audit evidence; retained as a record, not current Route 04 or a relationship claim."
audit/phase-14-browser/after-matrix.json,12137,"""id"": ""london-automotive-brand-film-02-cover"",","Historical documentation/audit evidence; retained as a record, not current Route 04 or a relationship claim."
audit/phase-14-browser/after-matrix.json,12221,"""currentSrc"": ""http://127.0.0.1:3000/media/art-directed/london-automotive-brand-film-02-cover/desktop.avif"",","Historical documentation/audit evidence; retained as a record, not current Route 04 or a relationship claim."
audit/phase-14-browser/after-matrix.json,12224,"""src"": ""/media/art-directed/london-automotive-brand-film-02-cover/desktop.jpg""","Historical documentation/audit evidence; retained as a record, not current Route 04 or a relationship claim."
audit/phase-14-browser/after-matrix.json,12580,"""id"": ""london-automotive-brand-film-02-cover"",","Historical documentation/audit evidence; retained as a record, not current Route 04 or a relationship claim."
audit/phase-14-browser/after-matrix.json,12667,"""src"": ""/media/art-directed/london-automotive-brand-film-02-cover/desktop.jpg""","Historical documentation/audit evidence; retained as a record, not current Route 04 or a relationship claim."
audit/phase-14-browser/after-matrix.json,12799,"""id"": ""london-automotive-brand-film-02-cover"",","Historical documentation/audit evidence; retained as a record, not current Route 04 or a relationship claim."
audit/phase-14-browser/after-matrix.json,12890,"""src"": ""/media/art-directed/london-automotive-brand-film-02-cover/desktop.jpg""","Historical documentation/audit evidence; retained as a record, not current Route 04 or a relationship claim."
audit/phase-14-browser/after-matrix.json,13070,"""id"": ""london-automotive-brand-film-02-cover"",","Historical documentation/audit evidence; retained as a record, not current Route 04 or a relationship claim."
audit/phase-14-browser/after-matrix.json,13121,"""src"": ""/media/art-directed/london-automotive-brand-film-02-cover/desktop.jpg""","Historical documentation/audit evidence; retained as a record, not current Route 04 or a relationship claim."
audit/phase-14-browser/after-matrix.json,13769,"""currentSrc"": ""http://127.0.0.1:3000/media/art-directed/london-automotive-brand-film-02-cover/desktop.avif"",","Historical documentation/audit evidence; retained as a record, not current Route 04 or a relationship claim."
audit/phase-14-browser/after-matrix.json,13770,"""id"": ""london-automotive-brand-film-02-cover"",","Historical documentation/audit evidence; retained as a record, not current Route 04 or a relationship claim."
audit/phase-14-browser/after-matrix.json,13857,"""currentSrc"": ""http://127.0.0.1:3000/media/art-directed/london-automotive-brand-film-02-cover/desktop.avif"",","Historical documentation/audit evidence; retained as a record, not current Route 04 or a relationship claim."
audit/phase-14-browser/after-matrix.json,13860,"""src"": ""/media/art-directed/london-automotive-brand-film-02-cover/desktop.jpg""","Historical documentation/audit evidence; retained as a record, not current Route 04 or a relationship claim."
audit/phase-14-browser/after-matrix.json,14601,"""path"": ""/en/work/london-automotive-brand-film"",","Historical documentation/audit evidence; retained as a record, not current Route 04 or a relationship claim."
audit/phase-14-browser/after-matrix.json,14605,"""currentSrc"": ""http://127.0.0.1:3000/media/art-directed/london-automotive-brand-film-01-hero/desktop.avif"",","Historical documentation/audit evidence; retained as a record, not current Route 04 or a relationship claim."
audit/phase-14-browser/after-matrix.json,14606,"""id"": ""london-automotive-brand-film-01-hero"",","Historical documentation/audit evidence; retained as a record, not current Route 04 or a relationship claim."
audit/phase-14-browser/after-matrix.json,14610,"""currentSrc"": ""http://127.0.0.1:3000/media/art-directed/london-automotive-brand-film-02-cover/desktop.avif"",","Historical documentation/audit evidence; retained as a record, not current Route 04 or a relationship claim."
audit/phase-14-browser/after-matrix.json,14611,"""id"": ""london-automotive-brand-film-02-cover"",","Historical documentation/audit evidence; retained as a record, not current Route 04 or a relationship claim."
audit/phase-14-browser/after-matrix.json,14615,"""currentSrc"": ""http://127.0.0.1:3000/media/art-directed/london-automotive-brand-film-03-gallery/desktop.avif"",","Historical documentation/audit evidence; retained as a record, not current Route 04 or a relationship claim."
audit/phase-14-browser/after-matrix.json,14616,"""id"": ""london-automotive-brand-film-03-gallery"",","Historical documentation/audit evidence; retained as a record, not current Route 04 or a relationship claim."
audit/phase-14-browser/after-matrix.json,14621,"""id"": ""london-automotive-brand-film-04-gallery"",","Historical documentation/audit evidence; retained as a record, not current Route 04 or a relationship claim."
audit/phase-14-browser/after-matrix.json,14626,"""id"": ""london-automotive-brand-film-05-gallery"",","Historical documentation/audit evidence; retained as a record, not current Route 04 or a relationship claim."
audit/phase-14-browser/after-matrix.json,14631,"""id"": ""london-automotive-brand-film-06-gallery"",","Historical documentation/audit evidence; retained as a record, not current Route 04 or a relationship claim."
audit/phase-14-browser/after-matrix.json,14636,"""id"": ""london-automotive-brand-film-07-gallery"",","Historical documentation/audit evidence; retained as a record, not current Route 04 or a relationship claim."
audit/phase-14-browser/after-matrix.json,14669,"""alt"": ""London street frame with a red bus from an automotive brand film."",","Historical documentation/audit evidence; retained as a record, not current Route 04 or a relationship claim."
audit/phase-14-browser/after-matrix.json,14671,"""currentSrc"": ""http://127.0.0.1:3000/media/art-directed/london-automotive-brand-film-01-hero/desktop.avif"",","Historical documentation/audit evidence; retained as a record, not current Route 04 or a relationship claim."
audit/phase-14-browser/after-matrix.json,14674,"""src"": ""/media/art-directed/london-automotive-brand-film-01-hero/desktop.jpg""","Historical documentation/audit evidence; retained as a record, not current Route 04 or a relationship claim."
audit/phase-14-browser/after-matrix.json,14679,"""currentSrc"": ""http://127.0.0.1:3000/media/art-directed/london-automotive-brand-film-02-cover/desktop.avif"",","Historical documentation/audit evidence; retained as a record, not current Route 04 or a relationship claim."
audit/phase-14-browser/after-matrix.json,14682,"""src"": ""/media/art-directed/london-automotive-brand-film-02-cover/desktop.jpg""","Historical documentation/audit evidence; retained as a record, not current Route 04 or a relationship claim."
audit/phase-14-browser/after-matrix.json,14687,"""currentSrc"": ""http://127.0.0.1:3000/media/art-directed/london-automotive-brand-film-03-gallery/desktop.avif"",","Historical documentation/audit evidence; retained as a record, not current Route 04 or a relationship claim."
audit/phase-14-browser/after-matrix.json,14690,"""src"": ""/media/art-directed/london-automotive-brand-film-03-gallery/desktop.jpg""","Historical documentation/audit evidence; retained as a record, not current Route 04 or a relationship claim."
audit/phase-14-browser/after-matrix.json,14698,"""src"": ""/media/art-directed/london-automotive-brand-film-04-gallery/desktop.jpg""","Historical documentation/audit evidence; retained as a record, not current Route 04 or a relationship claim."
audit/phase-14-browser/after-matrix.json,14706,"""src"": ""/media/art-directed/london-automotive-brand-film-05-gallery/desktop.jpg""","Historical documentation/audit evidence; retained as a record, not current Route 04 or a relationship claim."
audit/phase-14-browser/after-matrix.json,14714,"""src"": ""/media/art-directed/london-automotive-brand-film-06-gallery/desktop.jpg""","Historical documentation/audit evidence; retained as a record, not current Route 04 or a relationship claim."
audit/phase-14-browser/after-matrix.json,14717,"""alt"": ""Vehicle travelling along a rural road in an aerial film frame."",","Historical documentation/audit evidence; retained as a record, not current Route 04 or a relationship claim."
audit/phase-14-browser/after-matrix.json,14722,"""src"": ""/media/art-directed/london-automotive-brand-film-07-gallery/desktop.jpg""","Historical documentation/audit evidence; retained as a record, not current Route 04 or a relationship claim."
audit/phase-14-browser/after-matrix.json,14735,"""title"": ""London Automotive Brand Story Film | Venus Bridge Media"",","Historical documentation/audit evidence; retained as a record, not current Route 04 or a relationship claim."
audit/phase-14-browser/after-matrix.json,14736,"""url"": ""/en/work/london-automotive-brand-film"",","Historical documentation/audit evidence; retained as a record, not current Route 04 or a relationship claim."
audit/phase-14-browser/after-matrix.json,15289,"""currentSrc"": ""http://127.0.0.1:3000/media/art-directed/london-automotive-brand-film-02-cover/desktop.avif"",","Historical documentation/audit evidence; retained as a record, not current Route 04 or a relationship claim."
audit/phase-14-browser/after-matrix.json,15290,"""id"": ""london-automotive-brand-film-02-cover"",","Historical documentation/audit evidence; retained as a record, not current Route 04 or a relationship claim."
audit/phase-14-browser/after-matrix.json,15374,"""currentSrc"": ""http://127.0.0.1:3000/media/art-directed/london-automotive-brand-film-02-cover/desktop.avif"",","Historical documentation/audit evidence; retained as a record, not current Route 04 or a relationship claim."
audit/phase-14-browser/after-matrix.json,15377,"""src"": ""/media/art-directed/london-automotive-brand-film-02-cover/desktop.jpg""","Historical documentation/audit evidence; retained as a record, not current Route 04 or a relationship claim."
audit/phase-14-browser/after-matrix.json,15742,"""currentSrc"": ""http://127.0.0.1:3000/media/art-directed/london-automotive-brand-film-02-cover/desktop.avif"",","Historical documentation/audit evidence; retained as a record, not current Route 04 or a relationship claim."
audit/phase-14-browser/after-matrix.json,15743,"""id"": ""london-automotive-brand-film-02-cover"",","Historical documentation/audit evidence; retained as a record, not current Route 04 or a relationship claim."
audit/phase-14-browser/after-matrix.json,15827,"""currentSrc"": ""http://127.0.0.1:3000/media/art-directed/london-automotive-brand-film-02-cover/desktop.avif"",","Historical documentation/audit evidence; retained as a record, not current Route 04 or a relationship claim."
audit/phase-14-browser/after-matrix.json,15830,"""src"": ""/media/art-directed/london-automotive-brand-film-02-cover/desktop.jpg""","Historical documentation/audit evidence; retained as a record, not current Route 04 or a relationship claim."
audit/phase-14-browser/after-matrix.json,15961,"""currentSrc"": ""http://127.0.0.1:3000/media/art-directed/london-automotive-brand-film-02-cover/desktop.avif"",","Historical documentation/audit evidence; retained as a record, not current Route 04 or a relationship claim."
audit/phase-14-browser/after-matrix.json,15962,"""id"": ""london-automotive-brand-film-02-cover"",","Historical documentation/audit evidence; retained as a record, not current Route 04 or a relationship claim."
audit/phase-14-browser/after-matrix.json,16050,"""currentSrc"": ""http://127.0.0.1:3000/media/art-directed/london-automotive-brand-film-02-cover/desktop.avif"",","Historical documentation/audit evidence; retained as a record, not current Route 04 or a relationship claim."
audit/phase-14-browser/after-matrix.json,16053,"""src"": ""/media/art-directed/london-automotive-brand-film-02-cover/desktop.jpg""","Historical documentation/audit evidence; retained as a record, not current Route 04 or a relationship claim."
audit/phase-14-browser/after-matrix.json,16237,"""currentSrc"": ""http://127.0.0.1:3000/media/art-directed/london-automotive-brand-film-02-cover/desktop.avif"",","Historical documentation/audit evidence; retained as a record, not current Route 04 or a relationship claim."
audit/phase-14-browser/after-matrix.json,16238,"""id"": ""london-automotive-brand-film-02-cover"",","Historical documentation/audit evidence; retained as a record, not current Route 04 or a relationship claim."
audit/phase-14-browser/after-matrix.json,16286,"""currentSrc"": ""http://127.0.0.1:3000/media/art-directed/london-automotive-brand-film-02-cover/desktop.avif"",","Historical documentation/audit evidence; retained as a record, not current Route 04 or a relationship claim."
audit/phase-14-browser/after-matrix.json,16289,"""src"": ""/media/art-directed/london-automotive-brand-film-02-cover/desktop.jpg""","Historical documentation/audit evidence; retained as a record, not current Route 04 or a relationship claim."
audit/phase-14-browser/after-matrix.json,16942,"""currentSrc"": ""http://127.0.0.1:3000/media/art-directed/london-automotive-brand-film-02-cover/desktop.avif"",","Historical documentation/audit evidence; retained as a record, not current Route 04 or a relationship claim."
audit/phase-14-browser/after-matrix.json,16943,"""id"": ""london-automotive-brand-film-02-cover"",","Historical documentation/audit evidence; retained as a record, not current Route 04 or a relationship claim."
audit/phase-14-browser/after-matrix.json,17035,"""currentSrc"": ""http://127.0.0.1:3000/media/art-directed/london-automotive-brand-film-02-cover/desktop.avif"",","Historical documentation/audit evidence; retained as a record, not current Route 04 or a relationship claim."
audit/phase-14-browser/after-matrix.json,17038,"""src"": ""/media/art-directed/london-automotive-brand-film-02-cover/desktop.jpg""","Historical documentation/audit evidence; retained as a record, not current Route 04 or a relationship claim."
audit/phase-14-browser/after-matrix.json,17769,"""path"": ""/en/work/london-automotive-brand-film"",","Historical documentation/audit evidence; retained as a record, not current Route 04 or a relationship claim."
audit/phase-14-browser/after-matrix.json,17773,"""currentSrc"": ""http://127.0.0.1:3000/media/art-directed/london-automotive-brand-film-01-hero/desktop.avif"",","Historical documentation/audit evidence; retained as a record, not current Route 04 or a relationship claim."
audit/phase-14-browser/after-matrix.json,17774,"""id"": ""london-automotive-brand-film-01-hero"",","Historical documentation/audit evidence; retained as a record, not current Route 04 or a relationship claim."
audit/phase-14-browser/after-matrix.json,17778,"""currentSrc"": ""http://127.0.0.1:3000/media/art-directed/london-automotive-brand-film-02-cover/desktop.avif"",","Historical documentation/audit evidence; retained as a record, not current Route 04 or a relationship claim."
audit/phase-14-browser/after-matrix.json,17779,"""id"": ""london-automotive-brand-film-02-cover"",","Historical documentation/audit evidence; retained as a record, not current Route 04 or a relationship claim."
audit/phase-14-browser/after-matrix.json,17783,"""currentSrc"": ""http://127.0.0.1:3000/media/art-directed/london-automotive-brand-film-03-gallery/desktop.avif"",","Historical documentation/audit evidence; retained as a record, not current Route 04 or a relationship claim."
audit/phase-14-browser/after-matrix.json,17784,"""id"": ""london-automotive-brand-film-03-gallery"",","Historical documentation/audit evidence; retained as a record, not current Route 04 or a relationship claim."
audit/phase-14-browser/after-matrix.json,17789,"""id"": ""london-automotive-brand-film-04-gallery"",","Historical documentation/audit evidence; retained as a record, not current Route 04 or a relationship claim."
audit/phase-14-browser/after-matrix.json,17794,"""id"": ""london-automotive-brand-film-05-gallery"",","Historical documentation/audit evidence; retained as a record, not current Route 04 or a relationship claim."
audit/phase-14-browser/after-matrix.json,17799,"""id"": ""london-automotive-brand-film-06-gallery"",","Historical documentation/audit evidence; retained as a record, not current Route 04 or a relationship claim."
audit/phase-14-browser/after-matrix.json,17804,"""id"": ""london-automotive-brand-film-07-gallery"",","Historical documentation/audit evidence; retained as a record, not current Route 04 or a relationship claim."
audit/phase-14-browser/after-matrix.json,17842,"""alt"": ""London street frame with a red bus from an automotive brand film."",","Historical documentation/audit evidence; retained as a record, not current Route 04 or a relationship claim."
audit/phase-14-browser/after-matrix.json,17844,"""currentSrc"": ""http://127.0.0.1:3000/media/art-directed/london-automotive-brand-film-01-hero/desktop.avif"",","Historical documentation/audit evidence; retained as a record, not current Route 04 or a relationship claim."
audit/phase-14-browser/after-matrix.json,17847,"""src"": ""/media/art-directed/london-automotive-brand-film-01-hero/desktop.jpg""","Historical documentation/audit evidence; retained as a record, not current Route 04 or a relationship claim."
audit/phase-14-browser/after-matrix.json,17852,"""currentSrc"": ""http://127.0.0.1:3000/media/art-directed/london-automotive-brand-film-02-cover/desktop.avif"",","Historical documentation/audit evidence; retained as a record, not current Route 04 or a relationship claim."
audit/phase-14-browser/after-matrix.json,17855,"""src"": ""/media/art-directed/london-automotive-brand-film-02-cover/desktop.jpg""","Historical documentation/audit evidence; retained as a record, not current Route 04 or a relationship claim."
audit/phase-14-browser/after-matrix.json,17860,"""currentSrc"": ""http://127.0.0.1:3000/media/art-directed/london-automotive-brand-film-03-gallery/desktop.avif"",","Historical documentation/audit evidence; retained as a record, not current Route 04 or a relationship claim."
audit/phase-14-browser/after-matrix.json,17863,"""src"": ""/media/art-directed/london-automotive-brand-film-03-gallery/desktop.jpg""","Historical documentation/audit evidence; retained as a record, not current Route 04 or a relationship claim."
audit/phase-14-browser/after-matrix.json,17871,"""src"": ""/media/art-directed/london-automotive-brand-film-04-gallery/desktop.jpg""","Historical documentation/audit evidence; retained as a record, not current Route 04 or a relationship claim."
audit/phase-14-browser/after-matrix.json,17879,"""src"": ""/media/art-directed/london-automotive-brand-film-05-gallery/desktop.jpg""","Historical documentation/audit evidence; retained as a record, not current Route 04 or a relationship claim."
audit/phase-14-browser/after-matrix.json,17887,"""src"": ""/media/art-directed/london-automotive-brand-film-06-gallery/desktop.jpg""","Historical documentation/audit evidence; retained as a record, not current Route 04 or a relationship claim."
audit/phase-14-browser/after-matrix.json,17890,"""alt"": ""Vehicle travelling along a rural road in an aerial film frame."",","Historical documentation/audit evidence; retained as a record, not current Route 04 or a relationship claim."
audit/phase-14-browser/after-matrix.json,17895,"""src"": ""/media/art-directed/london-automotive-brand-film-07-gallery/desktop.jpg""","Historical documentation/audit evidence; retained as a record, not current Route 04 or a relationship claim."
audit/phase-14-browser/after-matrix.json,17908,"""title"": ""London Automotive Brand Story Film | Venus Bridge Media"",","Historical documentation/audit evidence; retained as a record, not current Route 04 or a relationship claim."
audit/phase-14-browser/after-matrix.json,17909,"""url"": ""/en/work/london-automotive-brand-film"",","Historical documentation/audit evidence; retained as a record, not current Route 04 or a relationship claim."
audit/phase-14-browser/after-matrix.json,18467,"""currentSrc"": ""http://127.0.0.1:3000/media/art-directed/london-automotive-brand-film-02-cover/desktop.avif"",","Historical documentation/audit evidence; retained as a record, not current Route 04 or a relationship claim."
audit/phase-14-browser/after-matrix.json,18468,"""id"": ""london-automotive-brand-film-02-cover"",","Historical documentation/audit evidence; retained as a record, not current Route 04 or a relationship claim."
audit/phase-14-browser/after-matrix.json,18552,"""currentSrc"": ""http://127.0.0.1:3000/media/art-directed/london-automotive-brand-film-02-cover/desktop.avif"",","Historical documentation/audit evidence; retained as a record, not current Route 04 or a relationship claim."
audit/phase-14-browser/after-matrix.json,18555,"""src"": ""/media/art-directed/london-automotive-brand-film-02-cover/desktop.jpg""","Historical documentation/audit evidence; retained as a record, not current Route 04 or a relationship claim."
audit/phase-14-browser/before-matrix.json,94,"""assetId"": ""london-automotive-brand-film-02-cover"",","Historical documentation/audit evidence; retained as a record, not current Route 04 or a relationship claim."
audit/phase-14-browser/before-matrix.json,104,"""src"": ""/_next/image?url=%2Fmedia%2Fportfolio%2Fautomotive%2Flondon-automotive-brand-film%2F02-cover.webp&w=3840&q=75""","Historical documentation/audit evidence; retained as a record, not current Route 04 or a relationship claim."
audit/phase-14-browser/before-matrix.json,274,"""assetId"": ""london-automotive-brand-film-02-cover"",","Historical documentation/audit evidence; retained as a record, not current Route 04 or a relationship claim."
audit/phase-14-browser/before-matrix.json,284,"""src"": ""/_next/image?url=%2Fmedia%2Fportfolio%2Fautomotive%2Flondon-automotive-brand-film%2F02-cover.webp&w=3840&q=75""","Historical documentation/audit evidence; retained as a record, not current Route 04 or a relationship claim."
audit/phase-14-browser/before-matrix.json,454,"""assetId"": ""london-automotive-brand-film-02-cover"",","Historical documentation/audit evidence; retained as a record, not current Route 04 or a relationship claim."
audit/phase-14-browser/before-matrix.json,464,"""src"": ""/_next/image?url=%2Fmedia%2Fportfolio%2Fautomotive%2Flondon-automotive-brand-film%2F02-cover.webp&w=3840&q=75""","Historical documentation/audit evidence; retained as a record, not current Route 04 or a relationship claim."
audit/phase-14-browser/before-matrix.json,634,"""assetId"": ""london-automotive-brand-film-02-cover"",","Historical documentation/audit evidence; retained as a record, not current Route 04 or a relationship claim."
audit/phase-14-browser/before-matrix.json,644,"""src"": ""/_next/image?url=%2Fmedia%2Fportfolio%2Fautomotive%2Flondon-automotive-brand-film%2F02-cover.webp&w=3840&q=75""","Historical documentation/audit evidence; retained as a record, not current Route 04 or a relationship claim."
audit/phase-14-browser/before-matrix.json,814,"""assetId"": ""london-automotive-brand-film-02-cover"",","Historical documentation/audit evidence; retained as a record, not current Route 04 or a relationship claim."
audit/phase-14-browser/before-matrix.json,824,"""src"": ""/_next/image?url=%2Fmedia%2Fportfolio%2Fautomotive%2Flondon-automotive-brand-film%2F02-cover.webp&w=3840&q=75""","Historical documentation/audit evidence; retained as a record, not current Route 04 or a relationship claim."
audit/phase-14-browser/before-matrix.json,994,"""assetId"": ""london-automotive-brand-film-02-cover"",","Historical documentation/audit evidence; retained as a record, not current Route 04 or a relationship claim."
audit/phase-14-browser/before-matrix.json,1004,"""src"": ""/_next/image?url=%2Fmedia%2Fportfolio%2Fautomotive%2Flondon-automotive-brand-film%2F02-cover.webp&w=3840&q=75""","Historical documentation/audit evidence; retained as a record, not current Route 04 or a relationship claim."
audit/phase-14-browser/before-matrix.json,1610,"""assetId"": ""london-automotive-brand-film-02-cover"",","Historical documentation/audit evidence; retained as a record, not current Route 04 or a relationship claim."
audit/phase-14-browser/before-matrix.json,1620,"""src"": ""/_next/image?url=%2Fmedia%2Fportfolio%2Fautomotive%2Flondon-automotive-brand-film%2F02-cover.webp&w=3840&q=75""","Historical documentation/audit evidence; retained as a record, not current Route 04 or a relationship claim."
audit/phase-14-browser/before-matrix.json,1774,"""assetId"": ""london-automotive-brand-film-02-cover"",","Historical documentation/audit evidence; retained as a record, not current Route 04 or a relationship claim."
audit/phase-14-browser/before-matrix.json,1784,"""src"": ""/_next/image?url=%2Fmedia%2Fportfolio%2Fautomotive%2Flondon-automotive-brand-film%2F02-cover.webp&w=3840&q=75""","Historical documentation/audit evidence; retained as a record, not current Route 04 or a relationship claim."
audit/phase-14-browser/before-matrix.json,1938,"""assetId"": ""london-automotive-brand-film-02-cover"",","Historical documentation/audit evidence; retained as a record, not current Route 04 or a relationship claim."
audit/phase-14-browser/before-matrix.json,1948,"""src"": ""/_next/image?url=%2Fmedia%2Fportfolio%2Fautomotive%2Flondon-automotive-brand-film%2F02-cover.webp&w=3840&q=75""","Historical documentation/audit evidence; retained as a record, not current Route 04 or a relationship claim."
audit/phase-14-browser/before-matrix.json,2102,"""assetId"": ""london-automotive-brand-film-02-cover"",","Historical documentation/audit evidence; retained as a record, not current Route 04 or a relationship claim."
audit/phase-14-browser/before-matrix.json,2112,"""src"": ""/_next/image?url=%2Fmedia%2Fportfolio%2Fautomotive%2Flondon-automotive-brand-film%2F02-cover.webp&w=3840&q=75""","Historical documentation/audit evidence; retained as a record, not current Route 04 or a relationship claim."
audit/phase-14-browser/before-matrix.json,2266,"""assetId"": ""london-automotive-brand-film-02-cover"",","Historical documentation/audit evidence; retained as a record, not current Route 04 or a relationship claim."
audit/phase-14-browser/before-matrix.json,2276,"""src"": ""/_next/image?url=%2Fmedia%2Fportfolio%2Fautomotive%2Flondon-automotive-brand-film%2F02-cover.webp&w=3840&q=75""","Historical documentation/audit evidence; retained as a record, not current Route 04 or a relationship claim."
audit/phase-14-browser/before-matrix.json,2430,"""assetId"": ""london-automotive-brand-film-02-cover"",","Historical documentation/audit evidence; retained as a record, not current Route 04 or a relationship claim."
audit/phase-14-browser/before-matrix.json,2440,"""src"": ""/_next/image?url=%2Fmedia%2Fportfolio%2Fautomotive%2Flondon-automotive-brand-film%2F02-cover.webp&w=3840&q=75""","Historical documentation/audit evidence; retained as a record, not current Route 04 or a relationship claim."
audit/phase-14-browser/before-matrix.json,3592,"""assetId"": ""london-automotive-brand-film-02-cover"",","Historical documentation/audit evidence; retained as a record, not current Route 04 or a relationship claim."
audit/phase-14-browser/before-matrix.json,3602,"""src"": ""/_next/image?url=%2Fmedia%2Fportfolio%2Fautomotive%2Flondon-automotive-brand-film%2F02-cover.webp&w=3840&q=75""","Historical documentation/audit evidence; retained as a record, not current Route 04 or a relationship claim."
audit/phase-14-browser/before-matrix.json,3686,"""assetId"": ""london-automotive-brand-film-02-cover"",","Historical documentation/audit evidence; retained as a record, not current Route 04 or a relationship claim."
audit/phase-14-browser/before-matrix.json,3696,"""src"": ""/_next/image?url=%2Fmedia%2Fportfolio%2Fautomotive%2Flondon-automotive-brand-film%2F02-cover.webp&w=3840&q=75""","Historical documentation/audit evidence; retained as a record, not current Route 04 or a relationship claim."
audit/phase-14-browser/before-matrix.json,3780,"""assetId"": ""london-automotive-brand-film-02-cover"",","Historical documentation/audit evidence; retained as a record, not current Route 04 or a relationship claim."
audit/phase-14-browser/before-matrix.json,3790,"""src"": ""/_next/image?url=%2Fmedia%2Fportfolio%2Fautomotive%2Flondon-automotive-brand-film%2F02-cover.webp&w=3840&q=75""","Historical documentation/audit evidence; retained as a record, not current Route 04 or a relationship claim."
audit/phase-14-browser/before-matrix.json,3874,"""assetId"": ""london-automotive-brand-film-02-cover"",","Historical documentation/audit evidence; retained as a record, not current Route 04 or a relationship claim."
audit/phase-14-browser/before-matrix.json,3884,"""src"": ""/_next/image?url=%2Fmedia%2Fportfolio%2Fautomotive%2Flondon-automotive-brand-film%2F02-cover.webp&w=3840&q=75""","Historical documentation/audit evidence; retained as a record, not current Route 04 or a relationship claim."
audit/phase-14-browser/before-matrix.json,3968,"""assetId"": ""london-automotive-brand-film-02-cover"",","Historical documentation/audit evidence; retained as a record, not current Route 04 or a relationship claim."
audit/phase-14-browser/before-matrix.json,3978,"""src"": ""/_next/image?url=%2Fmedia%2Fportfolio%2Fautomotive%2Flondon-automotive-brand-film%2F02-cover.webp&w=3840&q=75""","Historical documentation/audit evidence; retained as a record, not current Route 04 or a relationship claim."
audit/phase-14-browser/before-matrix.json,4062,"""assetId"": ""london-automotive-brand-film-02-cover"",","Historical documentation/audit evidence; retained as a record, not current Route 04 or a relationship claim."
audit/phase-14-browser/before-matrix.json,4072,"""src"": ""/_next/image?url=%2Fmedia%2Fportfolio%2Fautomotive%2Flondon-automotive-brand-film%2F02-cover.webp&w=3840&q=75""","Historical documentation/audit evidence; retained as a record, not current Route 04 or a relationship claim."
audit/phase-14-browser/before-matrix.json,8446,"""assetId"": ""london-automotive-brand-film-02-cover"",","Historical documentation/audit evidence; retained as a record, not current Route 04 or a relationship claim."
audit/phase-14-browser/before-matrix.json,8456,"""src"": ""/_next/image?url=%2Fmedia%2Fportfolio%2Fautomotive%2Flondon-automotive-brand-film%2F02-cover.webp&w=3840&q=75""","Historical documentation/audit evidence; retained as a record, not current Route 04 or a relationship claim."
audit/phase-14-browser/before-matrix.json,8638,"""assetId"": ""london-automotive-brand-film-02-cover"",","Historical documentation/audit evidence; retained as a record, not current Route 04 or a relationship claim."
audit/phase-14-browser/before-matrix.json,8648,"""src"": ""/_next/image?url=%2Fmedia%2Fportfolio%2Fautomotive%2Flondon-automotive-brand-film%2F02-cover.webp&w=3840&q=75""","Historical documentation/audit evidence; retained as a record, not current Route 04 or a relationship claim."
audit/phase-14-browser/before-matrix.json,8830,"""assetId"": ""london-automotive-brand-film-02-cover"",","Historical documentation/audit evidence; retained as a record, not current Route 04 or a relationship claim."
audit/phase-14-browser/before-matrix.json,8833,"""currentSrc"": ""http://127.0.0.1:3000/_next/image?url=%2Fmedia%2Fportfolio%2Fautomotive%2Flondon-automotive-brand-film%2F02-cover.webp&w=384&q=75"",","Historical documentation/audit evidence; retained as a record, not current Route 04 or a relationship claim."
audit/phase-14-browser/before-matrix.json,8840,"""src"": ""/_next/image?url=%2Fmedia%2Fportfolio%2Fautomotive%2Flondon-automotive-brand-film%2F02-cover.webp&w=3840&q=75""","Historical documentation/audit evidence; retained as a record, not current Route 04 or a relationship claim."
audit/phase-14-browser/before-matrix.json,9022,"""assetId"": ""london-automotive-brand-film-02-cover"",","Historical documentation/audit evidence; retained as a record, not current Route 04 or a relationship claim."
audit/phase-14-browser/before-matrix.json,9025,"""currentSrc"": ""http://127.0.0.1:3000/_next/image?url=%2Fmedia%2Fportfolio%2Fautomotive%2Flondon-automotive-brand-film%2F02-cover.webp&w=384&q=75"",","Historical documentation/audit evidence; retained as a record, not current Route 04 or a relationship claim."
audit/phase-14-browser/before-matrix.json,9032,"""src"": ""/_next/image?url=%2Fmedia%2Fportfolio%2Fautomotive%2Flondon-automotive-brand-film%2F02-cover.webp&w=3840&q=75""","Historical documentation/audit evidence; retained as a record, not current Route 04 or a relationship claim."
audit/phase-14-browser/before-matrix.json,9216,"""assetId"": ""london-automotive-brand-film-02-cover"",","Historical documentation/audit evidence; retained as a record, not current Route 04 or a relationship claim."
audit/phase-14-browser/before-matrix.json,9219,"""currentSrc"": ""http://127.0.0.1:3000/_next/image?url=%2Fmedia%2Fportfolio%2Fautomotive%2Flondon-automotive-brand-film%2F02-cover.webp&w=640&q=75"",","Historical documentation/audit evidence; retained as a record, not current Route 04 or a relationship claim."
audit/phase-14-browser/before-matrix.json,9226,"""src"": ""/_next/image?url=%2Fmedia%2Fportfolio%2Fautomotive%2Flondon-automotive-brand-film%2F02-cover.webp&w=3840&q=75""","Historical documentation/audit evidence; retained as a record, not current Route 04 or a relationship claim."
audit/phase-14-browser/before-matrix.json,9408,"""assetId"": ""london-automotive-brand-film-02-cover"",","Historical documentation/audit evidence; retained as a record, not current Route 04 or a relationship claim."
audit/phase-14-browser/before-matrix.json,9411,"""currentSrc"": ""http://127.0.0.1:3000/_next/image?url=%2Fmedia%2Fportfolio%2Fautomotive%2Flondon-automotive-brand-film%2F02-cover.webp&w=640&q=75"",","Historical documentation/audit evidence; retained as a record, not current Route 04 or a relationship claim."
audit/phase-14-browser/before-matrix.json,9418,"""src"": ""/_next/image?url=%2Fmedia%2Fportfolio%2Fautomotive%2Flondon-automotive-brand-film%2F02-cover.webp&w=3840&q=75""","Historical documentation/audit evidence; retained as a record, not current Route 04 or a relationship claim."
audit/phase-14-browser/before-matrix.json,14455,"""alt"": ""London street frame with a red bus from an automotive brand film."",","Historical documentation/audit evidence; retained as a record, not current Route 04 or a relationship claim."
audit/phase-14-browser/before-matrix.json,14456,"""assetId"": ""london-automotive-brand-film-01-hero"",","Historical documentation/audit evidence; retained as a record, not current Route 04 or a relationship claim."
audit/phase-14-browser/before-matrix.json,14459,"""currentSrc"": ""http://127.0.0.1:3000/_next/image?url=%2Fmedia%2Fportfolio%2Fautomotive%2Flondon-automotive-brand-film%2F01-hero.webp&w=640&q=75"",","Historical documentation/audit evidence; retained as a record, not current Route 04 or a relationship claim."
audit/phase-14-browser/before-matrix.json,14466,"""src"": ""/_next/image?url=%2Fmedia%2Fportfolio%2Fautomotive%2Flondon-automotive-brand-film%2F01-hero.webp&w=3840&q=75""","Historical documentation/audit evidence; retained as a record, not current Route 04 or a relationship claim."
audit/phase-14-browser/before-matrix.json,14470,"""assetId"": ""london-automotive-brand-film-02-cover"",","Historical documentation/audit evidence; retained as a record, not current Route 04 or a relationship claim."
audit/phase-14-browser/before-matrix.json,14480,"""src"": ""/_next/image?url=%2Fmedia%2Fportfolio%2Fautomotive%2Flondon-automotive-brand-film%2F02-cover.webp&w=3840&q=75""","Historical documentation/audit evidence; retained as a record, not current Route 04 or a relationship claim."
audit/phase-14-browser/before-matrix.json,14484,"""assetId"": ""london-automotive-brand-film-03-gallery"",","Historical documentation/audit evidence; retained as a record, not current Route 04 or a relationship claim."
audit/phase-14-browser/before-matrix.json,14494,"""src"": ""/_next/image?url=%2Fmedia%2Fportfolio%2Fautomotive%2Flondon-automotive-brand-film%2F03-gallery.webp&w=3840&q=75""","Historical documentation/audit evidence; retained as a record, not current Route 04 or a relationship claim."
audit/phase-14-browser/before-matrix.json,14498,"""assetId"": ""london-automotive-brand-film-04-gallery"",","Historical documentation/audit evidence; retained as a record, not current Route 04 or a relationship claim."
audit/phase-14-browser/before-matrix.json,14508,"""src"": ""/_next/image?url=%2Fmedia%2Fportfolio%2Fautomotive%2Flondon-automotive-brand-film%2F04-gallery.webp&w=3840&q=75""","Historical documentation/audit evidence; retained as a record, not current Route 04 or a relationship claim."
audit/phase-14-browser/before-matrix.json,14512,"""assetId"": ""london-automotive-brand-film-05-gallery"",","Historical documentation/audit evidence; retained as a record, not current Route 04 or a relationship claim."
audit/phase-14-browser/before-matrix.json,14522,"""src"": ""/_next/image?url=%2Fmedia%2Fportfolio%2Fautomotive%2Flondon-automotive-brand-film%2F05-gallery.webp&w=3840&q=75""","Historical documentation/audit evidence; retained as a record, not current Route 04 or a relationship claim."
audit/phase-14-browser/before-matrix.json,14526,"""assetId"": ""london-automotive-brand-film-06-gallery"",","Historical documentation/audit evidence; retained as a record, not current Route 04 or a relationship claim."
audit/phase-14-browser/before-matrix.json,14536,"""src"": ""/_next/image?url=%2Fmedia%2Fportfolio%2Fautomotive%2Flondon-automotive-brand-film%2F06-gallery.webp&w=3840&q=75""","Historical documentation/audit evidence; retained as a record, not current Route 04 or a relationship claim."
audit/phase-14-browser/before-matrix.json,14539,"""alt"": ""Vehicle travelling along a rural road in an aerial film frame."",","Historical documentation/audit evidence; retained as a record, not current Route 04 or a relationship claim."
audit/phase-14-browser/before-matrix.json,14540,"""assetId"": ""london-automotive-brand-film-07-gallery"",","Historical documentation/audit evidence; retained as a record, not current Route 04 or a relationship claim."
audit/phase-14-browser/before-matrix.json,14550,"""src"": ""/_next/image?url=%2Fmedia%2Fportfolio%2Fautomotive%2Flondon-automotive-brand-film%2F07-gallery.webp&w=3840&q=75""","Historical documentation/audit evidence; retained as a record, not current Route 04 or a relationship claim."
audit/phase-14-browser/before-matrix.json,14569,"""path"": ""/en/work/london-automotive-brand-film"",","Historical documentation/audit evidence; retained as a record, not current Route 04 or a relationship claim."
audit/phase-14-browser/before-matrix.json,14619,"""alt"": ""London street frame with a red bus from an automotive brand film."",","Historical documentation/audit evidence; retained as a record, not current Route 04 or a relationship claim."
audit/phase-14-browser/before-matrix.json,14620,"""assetId"": ""london-automotive-brand-film-01-hero"",","Historical documentation/audit evidence; retained as a record, not current Route 04 or a relationship claim."
audit/phase-14-browser/before-matrix.json,14623,"""currentSrc"": ""http://127.0.0.1:3000/_next/image?url=%2Fmedia%2Fportfolio%2Fautomotive%2Flondon-automotive-brand-film%2F01-hero.webp&w=640&q=75"",","Historical documentation/audit evidence; retained as a record, not current Route 04 or a relationship claim."
audit/phase-14-browser/before-matrix.json,14630,"""src"": ""/_next/image?url=%2Fmedia%2Fportfolio%2Fautomotive%2Flondon-automotive-brand-film%2F01-hero.webp&w=3840&q=75""","Historical documentation/audit evidence; retained as a record, not current Route 04 or a relationship claim."
audit/phase-14-browser/before-matrix.json,14634,"""assetId"": ""london-automotive-brand-film-02-cover"",","Historical documentation/audit evidence; retained as a record, not current Route 04 or a relationship claim."
audit/phase-14-browser/before-matrix.json,14637,"""currentSrc"": ""http://127.0.0.1:3000/_next/image?url=%2Fmedia%2Fportfolio%2Fautomotive%2Flondon-automotive-brand-film%2F02-cover.webp&w=640&q=75"",","Historical documentation/audit evidence; retained as a record, not current Route 04 or a relationship claim."
audit/phase-14-browser/before-matrix.json,14644,"""src"": ""/_next/image?url=%2Fmedia%2Fportfolio%2Fautomotive%2Flondon-automotive-brand-film%2F02-cover.webp&w=3840&q=75""","Historical documentation/audit evidence; retained as a record, not current Route 04 or a relationship claim."
audit/phase-14-browser/before-matrix.json,14648,"""assetId"": ""london-automotive-brand-film-03-gallery"",","Historical documentation/audit evidence; retained as a record, not current Route 04 or a relationship claim."
audit/phase-14-browser/before-matrix.json,14658,"""src"": ""/_next/image?url=%2Fmedia%2Fportfolio%2Fautomotive%2Flondon-automotive-brand-film%2F03-gallery.webp&w=3840&q=75""","Historical documentation/audit evidence; retained as a record, not current Route 04 or a relationship claim."
audit/phase-14-browser/before-matrix.json,14662,"""assetId"": ""london-automotive-brand-film-04-gallery"",","Historical documentation/audit evidence; retained as a record, not current Route 04 or a relationship claim."
audit/phase-14-browser/before-matrix.json,14672,"""src"": ""/_next/image?url=%2Fmedia%2Fportfolio%2Fautomotive%2Flondon-automotive-brand-film%2F04-gallery.webp&w=3840&q=75""","Historical documentation/audit evidence; retained as a record, not current Route 04 or a relationship claim."
audit/phase-14-browser/before-matrix.json,14676,"""assetId"": ""london-automotive-brand-film-05-gallery"",","Historical documentation/audit evidence; retained as a record, not current Route 04 or a relationship claim."
audit/phase-14-browser/before-matrix.json,14686,"""src"": ""/_next/image?url=%2Fmedia%2Fportfolio%2Fautomotive%2Flondon-automotive-brand-film%2F05-gallery.webp&w=3840&q=75""","Historical documentation/audit evidence; retained as a record, not current Route 04 or a relationship claim."
audit/phase-14-browser/before-matrix.json,14690,"""assetId"": ""london-automotive-brand-film-06-gallery"",","Historical documentation/audit evidence; retained as a record, not current Route 04 or a relationship claim."
audit/phase-14-browser/before-matrix.json,14700,"""src"": ""/_next/image?url=%2Fmedia%2Fportfolio%2Fautomotive%2Flondon-automotive-brand-film%2F06-gallery.webp&w=3840&q=75""","Historical documentation/audit evidence; retained as a record, not current Route 04 or a relationship claim."
audit/phase-14-browser/before-matrix.json,14703,"""alt"": ""Vehicle travelling along a rural road in an aerial film frame."",","Historical documentation/audit evidence; retained as a record, not current Route 04 or a relationship claim."
audit/phase-14-browser/before-matrix.json,14704,"""assetId"": ""london-automotive-brand-film-07-gallery"",","Historical documentation/audit evidence; retained as a record, not current Route 04 or a relationship claim."
audit/phase-14-browser/before-matrix.json,14714,"""src"": ""/_next/image?url=%2Fmedia%2Fportfolio%2Fautomotive%2Flondon-automotive-brand-film%2F07-gallery.webp&w=3840&q=75""","Historical documentation/audit evidence; retained as a record, not current Route 04 or a relationship claim."
audit/phase-14-browser/before-matrix.json,14733,"""path"": ""/en/work/london-automotive-brand-film"",","Historical documentation/audit evidence; retained as a record, not current Route 04 or a relationship claim."
audit/phase-14-browser/before-matrix.json,14783,"""alt"": ""London street frame with a red bus from an automotive brand film."",","Historical documentation/audit evidence; retained as a record, not current Route 04 or a relationship claim."
audit/phase-14-browser/before-matrix.json,14784,"""assetId"": ""london-automotive-brand-film-01-hero"",","Historical documentation/audit evidence; retained as a record, not current Route 04 or a relationship claim."
audit/phase-14-browser/before-matrix.json,14787,"""currentSrc"": ""http://127.0.0.1:3000/_next/image?url=%2Fmedia%2Fportfolio%2Fautomotive%2Flondon-automotive-brand-film%2F01-hero.webp&w=828&q=75"",","Historical documentation/audit evidence; retained as a record, not current Route 04 or a relationship claim."
audit/phase-14-browser/before-matrix.json,14794,"""src"": ""/_next/image?url=%2Fmedia%2Fportfolio%2Fautomotive%2Flondon-automotive-brand-film%2F01-hero.webp&w=3840&q=75""","Historical documentation/audit evidence; retained as a record, not current Route 04 or a relationship claim."
audit/phase-14-browser/before-matrix.json,14798,"""assetId"": ""london-automotive-brand-film-02-cover"",","Historical documentation/audit evidence; retained as a record, not current Route 04 or a relationship claim."
audit/phase-14-browser/before-matrix.json,14801,"""currentSrc"": ""http://127.0.0.1:3000/_next/image?url=%2Fmedia%2Fportfolio%2Fautomotive%2Flondon-automotive-brand-film%2F02-cover.webp&w=640&q=75"",","Historical documentation/audit evidence; retained as a record, not current Route 04 or a relationship claim."
audit/phase-14-browser/before-matrix.json,14808,"""src"": ""/_next/image?url=%2Fmedia%2Fportfolio%2Fautomotive%2Flondon-automotive-brand-film%2F02-cover.webp&w=3840&q=75""","Historical documentation/audit evidence; retained as a record, not current Route 04 or a relationship claim."
audit/phase-14-browser/before-matrix.json,14812,"""assetId"": ""london-automotive-brand-film-03-gallery"",","Historical documentation/audit evidence; retained as a record, not current Route 04 or a relationship claim."
audit/phase-14-browser/before-matrix.json,14815,"""currentSrc"": ""http://127.0.0.1:3000/_next/image?url=%2Fmedia%2Fportfolio%2Fautomotive%2Flondon-automotive-brand-film%2F03-gallery.webp&w=256&q=75"",","Historical documentation/audit evidence; retained as a record, not current Route 04 or a relationship claim."
audit/phase-14-browser/before-matrix.json,14822,"""src"": ""/_next/image?url=%2Fmedia%2Fportfolio%2Fautomotive%2Flondon-automotive-brand-film%2F03-gallery.webp&w=3840&q=75""","Historical documentation/audit evidence; retained as a record, not current Route 04 or a relationship claim."
audit/phase-14-browser/before-matrix.json,14826,"""assetId"": ""london-automotive-brand-film-04-gallery"",","Historical documentation/audit evidence; retained as a record, not current Route 04 or a relationship claim."
audit/phase-14-browser/before-matrix.json,14829,"""currentSrc"": ""http://127.0.0.1:3000/_next/image?url=%2Fmedia%2Fportfolio%2Fautomotive%2Flondon-automotive-brand-film%2F04-gallery.webp&w=256&q=75"",","Historical documentation/audit evidence; retained as a record, not current Route 04 or a relationship claim."
audit/phase-14-browser/before-matrix.json,14836,"""src"": ""/_next/image?url=%2Fmedia%2Fportfolio%2Fautomotive%2Flondon-automotive-brand-film%2F04-gallery.webp&w=3840&q=75""","Historical documentation/audit evidence; retained as a record, not current Route 04 or a relationship claim."
audit/phase-14-browser/before-matrix.json,14840,"""assetId"": ""london-automotive-brand-film-05-gallery"",","Historical documentation/audit evidence; retained as a record, not current Route 04 or a relationship claim."
audit/phase-14-browser/before-matrix.json,14843,"""currentSrc"": ""http://127.0.0.1:3000/_next/image?url=%2Fmedia%2Fportfolio%2Fautomotive%2Flondon-automotive-brand-film%2F05-gallery.webp&w=640&q=75"",","Historical documentation/audit evidence; retained as a record, not current Route 04 or a relationship claim."
audit/phase-14-browser/before-matrix.json,14850,"""src"": ""/_next/image?url=%2Fmedia%2Fportfolio%2Fautomotive%2Flondon-automotive-brand-film%2F05-gallery.webp&w=3840&q=75""","Historical documentation/audit evidence; retained as a record, not current Route 04 or a relationship claim."
audit/phase-14-browser/before-matrix.json,14854,"""assetId"": ""london-automotive-brand-film-06-gallery"",","Historical documentation/audit evidence; retained as a record, not current Route 04 or a relationship claim."
audit/phase-14-browser/before-matrix.json,14864,"""src"": ""/_next/image?url=%2Fmedia%2Fportfolio%2Fautomotive%2Flondon-automotive-brand-film%2F06-gallery.webp&w=3840&q=75""","Historical documentation/audit evidence; retained as a record, not current Route 04 or a relationship claim."
audit/phase-14-browser/before-matrix.json,14867,"""alt"": ""Vehicle travelling along a rural road in an aerial film frame."",","Historical documentation/audit evidence; retained as a record, not current Route 04 or a relationship claim."
audit/phase-14-browser/before-matrix.json,14868,"""assetId"": ""london-automotive-brand-film-07-gallery"",","Historical documentation/audit evidence; retained as a record, not current Route 04 or a relationship claim."
audit/phase-14-browser/before-matrix.json,14878,"""src"": ""/_next/image?url=%2Fmedia%2Fportfolio%2Fautomotive%2Flondon-automotive-brand-film%2F07-gallery.webp&w=3840&q=75""","Historical documentation/audit evidence; retained as a record, not current Route 04 or a relationship claim."
audit/phase-14-browser/before-matrix.json,14897,"""path"": ""/en/work/london-automotive-brand-film"",","Historical documentation/audit evidence; retained as a record, not current Route 04 or a relationship claim."
audit/phase-14-browser/before-matrix.json,14949,"""alt"": ""London street frame with a red bus from an automotive brand film."",","Historical documentation/audit evidence; retained as a record, not current Route 04 or a relationship claim."
audit/phase-14-browser/before-matrix.json,14950,"""assetId"": ""london-automotive-brand-film-01-hero"",","Historical documentation/audit evidence; retained as a record, not current Route 04 or a relationship claim."
audit/phase-14-browser/before-matrix.json,14953,"""currentSrc"": ""http://127.0.0.1:3000/_next/image?url=%2Fmedia%2Fportfolio%2Fautomotive%2Flondon-automotive-brand-film%2F01-hero.webp&w=1080&q=75"",","Historical documentation/audit evidence; retained as a record, not current Route 04 or a relationship claim."
audit/phase-14-browser/before-matrix.json,14960,"""src"": ""/_next/image?url=%2Fmedia%2Fportfolio%2Fautomotive%2Flondon-automotive-brand-film%2F01-hero.webp&w=3840&q=75""","Historical documentation/audit evidence; retained as a record, not current Route 04 or a relationship claim."
audit/phase-14-browser/before-matrix.json,14964,"""assetId"": ""london-automotive-brand-film-02-cover"",","Historical documentation/audit evidence; retained as a record, not current Route 04 or a relationship claim."
audit/phase-14-browser/before-matrix.json,14967,"""currentSrc"": ""http://127.0.0.1:3000/_next/image?url=%2Fmedia%2Fportfolio%2Fautomotive%2Flondon-automotive-brand-film%2F02-cover.webp&w=750&q=75"",","Historical documentation/audit evidence; retained as a record, not current Route 04 or a relationship claim."
audit/phase-14-browser/before-matrix.json,14974,"""src"": ""/_next/image?url=%2Fmedia%2Fportfolio%2Fautomotive%2Flondon-automotive-brand-film%2F02-cover.webp&w=3840&q=75""","Historical documentation/audit evidence; retained as a record, not current Route 04 or a relationship claim."
audit/phase-14-browser/before-matrix.json,14978,"""assetId"": ""london-automotive-brand-film-03-gallery"",","Historical documentation/audit evidence; retained as a record, not current Route 04 or a relationship claim."
audit/phase-14-browser/before-matrix.json,14981,"""currentSrc"": ""http://127.0.0.1:3000/_next/image?url=%2Fmedia%2Fportfolio%2Fautomotive%2Flondon-automotive-brand-film%2F03-gallery.webp&w=384&q=75"",","Historical documentation/audit evidence; retained as a record, not current Route 04 or a relationship claim."
audit/phase-14-browser/before-matrix.json,14988,"""src"": ""/_next/image?url=%2Fmedia%2Fportfolio%2Fautomotive%2Flondon-automotive-brand-film%2F03-gallery.webp&w=3840&q=75""","Historical documentation/audit evidence; retained as a record, not current Route 04 or a relationship claim."
audit/phase-14-browser/before-matrix.json,14992,"""assetId"": ""london-automotive-brand-film-04-gallery"",","Historical documentation/audit evidence; retained as a record, not current Route 04 or a relationship claim."
audit/phase-14-browser/before-matrix.json,14995,"""currentSrc"": ""http://127.0.0.1:3000/_next/image?url=%2Fmedia%2Fportfolio%2Fautomotive%2Flondon-automotive-brand-film%2F04-gallery.webp&w=384&q=75"",","Historical documentation/audit evidence; retained as a record, not current Route 04 or a relationship claim."
audit/phase-14-browser/before-matrix.json,15002,"""src"": ""/_next/image?url=%2Fmedia%2Fportfolio%2Fautomotive%2Flondon-automotive-brand-film%2F04-gallery.webp&w=3840&q=75""","Historical documentation/audit evidence; retained as a record, not current Route 04 or a relationship claim."
audit/phase-14-browser/before-matrix.json,15006,"""assetId"": ""london-automotive-brand-film-05-gallery"",","Historical documentation/audit evidence; retained as a record, not current Route 04 or a relationship claim."
audit/phase-14-browser/before-matrix.json,15009,"""currentSrc"": ""http://127.0.0.1:3000/_next/image?url=%2Fmedia%2Fportfolio%2Fautomotive%2Flondon-automotive-brand-film%2F05-gallery.webp&w=750&q=75"",","Historical documentation/audit evidence; retained as a record, not current Route 04 or a relationship claim."
audit/phase-14-browser/before-matrix.json,15016,"""src"": ""/_next/image?url=%2Fmedia%2Fportfolio%2Fautomotive%2Flondon-automotive-brand-film%2F05-gallery.webp&w=3840&q=75""","Historical documentation/audit evidence; retained as a record, not current Route 04 or a relationship claim."
audit/phase-14-browser/before-matrix.json,15020,"""assetId"": ""london-automotive-brand-film-06-gallery"",","Historical documentation/audit evidence; retained as a record, not current Route 04 or a relationship claim."
audit/phase-14-browser/before-matrix.json,15030,"""src"": ""/_next/image?url=%2Fmedia%2Fportfolio%2Fautomotive%2Flondon-automotive-brand-film%2F06-gallery.webp&w=3840&q=75""","Historical documentation/audit evidence; retained as a record, not current Route 04 or a relationship claim."
audit/phase-14-browser/before-matrix.json,15033,"""alt"": ""Vehicle travelling along a rural road in an aerial film frame."",","Historical documentation/audit evidence; retained as a record, not current Route 04 or a relationship claim."
audit/phase-14-browser/before-matrix.json,15034,"""assetId"": ""london-automotive-brand-film-07-gallery"",","Historical documentation/audit evidence; retained as a record, not current Route 04 or a relationship claim."
audit/phase-14-browser/before-matrix.json,15044,"""src"": ""/_next/image?url=%2Fmedia%2Fportfolio%2Fautomotive%2Flondon-automotive-brand-film%2F07-gallery.webp&w=3840&q=75""","Historical documentation/audit evidence; retained as a record, not current Route 04 or a relationship claim."
audit/phase-14-browser/before-matrix.json,15063,"""path"": ""/en/work/london-automotive-brand-film"",","Historical documentation/audit evidence; retained as a record, not current Route 04 or a relationship claim."
audit/phase-14-browser/before-matrix.json,15115,"""alt"": ""London street frame with a red bus from an automotive brand film."",","Historical documentation/audit evidence; retained as a record, not current Route 04 or a relationship claim."
audit/phase-14-browser/before-matrix.json,15116,"""assetId"": ""london-automotive-brand-film-01-hero"",","Historical documentation/audit evidence; retained as a record, not current Route 04 or a relationship claim."
audit/phase-14-browser/before-matrix.json,15119,"""currentSrc"": ""http://127.0.0.1:3000/_next/image?url=%2Fmedia%2Fportfolio%2Fautomotive%2Flondon-automotive-brand-film%2F01-hero.webp&w=1920&q=75"",","Historical documentation/audit evidence; retained as a record, not current Route 04 or a relationship claim."
audit/phase-14-browser/before-matrix.json,15126,"""src"": ""/_next/image?url=%2Fmedia%2Fportfolio%2Fautomotive%2Flondon-automotive-brand-film%2F01-hero.webp&w=3840&q=75""","Historical documentation/audit evidence; retained as a record, not current Route 04 or a relationship claim."
audit/phase-14-browser/before-matrix.json,15130,"""assetId"": ""london-automotive-brand-film-02-cover"",","Historical documentation/audit evidence; retained as a record, not current Route 04 or a relationship claim."
audit/phase-14-browser/before-matrix.json,15133,"""currentSrc"": ""http://127.0.0.1:3000/_next/image?url=%2Fmedia%2Fportfolio%2Fautomotive%2Flondon-automotive-brand-film%2F02-cover.webp&w=1080&q=75"",","Historical documentation/audit evidence; retained as a record, not current Route 04 or a relationship claim."
audit/phase-14-browser/before-matrix.json,15140,"""src"": ""/_next/image?url=%2Fmedia%2Fportfolio%2Fautomotive%2Flondon-automotive-brand-film%2F02-cover.webp&w=3840&q=75""","Historical documentation/audit evidence; retained as a record, not current Route 04 or a relationship claim."
audit/phase-14-browser/before-matrix.json,15144,"""assetId"": ""london-automotive-brand-film-03-gallery"",","Historical documentation/audit evidence; retained as a record, not current Route 04 or a relationship claim."
audit/phase-14-browser/before-matrix.json,15147,"""currentSrc"": ""http://127.0.0.1:3000/_next/image?url=%2Fmedia%2Fportfolio%2Fautomotive%2Flondon-automotive-brand-film%2F03-gallery.webp&w=640&q=75"",","Historical documentation/audit evidence; retained as a record, not current Route 04 or a relationship claim."
audit/phase-14-browser/before-matrix.json,15154,"""src"": ""/_next/image?url=%2Fmedia%2Fportfolio%2Fautomotive%2Flondon-automotive-brand-film%2F03-gallery.webp&w=3840&q=75""","Historical documentation/audit evidence; retained as a record, not current Route 04 or a relationship claim."
audit/phase-14-browser/before-matrix.json,15158,"""assetId"": ""london-automotive-brand-film-04-gallery"",","Historical documentation/audit evidence; retained as a record, not current Route 04 or a relationship claim."
audit/phase-14-browser/before-matrix.json,15168,"""src"": ""/_next/image?url=%2Fmedia%2Fportfolio%2Fautomotive%2Flondon-automotive-brand-film%2F04-gallery.webp&w=3840&q=75""","Historical documentation/audit evidence; retained as a record, not current Route 04 or a relationship claim."
audit/phase-14-browser/before-matrix.json,15172,"""assetId"": ""london-automotive-brand-film-05-gallery"",","Historical documentation/audit evidence; retained as a record, not current Route 04 or a relationship claim."
audit/phase-14-browser/before-matrix.json,15182,"""src"": ""/_next/image?url=%2Fmedia%2Fportfolio%2Fautomotive%2Flondon-automotive-brand-film%2F05-gallery.webp&w=3840&q=75""","Historical documentation/audit evidence; retained as a record, not current Route 04 or a relationship claim."
audit/phase-14-browser/before-matrix.json,15186,"""assetId"": ""london-automotive-brand-film-06-gallery"",","Historical documentation/audit evidence; retained as a record, not current Route 04 or a relationship claim."
audit/phase-14-browser/before-matrix.json,15196,"""src"": ""/_next/image?url=%2Fmedia%2Fportfolio%2Fautomotive%2Flondon-automotive-brand-film%2F06-gallery.webp&w=3840&q=75""","Historical documentation/audit evidence; retained as a record, not current Route 04 or a relationship claim."
audit/phase-14-browser/before-matrix.json,15199,"""alt"": ""Vehicle travelling along a rural road in an aerial film frame."",","Historical documentation/audit evidence; retained as a record, not current Route 04 or a relationship claim."
audit/phase-14-browser/before-matrix.json,15200,"""assetId"": ""london-automotive-brand-film-07-gallery"",","Historical documentation/audit evidence; retained as a record, not current Route 04 or a relationship claim."
audit/phase-14-browser/before-matrix.json,15210,"""src"": ""/_next/image?url=%2Fmedia%2Fportfolio%2Fautomotive%2Flondon-automotive-brand-film%2F07-gallery.webp&w=3840&q=75""","Historical documentation/audit evidence; retained as a record, not current Route 04 or a relationship claim."
audit/phase-14-browser/before-matrix.json,15229,"""path"": ""/en/work/london-automotive-brand-film"",","Historical documentation/audit evidence; retained as a record, not current Route 04 or a relationship claim."
audit/phase-14-browser/before-matrix.json,15279,"""alt"": ""London street frame with a red bus from an automotive brand film."",","Historical documentation/audit evidence; retained as a record, not current Route 04 or a relationship claim."
audit/phase-14-browser/before-matrix.json,15280,"""assetId"": ""london-automotive-brand-film-01-hero"",","Historical documentation/audit evidence; retained as a record, not current Route 04 or a relationship claim."
audit/phase-14-browser/before-matrix.json,15283,"""currentSrc"": ""http://127.0.0.1:3000/_next/image?url=%2Fmedia%2Fportfolio%2Fautomotive%2Flondon-automotive-brand-film%2F01-hero.webp&w=1920&q=75"",","Historical documentation/audit evidence; retained as a record, not current Route 04 or a relationship claim."
audit/phase-14-browser/before-matrix.json,15290,"""src"": ""/_next/image?url=%2Fmedia%2Fportfolio%2Fautomotive%2Flondon-automotive-brand-film%2F01-hero.webp&w=3840&q=75""","Historical documentation/audit evidence; retained as a record, not current Route 04 or a relationship claim."
audit/phase-14-browser/before-matrix.json,15294,"""assetId"": ""london-automotive-brand-film-02-cover"",","Historical documentation/audit evidence; retained as a record, not current Route 04 or a relationship claim."
audit/phase-14-browser/before-matrix.json,15297,"""currentSrc"": ""http://127.0.0.1:3000/_next/image?url=%2Fmedia%2Fportfolio%2Fautomotive%2Flondon-automotive-brand-film%2F02-cover.webp&w=1920&q=75"",","Historical documentation/audit evidence; retained as a record, not current Route 04 or a relationship claim."
audit/phase-14-browser/before-matrix.json,15304,"""src"": ""/_next/image?url=%2Fmedia%2Fportfolio%2Fautomotive%2Flondon-automotive-brand-film%2F02-cover.webp&w=3840&q=75""","Historical documentation/audit evidence; retained as a record, not current Route 04 or a relationship claim."
audit/phase-14-browser/before-matrix.json,15308,"""assetId"": ""london-automotive-brand-film-03-gallery"",","Historical documentation/audit evidence; retained as a record, not current Route 04 or a relationship claim."
audit/phase-14-browser/before-matrix.json,15311,"""currentSrc"": ""http://127.0.0.1:3000/_next/image?url=%2Fmedia%2Fportfolio%2Fautomotive%2Flondon-automotive-brand-film%2F03-gallery.webp&w=640&q=75"",","Historical documentation/audit evidence; retained as a record, not current Route 04 or a relationship claim."
audit/phase-14-browser/before-matrix.json,15318,"""src"": ""/_next/image?url=%2Fmedia%2Fportfolio%2Fautomotive%2Flondon-automotive-brand-film%2F03-gallery.webp&w=3840&q=75""","Historical documentation/audit evidence; retained as a record, not current Route 04 or a relationship claim."
audit/phase-14-browser/before-matrix.json,15322,"""assetId"": ""london-automotive-brand-film-04-gallery"",","Historical documentation/audit evidence; retained as a record, not current Route 04 or a relationship claim."
audit/phase-14-browser/before-matrix.json,15332,"""src"": ""/_next/image?url=%2Fmedia%2Fportfolio%2Fautomotive%2Flondon-automotive-brand-film%2F04-gallery.webp&w=3840&q=75""","Historical documentation/audit evidence; retained as a record, not current Route 04 or a relationship claim."
audit/phase-14-browser/before-matrix.json,15336,"""assetId"": ""london-automotive-brand-film-05-gallery"",","Historical documentation/audit evidence; retained as a record, not current Route 04 or a relationship claim."
audit/phase-14-browser/before-matrix.json,15346,"""src"": ""/_next/image?url=%2Fmedia%2Fportfolio%2Fautomotive%2Flondon-automotive-brand-film%2F05-gallery.webp&w=3840&q=75""","Historical documentation/audit evidence; retained as a record, not current Route 04 or a relationship claim."
audit/phase-14-browser/before-matrix.json,15350,"""assetId"": ""london-automotive-brand-film-06-gallery"",","Historical documentation/audit evidence; retained as a record, not current Route 04 or a relationship claim."
audit/phase-14-browser/before-matrix.json,15360,"""src"": ""/_next/image?url=%2Fmedia%2Fportfolio%2Fautomotive%2Flondon-automotive-brand-film%2F06-gallery.webp&w=3840&q=75""","Historical documentation/audit evidence; retained as a record, not current Route 04 or a relationship claim."
audit/phase-14-browser/before-matrix.json,15363,"""alt"": ""Vehicle travelling along a rural road in an aerial film frame."",","Historical documentation/audit evidence; retained as a record, not current Route 04 or a relationship claim."
audit/phase-14-browser/before-matrix.json,15364,"""assetId"": ""london-automotive-brand-film-07-gallery"",","Historical documentation/audit evidence; retained as a record, not current Route 04 or a relationship claim."
audit/phase-14-browser/before-matrix.json,15374,"""src"": ""/_next/image?url=%2Fmedia%2Fportfolio%2Fautomotive%2Flondon-automotive-brand-film%2F07-gallery.webp&w=3840&q=75""","Historical documentation/audit evidence; retained as a record, not current Route 04 or a relationship claim."
audit/phase-14-browser/before-matrix.json,15393,"""path"": ""/en/work/london-automotive-brand-film"",","Historical documentation/audit evidence; retained as a record, not current Route 04 or a relationship claim."
audit/phase-14-browser/before-matrix.json,19256,"""assetId"": ""london-automotive-brand-film-02-cover"",","Historical documentation/audit evidence; retained as a record, not current Route 04 or a relationship claim."
audit/phase-14-browser/before-matrix.json,19266,"""src"": ""/_next/image?url=%2Fmedia%2Fportfolio%2Fautomotive%2Flondon-automotive-brand-film%2F02-cover.webp&w=3840&q=75""","Historical documentation/audit evidence; retained as a record, not current Route 04 or a relationship claim."
audit/phase-14-browser/before-matrix.json,19436,"""assetId"": ""london-automotive-brand-film-02-cover"",","Historical documentation/audit evidence; retained as a record, not current Route 04 or a relationship claim."
audit/phase-14-browser/before-matrix.json,19446,"""src"": ""/_next/image?url=%2Fmedia%2Fportfolio%2Fautomotive%2Flondon-automotive-brand-film%2F02-cover.webp&w=3840&q=75""","Historical documentation/audit evidence; retained as a record, not current Route 04 or a relationship claim."
audit/phase-14-browser/before-matrix.json,19616,"""assetId"": ""london-automotive-brand-film-02-cover"",","Historical documentation/audit evidence; retained as a record, not current Route 04 or a relationship claim."
audit/phase-14-browser/before-matrix.json,19626,"""src"": ""/_next/image?url=%2Fmedia%2Fportfolio%2Fautomotive%2Flondon-automotive-brand-film%2F02-cover.webp&w=3840&q=75""","Historical documentation/audit evidence; retained as a record, not current Route 04 or a relationship claim."
audit/phase-14-browser/before-matrix.json,19796,"""assetId"": ""london-automotive-brand-film-02-cover"",","Historical documentation/audit evidence; retained as a record, not current Route 04 or a relationship claim."
audit/phase-14-browser/before-matrix.json,19806,"""src"": ""/_next/image?url=%2Fmedia%2Fportfolio%2Fautomotive%2Flondon-automotive-brand-film%2F02-cover.webp&w=3840&q=75""","Historical documentation/audit evidence; retained as a record, not current Route 04 or a relationship claim."
audit/phase-14-browser/before-matrix.json,19976,"""assetId"": ""london-automotive-brand-film-02-cover"",","Historical documentation/audit evidence; retained as a record, not current Route 04 or a relationship claim."
audit/phase-14-browser/before-matrix.json,19986,"""src"": ""/_next/image?url=%2Fmedia%2Fportfolio%2Fautomotive%2Flondon-automotive-brand-film%2F02-cover.webp&w=3840&q=75""","Historical documentation/audit evidence; retained as a record, not current Route 04 or a relationship claim."
audit/phase-14-browser/before-matrix.json,20156,"""assetId"": ""london-automotive-brand-film-02-cover"",","Historical documentation/audit evidence; retained as a record, not current Route 04 or a relationship claim."
audit/phase-14-browser/before-matrix.json,20166,"""src"": ""/_next/image?url=%2Fmedia%2Fportfolio%2Fautomotive%2Flondon-automotive-brand-film%2F02-cover.webp&w=3840&q=75""","Historical documentation/audit evidence; retained as a record, not current Route 04 or a relationship claim."
audit/phase-14-source-inventory.json,61,"""filePath"": ""D:/media pics/venus_bridge_media_curated_assets/venus_bridge_media_curated_assets/00_priority_selection/homepage_and_case_heroes/automotive/01_05_byd_overseas_brand_film_london_065.jpg"",","Historical documentation/audit evidence; retained as a record, not current Route 04 or a relationship claim."
audit/phase-14-source-inventory.json,62,"""filename"": ""01_05_byd_overseas_brand_film_london_065.jpg"",","Historical documentation/audit evidence; retained as a record, not current Route 04 or a relationship claim."
audit/phase-14-source-inventory.json,199,"""filePath"": ""D:/media pics/venus_bridge_media_curated_assets/venus_bridge_media_curated_assets/00_priority_selection/homepage_and_case_heroes/automotive/03_05_byd_overseas_brand_film_london_067.jpg"",","Historical documentation/audit evidence; retained as a record, not current Route 04 or a relationship claim."
audit/phase-14-source-inventory.json,200,"""filename"": ""03_05_byd_overseas_brand_film_london_067.jpg"",","Historical documentation/audit evidence; retained as a record, not current Route 04 or a relationship claim."
audit/phase-14-source-inventory.json,291,"""filePath"": ""D:/media pics/venus_bridge_media_curated_assets/venus_bridge_media_curated_assets/00_priority_selection/homepage_and_case_heroes/automotive/06_05_byd_overseas_brand_film_london_070.jpg"",","Historical documentation/audit evidence; retained as a record, not current Route 04 or a relationship claim."
audit/phase-14-source-inventory.json,292,"""filename"": ""06_05_byd_overseas_brand_film_london_070.jpg"",","Historical documentation/audit evidence; retained as a record, not current Route 04 or a relationship claim."
audit/phase-14-source-inventory.json,498,"""filePath"": ""D:/media pics/venus_bridge_media_curated_assets/venus_bridge_media_curated_assets/00_priority_selection/homepage_and_case_heroes/automotive/11_05_byd_overseas_brand_film_london_075.jpg"",","Historical documentation/audit evidence; retained as a record, not current Route 04 or a relationship claim."
audit/phase-14-source-inventory.json,499,"""filename"": ""11_05_byd_overseas_brand_film_london_075.jpg"",","Historical documentation/audit evidence; retained as a record, not current Route 04 or a relationship claim."
audit/phase-14-source-inventory.json,636,"""filePath"": ""D:/media pics/venus_bridge_media_curated_assets/venus_bridge_media_curated_assets/00_priority_selection/homepage_and_case_heroes/automotive/16_05_byd_overseas_brand_film_london_080.jpg"",","Historical documentation/audit evidence; retained as a record, not current Route 04 or a relationship claim."
audit/phase-14-source-inventory.json,637,"""filename"": ""16_05_byd_overseas_brand_film_london_080.jpg"",","Historical documentation/audit evidence; retained as a record, not current Route 04 or a relationship claim."
audit/phase-14-source-inventory.json,2890,"""filePath"": ""D:/media pics/venus_bridge_media_curated_assets/venus_bridge_media_curated_assets/01_automotive_cases/05_byd_overseas_brand_film_london/01_05_byd_overseas_brand_film_london_065.jpg"",","Historical documentation/audit evidence; retained as a record, not current Route 04 or a relationship claim."
audit/phase-14-source-inventory.json,2891,"""filename"": ""01_05_byd_overseas_brand_film_london_065.jpg"",","Historical documentation/audit evidence; retained as a record, not current Route 04 or a relationship claim."
audit/phase-14-source-inventory.json,2913,"""filePath"": ""D:/media pics/venus_bridge_media_curated_assets/venus_bridge_media_curated_assets/01_automotive_cases/05_byd_overseas_brand_film_london/02_05_byd_overseas_brand_film_london_066.jpg"",","Historical documentation/audit evidence; retained as a record, not current Route 04 or a relationship claim."
audit/phase-14-source-inventory.json,2914,"""filename"": ""02_05_byd_overseas_brand_film_london_066.jpg"",","Historical documentation/audit evidence; retained as a record, not current Route 04 or a relationship claim."
audit/phase-14-source-inventory.json,2936,"""filePath"": ""D:/media pics/venus_bridge_media_curated_assets/venus_bridge_media_curated_assets/01_automotive_cases/05_byd_overseas_brand_film_london/03_05_byd_overseas_brand_film_london_067.jpg"",","Historical documentation/audit evidence; retained as a record, not current Route 04 or a relationship claim."
audit/phase-14-source-inventory.json,2937,"""filename"": ""03_05_byd_overseas_brand_film_london_067.jpg"",","Historical documentation/audit evidence; retained as a record, not current Route 04 or a relationship claim."
audit/phase-14-source-inventory.json,2959,"""filePath"": ""D:/media pics/venus_bridge_media_curated_assets/venus_bridge_media_curated_assets/01_automotive_cases/05_byd_overseas_brand_film_london/04_05_byd_overseas_brand_film_london_068.jpg"",","Historical documentation/audit evidence; retained as a record, not current Route 04 or a relationship claim."
audit/phase-14-source-inventory.json,2960,"""filename"": ""04_05_byd_overseas_brand_film_london_068.jpg"",","Historical documentation/audit evidence; retained as a record, not current Route 04 or a relationship claim."
audit/phase-14-source-inventory.json,2982,"""filePath"": ""D:/media pics/venus_bridge_media_curated_assets/venus_bridge_media_curated_assets/01_automotive_cases/05_byd_overseas_brand_film_london/05_05_byd_overseas_brand_film_london_069.jpg"",","Historical documentation/audit evidence; retained as a record, not current Route 04 or a relationship claim."
audit/phase-14-source-inventory.json,2983,"""filename"": ""05_05_byd_overseas_brand_film_london_069.jpg"",","Historical documentation/audit evidence; retained as a record, not current Route 04 or a relationship claim."
audit/phase-14-source-inventory.json,3005,"""filePath"": ""D:/media pics/venus_bridge_media_curated_assets/venus_bridge_media_curated_assets/01_automotive_cases/05_byd_overseas_brand_film_london/06_05_byd_overseas_brand_film_london_070.jpg"",","Historical documentation/audit evidence; retained as a record, not current Route 04 or a relationship claim."
audit/phase-14-source-inventory.json,3006,"""filename"": ""06_05_byd_overseas_brand_film_london_070.jpg"",","Historical documentation/audit evidence; retained as a record, not current Route 04 or a relationship claim."
audit/phase-14-source-inventory.json,3028,"""filePath"": ""D:/media pics/venus_bridge_media_curated_assets/venus_bridge_media_curated_assets/01_automotive_cases/05_byd_overseas_brand_film_london/07_05_byd_overseas_brand_film_london_071.jpg"",","Historical documentation/audit evidence; retained as a record, not current Route 04 or a relationship claim."
audit/phase-14-source-inventory.json,3029,"""filename"": ""07_05_byd_overseas_brand_film_london_071.jpg"",","Historical documentation/audit evidence; retained as a record, not current Route 04 or a relationship claim."
audit/phase-14-source-inventory.json,3051,"""filePath"": ""D:/media pics/venus_bridge_media_curated_assets/venus_bridge_media_curated_assets/01_automotive_cases/05_byd_overseas_brand_film_london/08_05_byd_overseas_brand_film_london_072.jpg"",","Historical documentation/audit evidence; retained as a record, not current Route 04 or a relationship claim."
audit/phase-14-source-inventory.json,3052,"""filename"": ""08_05_byd_overseas_brand_film_london_072.jpg"",","Historical documentation/audit evidence; retained as a record, not current Route 04 or a relationship claim."
audit/phase-14-source-inventory.json,3074,"""filePath"": ""D:/media pics/venus_bridge_media_curated_assets/venus_bridge_media_curated_assets/01_automotive_cases/05_byd_overseas_brand_film_london/09_05_byd_overseas_brand_film_london_073.jpg"",","Historical documentation/audit evidence; retained as a record, not current Route 04 or a relationship claim."
audit/phase-14-source-inventory.json,3075,"""filename"": ""09_05_byd_overseas_brand_film_london_073.jpg"",","Historical documentation/audit evidence; retained as a record, not current Route 04 or a relationship claim."
audit/phase-14-source-inventory.json,3097,"""filePath"": ""D:/media pics/venus_bridge_media_curated_assets/venus_bridge_media_curated_assets/01_automotive_cases/05_byd_overseas_brand_film_london/10_05_byd_overseas_brand_film_london_074.jpg"",","Historical documentation/audit evidence; retained as a record, not current Route 04 or a relationship claim."
audit/phase-14-source-inventory.json,3098,"""filename"": ""10_05_byd_overseas_brand_film_london_074.jpg"",","Historical documentation/audit evidence; retained as a record, not current Route 04 or a relationship claim."
audit/phase-14-source-inventory.json,3120,"""filePath"": ""D:/media pics/venus_bridge_media_curated_assets/venus_bridge_media_curated_assets/01_automotive_cases/05_byd_overseas_brand_film_london/11_05_byd_overseas_brand_film_london_075.jpg"",","Historical documentation/audit evidence; retained as a record, not current Route 04 or a relationship claim."
audit/phase-14-source-inventory.json,3121,"""filename"": ""11_05_byd_overseas_brand_film_london_075.jpg"",","Historical documentation/audit evidence; retained as a record, not current Route 04 or a relationship claim."
audit/phase-14-source-inventory.json,3143,"""filePath"": ""D:/media pics/venus_bridge_media_curated_assets/venus_bridge_media_curated_assets/01_automotive_cases/05_byd_overseas_brand_film_london/12_05_byd_overseas_brand_film_london_076.jpg"",","Historical documentation/audit evidence; retained as a record, not current Route 04 or a relationship claim."
audit/phase-14-source-inventory.json,3144,"""filename"": ""12_05_byd_overseas_brand_film_london_076.jpg"",","Historical documentation/audit evidence; retained as a record, not current Route 04 or a relationship claim."
audit/phase-14-source-inventory.json,3166,"""filePath"": ""D:/media pics/venus_bridge_media_curated_assets/venus_bridge_media_curated_assets/01_automotive_cases/05_byd_overseas_brand_film_london/13_05_byd_overseas_brand_film_london_077.jpg"",","Historical documentation/audit evidence; retained as a record, not current Route 04 or a relationship claim."
audit/phase-14-source-inventory.json,3167,"""filename"": ""13_05_byd_overseas_brand_film_london_077.jpg"",","Historical documentation/audit evidence; retained as a record, not current Route 04 or a relationship claim."
audit/phase-14-source-inventory.json,3189,"""filePath"": ""D:/media pics/venus_bridge_media_curated_assets/venus_bridge_media_curated_assets/01_automotive_cases/05_byd_overseas_brand_film_london/14_05_byd_overseas_brand_film_london_078.jpg"",","Historical documentation/audit evidence; retained as a record, not current Route 04 or a relationship claim."
audit/phase-14-source-inventory.json,3190,"""filename"": ""14_05_byd_overseas_brand_film_london_078.jpg"",","Historical documentation/audit evidence; retained as a record, not current Route 04 or a relationship claim."
audit/phase-14-source-inventory.json,3212,"""filePath"": ""D:/media pics/venus_bridge_media_curated_assets/venus_bridge_media_curated_assets/01_automotive_cases/05_byd_overseas_brand_film_london/15_05_byd_overseas_brand_film_london_079.jpg"",","Historical documentation/audit evidence; retained as a record, not current Route 04 or a relationship claim."
audit/phase-14-source-inventory.json,3213,"""filename"": ""15_05_byd_overseas_brand_film_london_079.jpg"",","Historical documentation/audit evidence; retained as a record, not current Route 04 or a relationship claim."
audit/phase-14-source-inventory.json,3235,"""filePath"": ""D:/media pics/venus_bridge_media_curated_assets/venus_bridge_media_curated_assets/01_automotive_cases/05_byd_overseas_brand_film_london/16_05_byd_overseas_brand_film_london_080.jpg"",","Historical documentation/audit evidence; retained as a record, not current Route 04 or a relationship claim."
audit/phase-14-source-inventory.json,3236,"""filename"": ""16_05_byd_overseas_brand_film_london_080.jpg"",","Historical documentation/audit evidence; retained as a record, not current Route 04 or a relationship claim."
audit/phase-14-source-inventory.json,8778,"""filePath"": ""D:/media web/media-web/public/media/demo/landscape-film.webp"",","Historical documentation/audit evidence; retained as a record, not current Route 04 or a relationship claim."
audit/phase-14-source-inventory.json,8779,"""filename"": ""landscape-film.webp"",","Historical documentation/audit evidence; retained as a record, not current Route 04 or a relationship claim."
audit/phase-14-source-inventory.json,15540,"""filePath"": ""D:/media web/media-web/public/media/portfolio/automotive/london-automotive-brand-film/01-hero-mobile.webp"",","Historical documentation/audit evidence; retained as a record, not current Route 04 or a relationship claim."
audit/phase-14-source-inventory.json,15563,"""filePath"": ""D:/media web/media-web/public/media/portfolio/automotive/london-automotive-brand-film/01-hero-thumb.webp"",","Historical documentation/audit evidence; retained as a record, not current Route 04 or a relationship claim."
audit/phase-14-source-inventory.json,15586,"""filePath"": ""D:/media web/media-web/public/media/portfolio/automotive/london-automotive-brand-film/01-hero.avif"",","Historical documentation/audit evidence; retained as a record, not current Route 04 or a relationship claim."
audit/phase-14-source-inventory.json,15609,"""filePath"": ""D:/media web/media-web/public/media/portfolio/automotive/london-automotive-brand-film/01-hero.webp"",","Historical documentation/audit evidence; retained as a record, not current Route 04 or a relationship claim."
audit/phase-14-source-inventory.json,15632,"""filePath"": ""D:/media web/media-web/public/media/portfolio/automotive/london-automotive-brand-film/02-cover-mobile.webp"",","Historical documentation/audit evidence; retained as a record, not current Route 04 or a relationship claim."
audit/phase-14-source-inventory.json,15655,"""filePath"": ""D:/media web/media-web/public/media/portfolio/automotive/london-automotive-brand-film/02-cover-thumb.webp"",","Historical documentation/audit evidence; retained as a record, not current Route 04 or a relationship claim."
audit/phase-14-source-inventory.json,15678,"""filePath"": ""D:/media web/media-web/public/media/portfolio/automotive/london-automotive-brand-film/02-cover.avif"",","Historical documentation/audit evidence; retained as a record, not current Route 04 or a relationship claim."
audit/phase-14-source-inventory.json,15701,"""filePath"": ""D:/media web/media-web/public/media/portfolio/automotive/london-automotive-brand-film/02-cover.webp"",","Historical documentation/audit evidence; retained as a record, not current Route 04 or a relationship claim."
audit/phase-14-source-inventory.json,15724,"""filePath"": ""D:/media web/media-web/public/media/portfolio/automotive/london-automotive-brand-film/03-gallery-mobile.webp"",","Historical documentation/audit evidence; retained as a record, not current Route 04 or a relationship claim."
audit/phase-14-source-inventory.json,15747,"""filePath"": ""D:/media web/media-web/public/media/portfolio/automotive/london-automotive-brand-film/03-gallery-thumb.webp"",","Historical documentation/audit evidence; retained as a record, not current Route 04 or a relationship claim."
audit/phase-14-source-inventory.json,15770,"""filePath"": ""D:/media web/media-web/public/media/portfolio/automotive/london-automotive-brand-film/03-gallery.avif"",","Historical documentation/audit evidence; retained as a record, not current Route 04 or a relationship claim."
audit/phase-14-source-inventory.json,15793,"""filePath"": ""D:/media web/media-web/public/media/portfolio/automotive/london-automotive-brand-film/03-gallery.webp"",","Historical documentation/audit evidence; retained as a record, not current Route 04 or a relationship claim."
audit/phase-14-source-inventory.json,15816,"""filePath"": ""D:/media web/media-web/public/media/portfolio/automotive/london-automotive-brand-film/04-gallery-mobile.webp"",","Historical documentation/audit evidence; retained as a record, not current Route 04 or a relationship claim."
audit/phase-14-source-inventory.json,15839,"""filePath"": ""D:/media web/media-web/public/media/portfolio/automotive/london-automotive-brand-film/04-gallery-thumb.webp"",","Historical documentation/audit evidence; retained as a record, not current Route 04 or a relationship claim."
audit/phase-14-source-inventory.json,15862,"""filePath"": ""D:/media web/media-web/public/media/portfolio/automotive/london-automotive-brand-film/04-gallery.avif"",","Historical documentation/audit evidence; retained as a record, not current Route 04 or a relationship claim."
audit/phase-14-source-inventory.json,15885,"""filePath"": ""D:/media web/media-web/public/media/portfolio/automotive/london-automotive-brand-film/04-gallery.webp"",","Historical documentation/audit evidence; retained as a record, not current Route 04 or a relationship claim."
audit/phase-14-source-inventory.json,15908,"""filePath"": ""D:/media web/media-web/public/media/portfolio/automotive/london-automotive-brand-film/05-gallery-mobile.webp"",","Historical documentation/audit evidence; retained as a record, not current Route 04 or a relationship claim."
audit/phase-14-source-inventory.json,15931,"""filePath"": ""D:/media web/media-web/public/media/portfolio/automotive/london-automotive-brand-film/05-gallery-thumb.webp"",","Historical documentation/audit evidence; retained as a record, not current Route 04 or a relationship claim."
audit/phase-14-source-inventory.json,15954,"""filePath"": ""D:/media web/media-web/public/media/portfolio/automotive/london-automotive-brand-film/05-gallery.avif"",","Historical documentation/audit evidence; retained as a record, not current Route 04 or a relationship claim."
audit/phase-14-source-inventory.json,15977,"""filePath"": ""D:/media web/media-web/public/media/portfolio/automotive/london-automotive-brand-film/05-gallery.webp"",","Historical documentation/audit evidence; retained as a record, not current Route 04 or a relationship claim."
audit/phase-14-source-inventory.json,16000,"""filePath"": ""D:/media web/media-web/public/media/portfolio/automotive/london-automotive-brand-film/06-gallery-mobile.webp"",","Historical documentation/audit evidence; retained as a record, not current Route 04 or a relationship claim."
audit/phase-14-source-inventory.json,16023,"""filePath"": ""D:/media web/media-web/public/media/portfolio/automotive/london-automotive-brand-film/06-gallery-thumb.webp"",","Historical documentation/audit evidence; retained as a record, not current Route 04 or a relationship claim."
audit/phase-14-source-inventory.json,16046,"""filePath"": ""D:/media web/media-web/public/media/portfolio/automotive/london-automotive-brand-film/06-gallery.avif"",","Historical documentation/audit evidence; retained as a record, not current Route 04 or a relationship claim."
audit/phase-14-source-inventory.json,16069,"""filePath"": ""D:/media web/media-web/public/media/portfolio/automotive/london-automotive-brand-film/06-gallery.webp"",","Historical documentation/audit evidence; retained as a record, not current Route 04 or a relationship claim."
audit/phase-14-source-inventory.json,16092,"""filePath"": ""D:/media web/media-web/public/media/portfolio/automotive/london-automotive-brand-film/07-gallery-mobile.webp"",","Historical documentation/audit evidence; retained as a record, not current Route 04 or a relationship claim."
audit/phase-14-source-inventory.json,16115,"""filePath"": ""D:/media web/media-web/public/media/portfolio/automotive/london-automotive-brand-film/07-gallery-thumb.webp"",","Historical documentation/audit evidence; retained as a record, not current Route 04 or a relationship claim."
audit/phase-14-source-inventory.json,16138,"""filePath"": ""D:/media web/media-web/public/media/portfolio/automotive/london-automotive-brand-film/07-gallery.avif"",","Historical documentation/audit evidence; retained as a record, not current Route 04 or a relationship claim."
audit/phase-14-source-inventory.json,16161,"""filePath"": ""D:/media web/media-web/public/media/portfolio/automotive/london-automotive-brand-film/07-gallery.webp"",","Historical documentation/audit evidence; retained as a record, not current Route 04 or a relationship claim."
audit/phase-3-2c/pre-implementation/public-media-inventory.json,5343,"""relativePath"": ""media/art-directed/london-automotive-brand-film-01-hero/desktop.avif"",","Historical documentation/audit evidence; retained as a record, not current Route 04 or a relationship claim."
audit/phase-3-2c/pre-implementation/public-media-inventory.json,5346,"""logicalId"": ""london-automotive-brand-film-01-hero"",","Historical documentation/audit evidence; retained as a record, not current Route 04 or a relationship claim."
audit/phase-3-2c/pre-implementation/public-media-inventory.json,5358,"""relativePath"": ""media/art-directed/london-automotive-brand-film-01-hero/desktop.jpg"",","Historical documentation/audit evidence; retained as a record, not current Route 04 or a relationship claim."
audit/phase-3-2c/pre-implementation/public-media-inventory.json,5361,"""logicalId"": ""london-automotive-brand-film-01-hero"",","Historical documentation/audit evidence; retained as a record, not current Route 04 or a relationship claim."
audit/phase-3-2c/pre-implementation/public-media-inventory.json,5373,"""relativePath"": ""media/art-directed/london-automotive-brand-film-01-hero/desktop.webp"",","Historical documentation/audit evidence; retained as a record, not current Route 04 or a relationship claim."
audit/phase-3-2c/pre-implementation/public-media-inventory.json,5376,"""logicalId"": ""london-automotive-brand-film-01-hero"",","Historical documentation/audit evidence; retained as a record, not current Route 04 or a relationship claim."
audit/phase-3-2c/pre-implementation/public-media-inventory.json,5388,"""relativePath"": ""media/art-directed/london-automotive-brand-film-01-hero/mobile.avif"",","Historical documentation/audit evidence; retained as a record, not current Route 04 or a relationship claim."
audit/phase-3-2c/pre-implementation/public-media-inventory.json,5391,"""logicalId"": ""london-automotive-brand-film-01-hero"",","Historical documentation/audit evidence; retained as a record, not current Route 04 or a relationship claim."
audit/phase-3-2c/pre-implementation/public-media-inventory.json,5403,"""relativePath"": ""media/art-directed/london-automotive-brand-film-01-hero/mobile.webp"",","Historical documentation/audit evidence; retained as a record, not current Route 04 or a relationship claim."
audit/phase-3-2c/pre-implementation/public-media-inventory.json,5406,"""logicalId"": ""london-automotive-brand-film-01-hero"",","Historical documentation/audit evidence; retained as a record, not current Route 04 or a relationship claim."
audit/phase-3-2c/pre-implementation/public-media-inventory.json,5418,"""relativePath"": ""media/art-directed/london-automotive-brand-film-01-hero/tablet.avif"",","Historical documentation/audit evidence; retained as a record, not current Route 04 or a relationship claim."
audit/phase-3-2c/pre-implementation/public-media-inventory.json,5421,"""logicalId"": ""london-automotive-brand-film-01-hero"",","Historical documentation/audit evidence; retained as a record, not current Route 04 or a relationship claim."
audit/phase-3-2c/pre-implementation/public-media-inventory.json,5433,"""relativePath"": ""media/art-directed/london-automotive-brand-film-01-hero/tablet.webp"",","Historical documentation/audit evidence; retained as a record, not current Route 04 or a relationship claim."
audit/phase-3-2c/pre-implementation/public-media-inventory.json,5436,"""logicalId"": ""london-automotive-brand-film-01-hero"",","Historical documentation/audit evidence; retained as a record, not current Route 04 or a relationship claim."
audit/phase-3-2c/pre-implementation/public-media-inventory.json,5448,"""relativePath"": ""media/art-directed/london-automotive-brand-film-02-cover/desktop.avif"",","Historical documentation/audit evidence; retained as a record, not current Route 04 or a relationship claim."
audit/phase-3-2c/pre-implementation/public-media-inventory.json,5451,"""logicalId"": ""london-automotive-brand-film-02-cover"",","Historical documentation/audit evidence; retained as a record, not current Route 04 or a relationship claim."
audit/phase-3-2c/pre-implementation/public-media-inventory.json,5463,"""relativePath"": ""media/art-directed/london-automotive-brand-film-02-cover/desktop.jpg"",","Historical documentation/audit evidence; retained as a record, not current Route 04 or a relationship claim."
audit/phase-3-2c/pre-implementation/public-media-inventory.json,5466,"""logicalId"": ""london-automotive-brand-film-02-cover"",","Historical documentation/audit evidence; retained as a record, not current Route 04 or a relationship claim."
audit/phase-3-2c/pre-implementation/public-media-inventory.json,5478,"""relativePath"": ""media/art-directed/london-automotive-brand-film-02-cover/desktop.webp"",","Historical documentation/audit evidence; retained as a record, not current Route 04 or a relationship claim."
audit/phase-3-2c/pre-implementation/public-media-inventory.json,5481,"""logicalId"": ""london-automotive-brand-film-02-cover"",","Historical documentation/audit evidence; retained as a record, not current Route 04 or a relationship claim."
audit/phase-3-2c/pre-implementation/public-media-inventory.json,5493,"""relativePath"": ""media/art-directed/london-automotive-brand-film-02-cover/mobile.avif"",","Historical documentation/audit evidence; retained as a record, not current Route 04 or a relationship claim."
audit/phase-3-2c/pre-implementation/public-media-inventory.json,5496,"""logicalId"": ""london-automotive-brand-film-02-cover"",","Historical documentation/audit evidence; retained as a record, not current Route 04 or a relationship claim."
audit/phase-3-2c/pre-implementation/public-media-inventory.json,5508,"""relativePath"": ""media/art-directed/london-automotive-brand-film-02-cover/mobile.webp"",","Historical documentation/audit evidence; retained as a record, not current Route 04 or a relationship claim."
audit/phase-3-2c/pre-implementation/public-media-inventory.json,5511,"""logicalId"": ""london-automotive-brand-film-02-cover"",","Historical documentation/audit evidence; retained as a record, not current Route 04 or a relationship claim."
audit/phase-3-2c/pre-implementation/public-media-inventory.json,5523,"""relativePath"": ""media/art-directed/london-automotive-brand-film-02-cover/tablet.avif"",","Historical documentation/audit evidence; retained as a record, not current Route 04 or a relationship claim."
audit/phase-3-2c/pre-implementation/public-media-inventory.json,5526,"""logicalId"": ""london-automotive-brand-film-02-cover"",","Historical documentation/audit evidence; retained as a record, not current Route 04 or a relationship claim."
audit/phase-3-2c/pre-implementation/public-media-inventory.json,5538,"""relativePath"": ""media/art-directed/london-automotive-brand-film-02-cover/tablet.webp"",","Historical documentation/audit evidence; retained as a record, not current Route 04 or a relationship claim."
audit/phase-3-2c/pre-implementation/public-media-inventory.json,5541,"""logicalId"": ""london-automotive-brand-film-02-cover"",","Historical documentation/audit evidence; retained as a record, not current Route 04 or a relationship claim."
audit/phase-3-2c/pre-implementation/public-media-inventory.json,5553,"""relativePath"": ""media/art-directed/london-automotive-brand-film-03-gallery/desktop.avif"",","Historical documentation/audit evidence; retained as a record, not current Route 04 or a relationship claim."
audit/phase-3-2c/pre-implementation/public-media-inventory.json,5556,"""logicalId"": ""london-automotive-brand-film-03-gallery"",","Historical documentation/audit evidence; retained as a record, not current Route 04 or a relationship claim."
audit/phase-3-2c/pre-implementation/public-media-inventory.json,5568,"""relativePath"": ""media/art-directed/london-automotive-brand-film-03-gallery/desktop.jpg"",","Historical documentation/audit evidence; retained as a record, not current Route 04 or a relationship claim."
audit/phase-3-2c/pre-implementation/public-media-inventory.json,5571,"""logicalId"": ""london-automotive-brand-film-03-gallery"",","Historical documentation/audit evidence; retained as a record, not current Route 04 or a relationship claim."
audit/phase-3-2c/pre-implementation/public-media-inventory.json,5583,"""relativePath"": ""media/art-directed/london-automotive-brand-film-03-gallery/desktop.webp"",","Historical documentation/audit evidence; retained as a record, not current Route 04 or a relationship claim."
audit/phase-3-2c/pre-implementation/public-media-inventory.json,5586,"""logicalId"": ""london-automotive-brand-film-03-gallery"",","Historical documentation/audit evidence; retained as a record, not current Route 04 or a relationship claim."
audit/phase-3-2c/pre-implementation/public-media-inventory.json,5598,"""relativePath"": ""media/art-directed/london-automotive-brand-film-03-gallery/mobile.avif"",","Historical documentation/audit evidence; retained as a record, not current Route 04 or a relationship claim."
audit/phase-3-2c/pre-implementation/public-media-inventory.json,5601,"""logicalId"": ""london-automotive-brand-film-03-gallery"",","Historical documentation/audit evidence; retained as a record, not current Route 04 or a relationship claim."
audit/phase-3-2c/pre-implementation/public-media-inventory.json,5613,"""relativePath"": ""media/art-directed/london-automotive-brand-film-03-gallery/mobile.webp"",","Historical documentation/audit evidence; retained as a record, not current Route 04 or a relationship claim."
audit/phase-3-2c/pre-implementation/public-media-inventory.json,5616,"""logicalId"": ""london-automotive-brand-film-03-gallery"",","Historical documentation/audit evidence; retained as a record, not current Route 04 or a relationship claim."
audit/phase-3-2c/pre-implementation/public-media-inventory.json,5628,"""relativePath"": ""media/art-directed/london-automotive-brand-film-03-gallery/tablet.avif"",","Historical documentation/audit evidence; retained as a record, not current Route 04 or a relationship claim."
audit/phase-3-2c/pre-implementation/public-media-inventory.json,5631,"""logicalId"": ""london-automotive-brand-film-03-gallery"",","Historical documentation/audit evidence; retained as a record, not current Route 04 or a relationship claim."
audit/phase-3-2c/pre-implementation/public-media-inventory.json,5643,"""relativePath"": ""media/art-directed/london-automotive-brand-film-03-gallery/tablet.webp"",","Historical documentation/audit evidence; retained as a record, not current Route 04 or a relationship claim."
audit/phase-3-2c/pre-implementation/public-media-inventory.json,5646,"""logicalId"": ""london-automotive-brand-film-03-gallery"",","Historical documentation/audit evidence; retained as a record, not current Route 04 or a relationship claim."
audit/phase-3-2c/pre-implementation/public-media-inventory.json,5658,"""relativePath"": ""media/art-directed/london-automotive-brand-film-04-gallery/desktop.avif"",","Historical documentation/audit evidence; retained as a record, not current Route 04 or a relationship claim."
audit/phase-3-2c/pre-implementation/public-media-inventory.json,5661,"""logicalId"": ""london-automotive-brand-film-04-gallery"",","Historical documentation/audit evidence; retained as a record, not current Route 04 or a relationship claim."
audit/phase-3-2c/pre-implementation/public-media-inventory.json,5673,"""relativePath"": ""media/art-directed/london-automotive-brand-film-04-gallery/desktop.jpg"",","Historical documentation/audit evidence; retained as a record, not current Route 04 or a relationship claim."
audit/phase-3-2c/pre-implementation/public-media-inventory.json,5676,"""logicalId"": ""london-automotive-brand-film-04-gallery"",","Historical documentation/audit evidence; retained as a record, not current Route 04 or a relationship claim."
audit/phase-3-2c/pre-implementation/public-media-inventory.json,5688,"""relativePath"": ""media/art-directed/london-automotive-brand-film-04-gallery/desktop.webp"",","Historical documentation/audit evidence; retained as a record, not current Route 04 or a relationship claim."
audit/phase-3-2c/pre-implementation/public-media-inventory.json,5691,"""logicalId"": ""london-automotive-brand-film-04-gallery"",","Historical documentation/audit evidence; retained as a record, not current Route 04 or a relationship claim."
audit/phase-3-2c/pre-implementation/public-media-inventory.json,5703,"""relativePath"": ""media/art-directed/london-automotive-brand-film-04-gallery/mobile.avif"",","Historical documentation/audit evidence; retained as a record, not current Route 04 or a relationship claim."
audit/phase-3-2c/pre-implementation/public-media-inventory.json,5706,"""logicalId"": ""london-automotive-brand-film-04-gallery"",","Historical documentation/audit evidence; retained as a record, not current Route 04 or a relationship claim."
audit/phase-3-2c/pre-implementation/public-media-inventory.json,5718,"""relativePath"": ""media/art-directed/london-automotive-brand-film-04-gallery/mobile.webp"",","Historical documentation/audit evidence; retained as a record, not current Route 04 or a relationship claim."
audit/phase-3-2c/pre-implementation/public-media-inventory.json,5721,"""logicalId"": ""london-automotive-brand-film-04-gallery"",","Historical documentation/audit evidence; retained as a record, not current Route 04 or a relationship claim."
audit/phase-3-2c/pre-implementation/public-media-inventory.json,5733,"""relativePath"": ""media/art-directed/london-automotive-brand-film-04-gallery/tablet.avif"",","Historical documentation/audit evidence; retained as a record, not current Route 04 or a relationship claim."
audit/phase-3-2c/pre-implementation/public-media-inventory.json,5736,"""logicalId"": ""london-automotive-brand-film-04-gallery"",","Historical documentation/audit evidence; retained as a record, not current Route 04 or a relationship claim."
audit/phase-3-2c/pre-implementation/public-media-inventory.json,5748,"""relativePath"": ""media/art-directed/london-automotive-brand-film-04-gallery/tablet.webp"",","Historical documentation/audit evidence; retained as a record, not current Route 04 or a relationship claim."
audit/phase-3-2c/pre-implementation/public-media-inventory.json,5751,"""logicalId"": ""london-automotive-brand-film-04-gallery"",","Historical documentation/audit evidence; retained as a record, not current Route 04 or a relationship claim."
audit/phase-3-2c/pre-implementation/public-media-inventory.json,5763,"""relativePath"": ""media/art-directed/london-automotive-brand-film-05-gallery/desktop.avif"",","Historical documentation/audit evidence; retained as a record, not current Route 04 or a relationship claim."
audit/phase-3-2c/pre-implementation/public-media-inventory.json,5766,"""logicalId"": ""london-automotive-brand-film-05-gallery"",","Historical documentation/audit evidence; retained as a record, not current Route 04 or a relationship claim."
audit/phase-3-2c/pre-implementation/public-media-inventory.json,5778,"""relativePath"": ""media/art-directed/london-automotive-brand-film-05-gallery/desktop.jpg"",","Historical documentation/audit evidence; retained as a record, not current Route 04 or a relationship claim."
audit/phase-3-2c/pre-implementation/public-media-inventory.json,5781,"""logicalId"": ""london-automotive-brand-film-05-gallery"",","Historical documentation/audit evidence; retained as a record, not current Route 04 or a relationship claim."
audit/phase-3-2c/pre-implementation/public-media-inventory.json,5793,"""relativePath"": ""media/art-directed/london-automotive-brand-film-05-gallery/desktop.webp"",","Historical documentation/audit evidence; retained as a record, not current Route 04 or a relationship claim."
audit/phase-3-2c/pre-implementation/public-media-inventory.json,5796,"""logicalId"": ""london-automotive-brand-film-05-gallery"",","Historical documentation/audit evidence; retained as a record, not current Route 04 or a relationship claim."
audit/phase-3-2c/pre-implementation/public-media-inventory.json,5808,"""relativePath"": ""media/art-directed/london-automotive-brand-film-05-gallery/mobile.avif"",","Historical documentation/audit evidence; retained as a record, not current Route 04 or a relationship claim."
audit/phase-3-2c/pre-implementation/public-media-inventory.json,5811,"""logicalId"": ""london-automotive-brand-film-05-gallery"",","Historical documentation/audit evidence; retained as a record, not current Route 04 or a relationship claim."
audit/phase-3-2c/pre-implementation/public-media-inventory.json,5823,"""relativePath"": ""media/art-directed/london-automotive-brand-film-05-gallery/mobile.webp"",","Historical documentation/audit evidence; retained as a record, not current Route 04 or a relationship claim."
audit/phase-3-2c/pre-implementation/public-media-inventory.json,5826,"""logicalId"": ""london-automotive-brand-film-05-gallery"",","Historical documentation/audit evidence; retained as a record, not current Route 04 or a relationship claim."
audit/phase-3-2c/pre-implementation/public-media-inventory.json,5838,"""relativePath"": ""media/art-directed/london-automotive-brand-film-05-gallery/tablet.avif"",","Historical documentation/audit evidence; retained as a record, not current Route 04 or a relationship claim."
audit/phase-3-2c/pre-implementation/public-media-inventory.json,5841,"""logicalId"": ""london-automotive-brand-film-05-gallery"",","Historical documentation/audit evidence; retained as a record, not current Route 04 or a relationship claim."
audit/phase-3-2c/pre-implementation/public-media-inventory.json,5853,"""relativePath"": ""media/art-directed/london-automotive-brand-film-05-gallery/tablet.webp"",","Historical documentation/audit evidence; retained as a record, not current Route 04 or a relationship claim."
audit/phase-3-2c/pre-implementation/public-media-inventory.json,5856,"""logicalId"": ""london-automotive-brand-film-05-gallery"",","Historical documentation/audit evidence; retained as a record, not current Route 04 or a relationship claim."
audit/phase-3-2c/pre-implementation/public-media-inventory.json,5868,"""relativePath"": ""media/art-directed/london-automotive-brand-film-06-gallery/desktop.avif"",","Historical documentation/audit evidence; retained as a record, not current Route 04 or a relationship claim."
audit/phase-3-2c/pre-implementation/public-media-inventory.json,5871,"""logicalId"": ""london-automotive-brand-film-06-gallery"",","Historical documentation/audit evidence; retained as a record, not current Route 04 or a relationship claim."
audit/phase-3-2c/pre-implementation/public-media-inventory.json,5883,"""relativePath"": ""media/art-directed/london-automotive-brand-film-06-gallery/desktop.jpg"",","Historical documentation/audit evidence; retained as a record, not current Route 04 or a relationship claim."
audit/phase-3-2c/pre-implementation/public-media-inventory.json,5886,"""logicalId"": ""london-automotive-brand-film-06-gallery"",","Historical documentation/audit evidence; retained as a record, not current Route 04 or a relationship claim."
audit/phase-3-2c/pre-implementation/public-media-inventory.json,5898,"""relativePath"": ""media/art-directed/london-automotive-brand-film-06-gallery/desktop.webp"",","Historical documentation/audit evidence; retained as a record, not current Route 04 or a relationship claim."
audit/phase-3-2c/pre-implementation/public-media-inventory.json,5901,"""logicalId"": ""london-automotive-brand-film-06-gallery"",","Historical documentation/audit evidence; retained as a record, not current Route 04 or a relationship claim."
audit/phase-3-2c/pre-implementation/public-media-inventory.json,5913,"""relativePath"": ""media/art-directed/london-automotive-brand-film-06-gallery/mobile.avif"",","Historical documentation/audit evidence; retained as a record, not current Route 04 or a relationship claim."
audit/phase-3-2c/pre-implementation/public-media-inventory.json,5916,"""logicalId"": ""london-automotive-brand-film-06-gallery"",","Historical documentation/audit evidence; retained as a record, not current Route 04 or a relationship claim."
audit/phase-3-2c/pre-implementation/public-media-inventory.json,5928,"""relativePath"": ""media/art-directed/london-automotive-brand-film-06-gallery/mobile.webp"",","Historical documentation/audit evidence; retained as a record, not current Route 04 or a relationship claim."
audit/phase-3-2c/pre-implementation/public-media-inventory.json,5931,"""logicalId"": ""london-automotive-brand-film-06-gallery"",","Historical documentation/audit evidence; retained as a record, not current Route 04 or a relationship claim."
audit/phase-3-2c/pre-implementation/public-media-inventory.json,5943,"""relativePath"": ""media/art-directed/london-automotive-brand-film-06-gallery/tablet.avif"",","Historical documentation/audit evidence; retained as a record, not current Route 04 or a relationship claim."
audit/phase-3-2c/pre-implementation/public-media-inventory.json,5946,"""logicalId"": ""london-automotive-brand-film-06-gallery"",","Historical documentation/audit evidence; retained as a record, not current Route 04 or a relationship claim."
audit/phase-3-2c/pre-implementation/public-media-inventory.json,5958,"""relativePath"": ""media/art-directed/london-automotive-brand-film-06-gallery/tablet.webp"",","Historical documentation/audit evidence; retained as a record, not current Route 04 or a relationship claim."
audit/phase-3-2c/pre-implementation/public-media-inventory.json,5961,"""logicalId"": ""london-automotive-brand-film-06-gallery"",","Historical documentation/audit evidence; retained as a record, not current Route 04 or a relationship claim."
audit/phase-3-2c/pre-implementation/public-media-inventory.json,5973,"""relativePath"": ""media/art-directed/london-automotive-brand-film-07-gallery/desktop.avif"",","Historical documentation/audit evidence; retained as a record, not current Route 04 or a relationship claim."
audit/phase-3-2c/pre-implementation/public-media-inventory.json,5976,"""logicalId"": ""london-automotive-brand-film-07-gallery"",","Historical documentation/audit evidence; retained as a record, not current Route 04 or a relationship claim."
audit/phase-3-2c/pre-implementation/public-media-inventory.json,5988,"""relativePath"": ""media/art-directed/london-automotive-brand-film-07-gallery/desktop.jpg"",","Historical documentation/audit evidence; retained as a record, not current Route 04 or a relationship claim."
audit/phase-3-2c/pre-implementation/public-media-inventory.json,5991,"""logicalId"": ""london-automotive-brand-film-07-gallery"",","Historical documentation/audit evidence; retained as a record, not current Route 04 or a relationship claim."
audit/phase-3-2c/pre-implementation/public-media-inventory.json,6003,"""relativePath"": ""media/art-directed/london-automotive-brand-film-07-gallery/desktop.webp"",","Historical documentation/audit evidence; retained as a record, not current Route 04 or a relationship claim."
audit/phase-3-2c/pre-implementation/public-media-inventory.json,6006,"""logicalId"": ""london-automotive-brand-film-07-gallery"",","Historical documentation/audit evidence; retained as a record, not current Route 04 or a relationship claim."
audit/phase-3-2c/pre-implementation/public-media-inventory.json,6018,"""relativePath"": ""media/art-directed/london-automotive-brand-film-07-gallery/mobile.avif"",","Historical documentation/audit evidence; retained as a record, not current Route 04 or a relationship claim."
audit/phase-3-2c/pre-implementation/public-media-inventory.json,6021,"""logicalId"": ""london-automotive-brand-film-07-gallery"",","Historical documentation/audit evidence; retained as a record, not current Route 04 or a relationship claim."
audit/phase-3-2c/pre-implementation/public-media-inventory.json,6033,"""relativePath"": ""media/art-directed/london-automotive-brand-film-07-gallery/mobile.webp"",","Historical documentation/audit evidence; retained as a record, not current Route 04 or a relationship claim."
audit/phase-3-2c/pre-implementation/public-media-inventory.json,6036,"""logicalId"": ""london-automotive-brand-film-07-gallery"",","Historical documentation/audit evidence; retained as a record, not current Route 04 or a relationship claim."
audit/phase-3-2c/pre-implementation/public-media-inventory.json,6048,"""relativePath"": ""media/art-directed/london-automotive-brand-film-07-gallery/tablet.avif"",","Historical documentation/audit evidence; retained as a record, not current Route 04 or a relationship claim."
audit/phase-3-2c/pre-implementation/public-media-inventory.json,6051,"""logicalId"": ""london-automotive-brand-film-07-gallery"",","Historical documentation/audit evidence; retained as a record, not current Route 04 or a relationship claim."
audit/phase-3-2c/pre-implementation/public-media-inventory.json,6063,"""relativePath"": ""media/art-directed/london-automotive-brand-film-07-gallery/tablet.webp"",","Historical documentation/audit evidence; retained as a record, not current Route 04 or a relationship claim."
audit/phase-3-2c/pre-implementation/public-media-inventory.json,6066,"""logicalId"": ""london-automotive-brand-film-07-gallery"",","Historical documentation/audit evidence; retained as a record, not current Route 04 or a relationship claim."
audit/phase-3-2c/pre-implementation/public-media-inventory.json,9423,"""relativePath"": ""media/demo/landscape-film.svg"",","Historical documentation/audit evidence; retained as a record, not current Route 04 or a relationship claim."
audit/phase-3-2c/pre-implementation/public-media-inventory.json,9424,"""filename"": ""landscape-film.svg"",","Historical documentation/audit evidence; retained as a record, not current Route 04 or a relationship claim."
audit/phase-3-2c/pre-implementation/public-media-inventory.json,9426,"""logicalId"": ""media/demo/landscape-film"",","Historical documentation/audit evidence; retained as a record, not current Route 04 or a relationship claim."
audit/phase-3-2c/pre-implementation/public-media-inventory.json,9438,"""relativePath"": ""media/demo/landscape-film.webp"",","Historical documentation/audit evidence; retained as a record, not current Route 04 or a relationship claim."
audit/phase-3-2c/pre-implementation/public-media-inventory.json,9439,"""filename"": ""landscape-film.webp"",","Historical documentation/audit evidence; retained as a record, not current Route 04 or a relationship claim."
audit/phase-3-2c/pre-implementation/public-media-inventory.json,9441,"""logicalId"": ""media/demo/landscape-film"",","Historical documentation/audit evidence; retained as a record, not current Route 04 or a relationship claim."
audit/phase-3-2c/pre-implementation/public-media-inventory.json,14238,"""relativePath"": ""media/portfolio/automotive/london-automotive-brand-film/01-hero-mobile.webp"",","Historical documentation/audit evidence; retained as a record, not current Route 04 or a relationship claim."
audit/phase-3-2c/pre-implementation/public-media-inventory.json,14241,"""logicalId"": ""media/portfolio/automotive/london-automotive-brand-film/01-hero"",","Historical documentation/audit evidence; retained as a record, not current Route 04 or a relationship claim."
audit/phase-3-2c/pre-implementation/public-media-inventory.json,14253,"""relativePath"": ""media/portfolio/automotive/london-automotive-brand-film/01-hero-thumb.webp"",","Historical documentation/audit evidence; retained as a record, not current Route 04 or a relationship claim."
audit/phase-3-2c/pre-implementation/public-media-inventory.json,14256,"""logicalId"": ""media/portfolio/automotive/london-automotive-brand-film/01-hero"",","Historical documentation/audit evidence; retained as a record, not current Route 04 or a relationship claim."
audit/phase-3-2c/pre-implementation/public-media-inventory.json,14268,"""relativePath"": ""media/portfolio/automotive/london-automotive-brand-film/01-hero.avif"",","Historical documentation/audit evidence; retained as a record, not current Route 04 or a relationship claim."
audit/phase-3-2c/pre-implementation/public-media-inventory.json,14271,"""logicalId"": ""media/portfolio/automotive/london-automotive-brand-film/01-hero"",","Historical documentation/audit evidence; retained as a record, not current Route 04 or a relationship claim."
audit/phase-3-2c/pre-implementation/public-media-inventory.json,14283,"""relativePath"": ""media/portfolio/automotive/london-automotive-brand-film/01-hero.webp"",","Historical documentation/audit evidence; retained as a record, not current Route 04 or a relationship claim."
audit/phase-3-2c/pre-implementation/public-media-inventory.json,14286,"""logicalId"": ""media/portfolio/automotive/london-automotive-brand-film/01-hero"",","Historical documentation/audit evidence; retained as a record, not current Route 04 or a relationship claim."
audit/phase-3-2c/pre-implementation/public-media-inventory.json,14298,"""relativePath"": ""media/portfolio/automotive/london-automotive-brand-film/02-cover-mobile.webp"",","Historical documentation/audit evidence; retained as a record, not current Route 04 or a relationship claim."
audit/phase-3-2c/pre-implementation/public-media-inventory.json,14301,"""logicalId"": ""media/portfolio/automotive/london-automotive-brand-film/02-cover"",","Historical documentation/audit evidence; retained as a record, not current Route 04 or a relationship claim."
audit/phase-3-2c/pre-implementation/public-media-inventory.json,14313,"""relativePath"": ""media/portfolio/automotive/london-automotive-brand-film/02-cover-thumb.webp"",","Historical documentation/audit evidence; retained as a record, not current Route 04 or a relationship claim."
audit/phase-3-2c/pre-implementation/public-media-inventory.json,14316,"""logicalId"": ""media/portfolio/automotive/london-automotive-brand-film/02-cover"",","Historical documentation/audit evidence; retained as a record, not current Route 04 or a relationship claim."
audit/phase-3-2c/pre-implementation/public-media-inventory.json,14328,"""relativePath"": ""media/portfolio/automotive/london-automotive-brand-film/02-cover.avif"",","Historical documentation/audit evidence; retained as a record, not current Route 04 or a relationship claim."
audit/phase-3-2c/pre-implementation/public-media-inventory.json,14331,"""logicalId"": ""media/portfolio/automotive/london-automotive-brand-film/02-cover"",","Historical documentation/audit evidence; retained as a record, not current Route 04 or a relationship claim."
audit/phase-3-2c/pre-implementation/public-media-inventory.json,14343,"""relativePath"": ""media/portfolio/automotive/london-automotive-brand-film/02-cover.webp"",","Historical documentation/audit evidence; retained as a record, not current Route 04 or a relationship claim."
audit/phase-3-2c/pre-implementation/public-media-inventory.json,14346,"""logicalId"": ""media/portfolio/automotive/london-automotive-brand-film/02-cover"",","Historical documentation/audit evidence; retained as a record, not current Route 04 or a relationship claim."
audit/phase-3-2c/pre-implementation/public-media-inventory.json,14358,"""relativePath"": ""media/portfolio/automotive/london-automotive-brand-film/03-gallery-mobile.webp"",","Historical documentation/audit evidence; retained as a record, not current Route 04 or a relationship claim."
audit/phase-3-2c/pre-implementation/public-media-inventory.json,14361,"""logicalId"": ""media/portfolio/automotive/london-automotive-brand-film/03-gallery"",","Historical documentation/audit evidence; retained as a record, not current Route 04 or a relationship claim."
audit/phase-3-2c/pre-implementation/public-media-inventory.json,14373,"""relativePath"": ""media/portfolio/automotive/london-automotive-brand-film/03-gallery-thumb.webp"",","Historical documentation/audit evidence; retained as a record, not current Route 04 or a relationship claim."
audit/phase-3-2c/pre-implementation/public-media-inventory.json,14376,"""logicalId"": ""media/portfolio/automotive/london-automotive-brand-film/03-gallery"",","Historical documentation/audit evidence; retained as a record, not current Route 04 or a relationship claim."
audit/phase-3-2c/pre-implementation/public-media-inventory.json,14388,"""relativePath"": ""media/portfolio/automotive/london-automotive-brand-film/03-gallery.avif"",","Historical documentation/audit evidence; retained as a record, not current Route 04 or a relationship claim."
audit/phase-3-2c/pre-implementation/public-media-inventory.json,14391,"""logicalId"": ""media/portfolio/automotive/london-automotive-brand-film/03-gallery"",","Historical documentation/audit evidence; retained as a record, not current Route 04 or a relationship claim."
audit/phase-3-2c/pre-implementation/public-media-inventory.json,14403,"""relativePath"": ""media/portfolio/automotive/london-automotive-brand-film/03-gallery.webp"",","Historical documentation/audit evidence; retained as a record, not current Route 04 or a relationship claim."
audit/phase-3-2c/pre-implementation/public-media-inventory.json,14406,"""logicalId"": ""media/portfolio/automotive/london-automotive-brand-film/03-gallery"",","Historical documentation/audit evidence; retained as a record, not current Route 04 or a relationship claim."
audit/phase-3-2c/pre-implementation/public-media-inventory.json,14418,"""relativePath"": ""media/portfolio/automotive/london-automotive-brand-film/04-gallery-mobile.webp"",","Historical documentation/audit evidence; retained as a record, not current Route 04 or a relationship claim."
audit/phase-3-2c/pre-implementation/public-media-inventory.json,14421,"""logicalId"": ""media/portfolio/automotive/london-automotive-brand-film/04-gallery"",","Historical documentation/audit evidence; retained as a record, not current Route 04 or a relationship claim."
audit/phase-3-2c/pre-implementation/public-media-inventory.json,14433,"""relativePath"": ""media/portfolio/automotive/london-automotive-brand-film/04-gallery-thumb.webp"",","Historical documentation/audit evidence; retained as a record, not current Route 04 or a relationship claim."
audit/phase-3-2c/pre-implementation/public-media-inventory.json,14436,"""logicalId"": ""media/portfolio/automotive/london-automotive-brand-film/04-gallery"",","Historical documentation/audit evidence; retained as a record, not current Route 04 or a relationship claim."
audit/phase-3-2c/pre-implementation/public-media-inventory.json,14448,"""relativePath"": ""media/portfolio/automotive/london-automotive-brand-film/04-gallery.avif"",","Historical documentation/audit evidence; retained as a record, not current Route 04 or a relationship claim."
audit/phase-3-2c/pre-implementation/public-media-inventory.json,14451,"""logicalId"": ""media/portfolio/automotive/london-automotive-brand-film/04-gallery"",","Historical documentation/audit evidence; retained as a record, not current Route 04 or a relationship claim."
audit/phase-3-2c/pre-implementation/public-media-inventory.json,14463,"""relativePath"": ""media/portfolio/automotive/london-automotive-brand-film/04-gallery.webp"",","Historical documentation/audit evidence; retained as a record, not current Route 04 or a relationship claim."
audit/phase-3-2c/pre-implementation/public-media-inventory.json,14466,"""logicalId"": ""media/portfolio/automotive/london-automotive-brand-film/04-gallery"",","Historical documentation/audit evidence; retained as a record, not current Route 04 or a relationship claim."
audit/phase-3-2c/pre-implementation/public-media-inventory.json,14478,"""relativePath"": ""media/portfolio/automotive/london-automotive-brand-film/05-gallery-mobile.webp"",","Historical documentation/audit evidence; retained as a record, not current Route 04 or a relationship claim."
audit/phase-3-2c/pre-implementation/public-media-inventory.json,14481,"""logicalId"": ""media/portfolio/automotive/london-automotive-brand-film/05-gallery"",","Historical documentation/audit evidence; retained as a record, not current Route 04 or a relationship claim."
audit/phase-3-2c/pre-implementation/public-media-inventory.json,14493,"""relativePath"": ""media/portfolio/automotive/london-automotive-brand-film/05-gallery-thumb.webp"",","Historical documentation/audit evidence; retained as a record, not current Route 04 or a relationship claim."
audit/phase-3-2c/pre-implementation/public-media-inventory.json,14496,"""logicalId"": ""media/portfolio/automotive/london-automotive-brand-film/05-gallery"",","Historical documentation/audit evidence; retained as a record, not current Route 04 or a relationship claim."
audit/phase-3-2c/pre-implementation/public-media-inventory.json,14508,"""relativePath"": ""media/portfolio/automotive/london-automotive-brand-film/05-gallery.avif"",","Historical documentation/audit evidence; retained as a record, not current Route 04 or a relationship claim."
audit/phase-3-2c/pre-implementation/public-media-inventory.json,14511,"""logicalId"": ""media/portfolio/automotive/london-automotive-brand-film/05-gallery"",","Historical documentation/audit evidence; retained as a record, not current Route 04 or a relationship claim."
audit/phase-3-2c/pre-implementation/public-media-inventory.json,14523,"""relativePath"": ""media/portfolio/automotive/london-automotive-brand-film/05-gallery.webp"",","Historical documentation/audit evidence; retained as a record, not current Route 04 or a relationship claim."
audit/phase-3-2c/pre-implementation/public-media-inventory.json,14526,"""logicalId"": ""media/portfolio/automotive/london-automotive-brand-film/05-gallery"",","Historical documentation/audit evidence; retained as a record, not current Route 04 or a relationship claim."
audit/phase-3-2c/pre-implementation/public-media-inventory.json,14538,"""relativePath"": ""media/portfolio/automotive/london-automotive-brand-film/06-gallery-mobile.webp"",","Historical documentation/audit evidence; retained as a record, not current Route 04 or a relationship claim."
audit/phase-3-2c/pre-implementation/public-media-inventory.json,14541,"""logicalId"": ""media/portfolio/automotive/london-automotive-brand-film/06-gallery"",","Historical documentation/audit evidence; retained as a record, not current Route 04 or a relationship claim."
audit/phase-3-2c/pre-implementation/public-media-inventory.json,14553,"""relativePath"": ""media/portfolio/automotive/london-automotive-brand-film/06-gallery-thumb.webp"",","Historical documentation/audit evidence; retained as a record, not current Route 04 or a relationship claim."
audit/phase-3-2c/pre-implementation/public-media-inventory.json,14556,"""logicalId"": ""media/portfolio/automotive/london-automotive-brand-film/06-gallery"",","Historical documentation/audit evidence; retained as a record, not current Route 04 or a relationship claim."
audit/phase-3-2c/pre-implementation/public-media-inventory.json,14568,"""relativePath"": ""media/portfolio/automotive/london-automotive-brand-film/06-gallery.avif"",","Historical documentation/audit evidence; retained as a record, not current Route 04 or a relationship claim."
audit/phase-3-2c/pre-implementation/public-media-inventory.json,14571,"""logicalId"": ""media/portfolio/automotive/london-automotive-brand-film/06-gallery"",","Historical documentation/audit evidence; retained as a record, not current Route 04 or a relationship claim."
audit/phase-3-2c/pre-implementation/public-media-inventory.json,14583,"""relativePath"": ""media/portfolio/automotive/london-automotive-brand-film/06-gallery.webp"",","Historical documentation/audit evidence; retained as a record, not current Route 04 or a relationship claim."
audit/phase-3-2c/pre-implementation/public-media-inventory.json,14586,"""logicalId"": ""media/portfolio/automotive/london-automotive-brand-film/06-gallery"",","Historical documentation/audit evidence; retained as a record, not current Route 04 or a relationship claim."
audit/phase-3-2c/pre-implementation/public-media-inventory.json,14598,"""relativePath"": ""media/portfolio/automotive/london-automotive-brand-film/07-gallery-mobile.webp"",","Historical documentation/audit evidence; retained as a record, not current Route 04 or a relationship claim."
audit/phase-3-2c/pre-implementation/public-media-inventory.json,14601,"""logicalId"": ""media/portfolio/automotive/london-automotive-brand-film/07-gallery"",","Historical documentation/audit evidence; retained as a record, not current Route 04 or a relationship claim."
audit/phase-3-2c/pre-implementation/public-media-inventory.json,14613,"""relativePath"": ""media/portfolio/automotive/london-automotive-brand-film/07-gallery-thumb.webp"",","Historical documentation/audit evidence; retained as a record, not current Route 04 or a relationship claim."
audit/phase-3-2c/pre-implementation/public-media-inventory.json,14616,"""logicalId"": ""media/portfolio/automotive/london-automotive-brand-film/07-gallery"",","Historical documentation/audit evidence; retained as a record, not current Route 04 or a relationship claim."
audit/phase-3-2c/pre-implementation/public-media-inventory.json,14628,"""relativePath"": ""media/portfolio/automotive/london-automotive-brand-film/07-gallery.avif"",","Historical documentation/audit evidence; retained as a record, not current Route 04 or a relationship claim."
audit/phase-3-2c/pre-implementation/public-media-inventory.json,14631,"""logicalId"": ""media/portfolio/automotive/london-automotive-brand-film/07-gallery"",","Historical documentation/audit evidence; retained as a record, not current Route 04 or a relationship claim."
audit/phase-3-2c/pre-implementation/public-media-inventory.json,14643,"""relativePath"": ""media/portfolio/automotive/london-automotive-brand-film/07-gallery.webp"",","Historical documentation/audit evidence; retained as a record, not current Route 04 or a relationship claim."
audit/phase-3-2c/pre-implementation/public-media-inventory.json,14646,"""logicalId"": ""media/portfolio/automotive/london-automotive-brand-film/07-gallery"",","Historical documentation/audit evidence; retained as a record, not current Route 04 or a relationship claim."
audit/phase-4-media/media-inventory.json,1600,"""relativePath"": ""portfolio/automotive/london-automotive-brand-film/01-hero.avif"",","Historical documentation/audit evidence; retained as a record, not current Route 04 or a relationship claim."
audit/phase-4-media/media-inventory.json,1601,"""directory"": ""portfolio/automotive/london-automotive-brand-film"",","Historical documentation/audit evidence; retained as a record, not current Route 04 or a relationship claim."
audit/phase-4-media/media-inventory.json,1609,"""variantGroup"": ""portfolio/automotive/london-automotive-brand-film/01"",","Historical documentation/audit evidence; retained as a record, not current Route 04 or a relationship claim."
audit/phase-4-media/media-inventory.json,1610,"""likelyProject"": ""portfolio/automotive/london-automotive-brand-film/01-hero.avif"",","Historical documentation/audit evidence; retained as a record, not current Route 04 or a relationship claim."
audit/phase-4-media/media-inventory.json,1628,"""relativePath"": ""portfolio/automotive/london-automotive-brand-film/01-hero.webp"",","Historical documentation/audit evidence; retained as a record, not current Route 04 or a relationship claim."
audit/phase-4-media/media-inventory.json,1629,"""directory"": ""portfolio/automotive/london-automotive-brand-film"",","Historical documentation/audit evidence; retained as a record, not current Route 04 or a relationship claim."
audit/phase-4-media/media-inventory.json,1637,"""variantGroup"": ""portfolio/automotive/london-automotive-brand-film/01"",","Historical documentation/audit evidence; retained as a record, not current Route 04 or a relationship claim."
audit/phase-4-media/media-inventory.json,1638,"""likelyProject"": ""portfolio/automotive/london-automotive-brand-film/01-hero.webp"",","Historical documentation/audit evidence; retained as a record, not current Route 04 or a relationship claim."
audit/phase-4-media/media-inventory.json,1656,"""relativePath"": ""portfolio/automotive/london-automotive-brand-film/02-cover.avif"",","Historical documentation/audit evidence; retained as a record, not current Route 04 or a relationship claim."
audit/phase-4-media/media-inventory.json,1657,"""directory"": ""portfolio/automotive/london-automotive-brand-film"",","Historical documentation/audit evidence; retained as a record, not current Route 04 or a relationship claim."
audit/phase-4-media/media-inventory.json,1665,"""variantGroup"": ""portfolio/automotive/london-automotive-brand-film/02"",","Historical documentation/audit evidence; retained as a record, not current Route 04 or a relationship claim."
audit/phase-4-media/media-inventory.json,1666,"""likelyProject"": ""portfolio/automotive/london-automotive-brand-film/02-cover.avif"",","Historical documentation/audit evidence; retained as a record, not current Route 04 or a relationship claim."
audit/phase-4-media/media-inventory.json,1684,"""relativePath"": ""portfolio/automotive/london-automotive-brand-film/02-cover.webp"",","Historical documentation/audit evidence; retained as a record, not current Route 04 or a relationship claim."
audit/phase-4-media/media-inventory.json,1685,"""directory"": ""portfolio/automotive/london-automotive-brand-film"",","Historical documentation/audit evidence; retained as a record, not current Route 04 or a relationship claim."
audit/phase-4-media/media-inventory.json,1693,"""variantGroup"": ""portfolio/automotive/london-automotive-brand-film/02"",","Historical documentation/audit evidence; retained as a record, not current Route 04 or a relationship claim."
audit/phase-4-media/media-inventory.json,1694,"""likelyProject"": ""portfolio/automotive/london-automotive-brand-film/02-cover.webp"",","Historical documentation/audit evidence; retained as a record, not current Route 04 or a relationship claim."
audit/phase-4-media/media-inventory.json,1712,"""relativePath"": ""portfolio/automotive/london-automotive-brand-film/03-gallery.avif"",","Historical documentation/audit evidence; retained as a record, not current Route 04 or a relationship claim."
audit/phase-4-media/media-inventory.json,1713,"""directory"": ""portfolio/automotive/london-automotive-brand-film"",","Historical documentation/audit evidence; retained as a record, not current Route 04 or a relationship claim."
audit/phase-4-media/media-inventory.json,1721,"""variantGroup"": ""portfolio/automotive/london-automotive-brand-film/03"",","Historical documentation/audit evidence; retained as a record, not current Route 04 or a relationship claim."
audit/phase-4-media/media-inventory.json,1722,"""likelyProject"": ""portfolio/automotive/london-automotive-brand-film/03-gallery.avif"",","Historical documentation/audit evidence; retained as a record, not current Route 04 or a relationship claim."
audit/phase-4-media/media-inventory.json,1740,"""relativePath"": ""portfolio/automotive/london-automotive-brand-film/03-gallery.webp"",","Historical documentation/audit evidence; retained as a record, not current Route 04 or a relationship claim."
audit/phase-4-media/media-inventory.json,1741,"""directory"": ""portfolio/automotive/london-automotive-brand-film"",","Historical documentation/audit evidence; retained as a record, not current Route 04 or a relationship claim."
audit/phase-4-media/media-inventory.json,1749,"""variantGroup"": ""portfolio/automotive/london-automotive-brand-film/03"",","Historical documentation/audit evidence; retained as a record, not current Route 04 or a relationship claim."
audit/phase-4-media/media-inventory.json,1750,"""likelyProject"": ""portfolio/automotive/london-automotive-brand-film/03-gallery.webp"",","Historical documentation/audit evidence; retained as a record, not current Route 04 or a relationship claim."
audit/phase-4-media/media-inventory.json,1768,"""relativePath"": ""portfolio/automotive/london-automotive-brand-film/04-gallery.avif"",","Historical documentation/audit evidence; retained as a record, not current Route 04 or a relationship claim."
audit/phase-4-media/media-inventory.json,1769,"""directory"": ""portfolio/automotive/london-automotive-brand-film"",","Historical documentation/audit evidence; retained as a record, not current Route 04 or a relationship claim."
audit/phase-4-media/media-inventory.json,1777,"""variantGroup"": ""portfolio/automotive/london-automotive-brand-film/04"",","Historical documentation/audit evidence; retained as a record, not current Route 04 or a relationship claim."
audit/phase-4-media/media-inventory.json,1778,"""likelyProject"": ""portfolio/automotive/london-automotive-brand-film/04-gallery.avif"",","Historical documentation/audit evidence; retained as a record, not current Route 04 or a relationship claim."
audit/phase-4-media/media-inventory.json,1796,"""relativePath"": ""portfolio/automotive/london-automotive-brand-film/04-gallery.webp"",","Historical documentation/audit evidence; retained as a record, not current Route 04 or a relationship claim."
audit/phase-4-media/media-inventory.json,1797,"""directory"": ""portfolio/automotive/london-automotive-brand-film"",","Historical documentation/audit evidence; retained as a record, not current Route 04 or a relationship claim."
audit/phase-4-media/media-inventory.json,1805,"""variantGroup"": ""portfolio/automotive/london-automotive-brand-film/04"",","Historical documentation/audit evidence; retained as a record, not current Route 04 or a relationship claim."
audit/phase-4-media/media-inventory.json,1806,"""likelyProject"": ""portfolio/automotive/london-automotive-brand-film/04-gallery.webp"",","Historical documentation/audit evidence; retained as a record, not current Route 04 or a relationship claim."
audit/phase-4-media/media-inventory.json,1824,"""relativePath"": ""portfolio/automotive/london-automotive-brand-film/06-gallery.avif"",","Historical documentation/audit evidence; retained as a record, not current Route 04 or a relationship claim."
audit/phase-4-media/media-inventory.json,1825,"""directory"": ""portfolio/automotive/london-automotive-brand-film"",","Historical documentation/audit evidence; retained as a record, not current Route 04 or a relationship claim."
audit/phase-4-media/media-inventory.json,1833,"""variantGroup"": ""portfolio/automotive/london-automotive-brand-film/06"",","Historical documentation/audit evidence; retained as a record, not current Route 04 or a relationship claim."
audit/phase-4-media/media-inventory.json,1834,"""likelyProject"": ""portfolio/automotive/london-automotive-brand-film/06-gallery.avif"",","Historical documentation/audit evidence; retained as a record, not current Route 04 or a relationship claim."
audit/phase-4-media/media-inventory.json,1852,"""relativePath"": ""portfolio/automotive/london-automotive-brand-film/06-gallery.webp"",","Historical documentation/audit evidence; retained as a record, not current Route 04 or a relationship claim."
audit/phase-4-media/media-inventory.json,1853,"""directory"": ""portfolio/automotive/london-automotive-brand-film"",","Historical documentation/audit evidence; retained as a record, not current Route 04 or a relationship claim."
audit/phase-4-media/media-inventory.json,1861,"""variantGroup"": ""portfolio/automotive/london-automotive-brand-film/06"",","Historical documentation/audit evidence; retained as a record, not current Route 04 or a relationship claim."
audit/phase-4-media/media-inventory.json,1862,"""likelyProject"": ""portfolio/automotive/london-automotive-brand-film/06-gallery.webp"",","Historical documentation/audit evidence; retained as a record, not current Route 04 or a relationship claim."
audit/phase-4-media/media-inventory.json,1880,"""relativePath"": ""portfolio/automotive/london-automotive-brand-film/07-gallery.avif"",","Historical documentation/audit evidence; retained as a record, not current Route 04 or a relationship claim."
audit/phase-4-media/media-inventory.json,1881,"""directory"": ""portfolio/automotive/london-automotive-brand-film"",","Historical documentation/audit evidence; retained as a record, not current Route 04 or a relationship claim."
audit/phase-4-media/media-inventory.json,1889,"""variantGroup"": ""portfolio/automotive/london-automotive-brand-film/07"",","Historical documentation/audit evidence; retained as a record, not current Route 04 or a relationship claim."
audit/phase-4-media/media-inventory.json,1890,"""likelyProject"": ""portfolio/automotive/london-automotive-brand-film/07-gallery.avif"",","Historical documentation/audit evidence; retained as a record, not current Route 04 or a relationship claim."
audit/phase-4-media/media-inventory.json,1908,"""relativePath"": ""portfolio/automotive/london-automotive-brand-film/07-gallery.webp"",","Historical documentation/audit evidence; retained as a record, not current Route 04 or a relationship claim."
audit/phase-4-media/media-inventory.json,1909,"""directory"": ""portfolio/automotive/london-automotive-brand-film"",","Historical documentation/audit evidence; retained as a record, not current Route 04 or a relationship claim."
audit/phase-4-media/media-inventory.json,1917,"""variantGroup"": ""portfolio/automotive/london-automotive-brand-film/07"",","Historical documentation/audit evidence; retained as a record, not current Route 04 or a relationship claim."
audit/phase-4-media/media-inventory.json,1918,"""likelyProject"": ""portfolio/automotive/london-automotive-brand-film/07-gallery.webp"",","Historical documentation/audit evidence; retained as a record, not current Route 04 or a relationship claim."
audit/phase-4-media/media-inventory.json,2104,"""relativePath"": ""portfolio/automotive/london-automotive-brand-film/05-gallery.avif"",","Historical documentation/audit evidence; retained as a record, not current Route 04 or a relationship claim."
audit/phase-4-media/media-inventory.json,2105,"""directory"": ""portfolio/automotive/london-automotive-brand-film"",","Historical documentation/audit evidence; retained as a record, not current Route 04 or a relationship claim."
audit/phase-4-media/media-inventory.json,2113,"""variantGroup"": ""portfolio/automotive/london-automotive-brand-film/05"",","Historical documentation/audit evidence; retained as a record, not current Route 04 or a relationship claim."
audit/phase-4-media/media-inventory.json,2114,"""likelyProject"": ""portfolio/automotive/london-automotive-brand-film/05-gallery.avif"",","Historical documentation/audit evidence; retained as a record, not current Route 04 or a relationship claim."
audit/phase-4-media/media-inventory.json,2132,"""relativePath"": ""portfolio/automotive/london-automotive-brand-film/05-gallery.webp"",","Historical documentation/audit evidence; retained as a record, not current Route 04 or a relationship claim."
audit/phase-4-media/media-inventory.json,2133,"""directory"": ""portfolio/automotive/london-automotive-brand-film"",","Historical documentation/audit evidence; retained as a record, not current Route 04 or a relationship claim."
audit/phase-4-media/media-inventory.json,2141,"""variantGroup"": ""portfolio/automotive/london-automotive-brand-film/05"",","Historical documentation/audit evidence; retained as a record, not current Route 04 or a relationship claim."
audit/phase-4-media/media-inventory.json,2142,"""likelyProject"": ""portfolio/automotive/london-automotive-brand-film/05-gallery.webp"",","Historical documentation/audit evidence; retained as a record, not current Route 04 or a relationship claim."
audit/phase-4-media/media-inventory.json,3420,"""relativePath"": ""portfolio/automotive/london-automotive-brand-film/01-hero-mobile.webp"",","Historical documentation/audit evidence; retained as a record, not current Route 04 or a relationship claim."
audit/phase-4-media/media-inventory.json,3421,"""directory"": ""portfolio/automotive/london-automotive-brand-film"",","Historical documentation/audit evidence; retained as a record, not current Route 04 or a relationship claim."
audit/phase-4-media/media-inventory.json,3429,"""variantGroup"": ""portfolio/automotive/london-automotive-brand-film/01-hero"",","Historical documentation/audit evidence; retained as a record, not current Route 04 or a relationship claim."
audit/phase-4-media/media-inventory.json,3430,"""likelyProject"": ""portfolio/automotive/london-automotive-brand-film/01-hero-mobile.webp"",","Historical documentation/audit evidence; retained as a record, not current Route 04 or a relationship claim."
audit/phase-4-media/media-inventory.json,3448,"""relativePath"": ""portfolio/automotive/london-automotive-brand-film/02-cover-mobile.webp"",","Historical documentation/audit evidence; retained as a record, not current Route 04 or a relationship claim."
audit/phase-4-media/media-inventory.json,3449,"""directory"": ""portfolio/automotive/london-automotive-brand-film"",","Historical documentation/audit evidence; retained as a record, not current Route 04 or a relationship claim."
audit/phase-4-media/media-inventory.json,3457,"""variantGroup"": ""portfolio/automotive/london-automotive-brand-film/02-cover"",","Historical documentation/audit evidence; retained as a record, not current Route 04 or a relationship claim."
audit/phase-4-media/media-inventory.json,3458,"""likelyProject"": ""portfolio/automotive/london-automotive-brand-film/02-cover-mobile.webp"",","Historical documentation/audit evidence; retained as a record, not current Route 04 or a relationship claim."
audit/phase-4-media/media-inventory.json,3476,"""relativePath"": ""portfolio/automotive/london-automotive-brand-film/03-gallery-mobile.webp"",","Historical documentation/audit evidence; retained as a record, not current Route 04 or a relationship claim."
audit/phase-4-media/media-inventory.json,3477,"""directory"": ""portfolio/automotive/london-automotive-brand-film"",","Historical documentation/audit evidence; retained as a record, not current Route 04 or a relationship claim."
audit/phase-4-media/media-inventory.json,3485,"""variantGroup"": ""portfolio/automotive/london-automotive-brand-film/03-gallery"",","Historical documentation/audit evidence; retained as a record, not current Route 04 or a relationship claim."
audit/phase-4-media/media-inventory.json,3486,"""likelyProject"": ""portfolio/automotive/london-automotive-brand-film/03-gallery-mobile.webp"",","Historical documentation/audit evidence; retained as a record, not current Route 04 or a relationship claim."
audit/phase-4-media/media-inventory.json,3504,"""relativePath"": ""portfolio/automotive/london-automotive-brand-film/04-gallery-mobile.webp"",","Historical documentation/audit evidence; retained as a record, not current Route 04 or a relationship claim."
audit/phase-4-media/media-inventory.json,3505,"""directory"": ""portfolio/automotive/london-automotive-brand-film"",","Historical documentation/audit evidence; retained as a record, not current Route 04 or a relationship claim."
audit/phase-4-media/media-inventory.json,3513,"""variantGroup"": ""portfolio/automotive/london-automotive-brand-film/04-gallery"",","Historical documentation/audit evidence; retained as a record, not current Route 04 or a relationship claim."
audit/phase-4-media/media-inventory.json,3514,"""likelyProject"": ""portfolio/automotive/london-automotive-brand-film/04-gallery-mobile.webp"",","Historical documentation/audit evidence; retained as a record, not current Route 04 or a relationship claim."
audit/phase-4-media/media-inventory.json,3532,"""relativePath"": ""portfolio/automotive/london-automotive-brand-film/06-gallery-mobile.webp"",","Historical documentation/audit evidence; retained as a record, not current Route 04 or a relationship claim."
audit/phase-4-media/media-inventory.json,3533,"""directory"": ""portfolio/automotive/london-automotive-brand-film"",","Historical documentation/audit evidence; retained as a record, not current Route 04 or a relationship claim."
audit/phase-4-media/media-inventory.json,3541,"""variantGroup"": ""portfolio/automotive/london-automotive-brand-film/06-gallery"",","Historical documentation/audit evidence; retained as a record, not current Route 04 or a relationship claim."
audit/phase-4-media/media-inventory.json,3542,"""likelyProject"": ""portfolio/automotive/london-automotive-brand-film/06-gallery-mobile.webp"",","Historical documentation/audit evidence; retained as a record, not current Route 04 or a relationship claim."
audit/phase-4-media/media-inventory.json,3560,"""relativePath"": ""portfolio/automotive/london-automotive-brand-film/07-gallery-mobile.webp"",","Historical documentation/audit evidence; retained as a record, not current Route 04 or a relationship claim."
audit/phase-4-media/media-inventory.json,3561,"""directory"": ""portfolio/automotive/london-automotive-brand-film"",","Historical documentation/audit evidence; retained as a record, not current Route 04 or a relationship claim."
audit/phase-4-media/media-inventory.json,3569,"""variantGroup"": ""portfolio/automotive/london-automotive-brand-film/07-gallery"",","Historical documentation/audit evidence; retained as a record, not current Route 04 or a relationship claim."
audit/phase-4-media/media-inventory.json,3570,"""likelyProject"": ""portfolio/automotive/london-automotive-brand-film/07-gallery-mobile.webp"",","Historical documentation/audit evidence; retained as a record, not current Route 04 or a relationship claim."
audit/phase-4-media/media-inventory.json,3868,"""relativePath"": ""portfolio/automotive/london-automotive-brand-film/05-gallery-mobile.webp"",","Historical documentation/audit evidence; retained as a record, not current Route 04 or a relationship claim."
audit/phase-4-media/media-inventory.json,3869,"""directory"": ""portfolio/automotive/london-automotive-brand-film"",","Historical documentation/audit evidence; retained as a record, not current Route 04 or a relationship claim."
audit/phase-4-media/media-inventory.json,3877,"""variantGroup"": ""portfolio/automotive/london-automotive-brand-film/05-gallery"",","Historical documentation/audit evidence; retained as a record, not current Route 04 or a relationship claim."
audit/phase-4-media/media-inventory.json,3878,"""likelyProject"": ""portfolio/automotive/london-automotive-brand-film/05-gallery-mobile.webp"",","Historical documentation/audit evidence; retained as a record, not current Route 04 or a relationship claim."
audit/phase-4-media/media-inventory.json,4680,"""relativePath"": ""art-directed/london-automotive-brand-film-01-hero/desktop.avif"",","Historical documentation/audit evidence; retained as a record, not current Route 04 or a relationship claim."
audit/phase-4-media/media-inventory.json,4681,"""directory"": ""art-directed/london-automotive-brand-film-01-hero"",","Historical documentation/audit evidence; retained as a record, not current Route 04 or a relationship claim."
audit/phase-4-media/media-inventory.json,4689,"""variantGroup"": ""art-directed/london-automotive-brand-film-01-hero/desktop"",","Historical documentation/audit evidence; retained as a record, not current Route 04 or a relationship claim."
audit/phase-4-media/media-inventory.json,4690,"""likelyProject"": ""art-directed/london-automotive-brand-film-01-hero/desktop.avif"",","Historical documentation/audit evidence; retained as a record, not current Route 04 or a relationship claim."
audit/phase-4-media/media-inventory.json,4708,"""relativePath"": ""art-directed/london-automotive-brand-film-01-hero/desktop.jpg"",","Historical documentation/audit evidence; retained as a record, not current Route 04 or a relationship claim."
audit/phase-4-media/media-inventory.json,4709,"""directory"": ""art-directed/london-automotive-brand-film-01-hero"",","Historical documentation/audit evidence; retained as a record, not current Route 04 or a relationship claim."
audit/phase-4-media/media-inventory.json,4717,"""variantGroup"": ""art-directed/london-automotive-brand-film-01-hero/desktop"",","Historical documentation/audit evidence; retained as a record, not current Route 04 or a relationship claim."
audit/phase-4-media/media-inventory.json,4718,"""likelyProject"": ""art-directed/london-automotive-brand-film-01-hero/desktop.jpg"",","Historical documentation/audit evidence; retained as a record, not current Route 04 or a relationship claim."
audit/phase-4-media/media-inventory.json,4736,"""relativePath"": ""art-directed/london-automotive-brand-film-01-hero/desktop.webp"",","Historical documentation/audit evidence; retained as a record, not current Route 04 or a relationship claim."
audit/phase-4-media/media-inventory.json,4737,"""directory"": ""art-directed/london-automotive-brand-film-01-hero"",","Historical documentation/audit evidence; retained as a record, not current Route 04 or a relationship claim."
audit/phase-4-media/media-inventory.json,4745,"""variantGroup"": ""art-directed/london-automotive-brand-film-01-hero/desktop"",","Historical documentation/audit evidence; retained as a record, not current Route 04 or a relationship claim."
audit/phase-4-media/media-inventory.json,4746,"""likelyProject"": ""art-directed/london-automotive-brand-film-01-hero/desktop.webp"",","Historical documentation/audit evidence; retained as a record, not current Route 04 or a relationship claim."
audit/phase-4-media/media-inventory.json,4764,"""relativePath"": ""art-directed/london-automotive-brand-film-02-cover/desktop.avif"",","Historical documentation/audit evidence; retained as a record, not current Route 04 or a relationship claim."
audit/phase-4-media/media-inventory.json,4765,"""directory"": ""art-directed/london-automotive-brand-film-02-cover"",","Historical documentation/audit evidence; retained as a record, not current Route 04 or a relationship claim."
audit/phase-4-media/media-inventory.json,4773,"""variantGroup"": ""art-directed/london-automotive-brand-film-02-cover/desktop"",","Historical documentation/audit evidence; retained as a record, not current Route 04 or a relationship claim."
audit/phase-4-media/media-inventory.json,4774,"""likelyProject"": ""art-directed/london-automotive-brand-film-02-cover/desktop.avif"",","Historical documentation/audit evidence; retained as a record, not current Route 04 or a relationship claim."
audit/phase-4-media/media-inventory.json,4792,"""relativePath"": ""art-directed/london-automotive-brand-film-02-cover/desktop.jpg"",","Historical documentation/audit evidence; retained as a record, not current Route 04 or a relationship claim."
audit/phase-4-media/media-inventory.json,4793,"""directory"": ""art-directed/london-automotive-brand-film-02-cover"",","Historical documentation/audit evidence; retained as a record, not current Route 04 or a relationship claim."
audit/phase-4-media/media-inventory.json,4801,"""variantGroup"": ""art-directed/london-automotive-brand-film-02-cover/desktop"",","Historical documentation/audit evidence; retained as a record, not current Route 04 or a relationship claim."
audit/phase-4-media/media-inventory.json,4802,"""likelyProject"": ""art-directed/london-automotive-brand-film-02-cover/desktop.jpg"",","Historical documentation/audit evidence; retained as a record, not current Route 04 or a relationship claim."
audit/phase-4-media/media-inventory.json,4820,"""relativePath"": ""art-directed/london-automotive-brand-film-02-cover/desktop.webp"",","Historical documentation/audit evidence; retained as a record, not current Route 04 or a relationship claim."
audit/phase-4-media/media-inventory.json,4821,"""directory"": ""art-directed/london-automotive-brand-film-02-cover"",","Historical documentation/audit evidence; retained as a record, not current Route 04 or a relationship claim."
audit/phase-4-media/media-inventory.json,4829,"""variantGroup"": ""art-directed/london-automotive-brand-film-02-cover/desktop"",","Historical documentation/audit evidence; retained as a record, not current Route 04 or a relationship claim."
audit/phase-4-media/media-inventory.json,4830,"""likelyProject"": ""art-directed/london-automotive-brand-film-02-cover/desktop.webp"",","Historical documentation/audit evidence; retained as a record, not current Route 04 or a relationship claim."
audit/phase-4-media/media-inventory.json,4848,"""relativePath"": ""art-directed/london-automotive-brand-film-03-gallery/desktop.avif"",","Historical documentation/audit evidence; retained as a record, not current Route 04 or a relationship claim."
audit/phase-4-media/media-inventory.json,4849,"""directory"": ""art-directed/london-automotive-brand-film-03-gallery"",","Historical documentation/audit evidence; retained as a record, not current Route 04 or a relationship claim."
audit/phase-4-media/media-inventory.json,4857,"""variantGroup"": ""art-directed/london-automotive-brand-film-03-gallery/desktop"",","Historical documentation/audit evidence; retained as a record, not current Route 04 or a relationship claim."
audit/phase-4-media/media-inventory.json,4858,"""likelyProject"": ""art-directed/london-automotive-brand-film-03-gallery/desktop.avif"",","Historical documentation/audit evidence; retained as a record, not current Route 04 or a relationship claim."
audit/phase-4-media/media-inventory.json,4876,"""relativePath"": ""art-directed/london-automotive-brand-film-03-gallery/desktop.jpg"",","Historical documentation/audit evidence; retained as a record, not current Route 04 or a relationship claim."
audit/phase-4-media/media-inventory.json,4877,"""directory"": ""art-directed/london-automotive-brand-film-03-gallery"",","Historical documentation/audit evidence; retained as a record, not current Route 04 or a relationship claim."
audit/phase-4-media/media-inventory.json,4885,"""variantGroup"": ""art-directed/london-automotive-brand-film-03-gallery/desktop"",","Historical documentation/audit evidence; retained as a record, not current Route 04 or a relationship claim."
audit/phase-4-media/media-inventory.json,4886,"""likelyProject"": ""art-directed/london-automotive-brand-film-03-gallery/desktop.jpg"",","Historical documentation/audit evidence; retained as a record, not current Route 04 or a relationship claim."
audit/phase-4-media/media-inventory.json,4904,"""relativePath"": ""art-directed/london-automotive-brand-film-03-gallery/desktop.webp"",","Historical documentation/audit evidence; retained as a record, not current Route 04 or a relationship claim."
audit/phase-4-media/media-inventory.json,4905,"""directory"": ""art-directed/london-automotive-brand-film-03-gallery"",","Historical documentation/audit evidence; retained as a record, not current Route 04 or a relationship claim."
audit/phase-4-media/media-inventory.json,4913,"""variantGroup"": ""art-directed/london-automotive-brand-film-03-gallery/desktop"",","Historical documentation/audit evidence; retained as a record, not current Route 04 or a relationship claim."
audit/phase-4-media/media-inventory.json,4914,"""likelyProject"": ""art-directed/london-automotive-brand-film-03-gallery/desktop.webp"",","Historical documentation/audit evidence; retained as a record, not current Route 04 or a relationship claim."
audit/phase-4-media/media-inventory.json,4932,"""relativePath"": ""art-directed/london-automotive-brand-film-04-gallery/desktop.avif"",","Historical documentation/audit evidence; retained as a record, not current Route 04 or a relationship claim."
audit/phase-4-media/media-inventory.json,4933,"""directory"": ""art-directed/london-automotive-brand-film-04-gallery"",","Historical documentation/audit evidence; retained as a record, not current Route 04 or a relationship claim."
audit/phase-4-media/media-inventory.json,4941,"""variantGroup"": ""art-directed/london-automotive-brand-film-04-gallery/desktop"",","Historical documentation/audit evidence; retained as a record, not current Route 04 or a relationship claim."
audit/phase-4-media/media-inventory.json,4942,"""likelyProject"": ""art-directed/london-automotive-brand-film-04-gallery/desktop.avif"",","Historical documentation/audit evidence; retained as a record, not current Route 04 or a relationship claim."
audit/phase-4-media/media-inventory.json,4960,"""relativePath"": ""art-directed/london-automotive-brand-film-04-gallery/desktop.jpg"",","Historical documentation/audit evidence; retained as a record, not current Route 04 or a relationship claim."
audit/phase-4-media/media-inventory.json,4961,"""directory"": ""art-directed/london-automotive-brand-film-04-gallery"",","Historical documentation/audit evidence; retained as a record, not current Route 04 or a relationship claim."
audit/phase-4-media/media-inventory.json,4969,"""variantGroup"": ""art-directed/london-automotive-brand-film-04-gallery/desktop"",","Historical documentation/audit evidence; retained as a record, not current Route 04 or a relationship claim."
audit/phase-4-media/media-inventory.json,4970,"""likelyProject"": ""art-directed/london-automotive-brand-film-04-gallery/desktop.jpg"",","Historical documentation/audit evidence; retained as a record, not current Route 04 or a relationship claim."
audit/phase-4-media/media-inventory.json,4988,"""relativePath"": ""art-directed/london-automotive-brand-film-04-gallery/desktop.webp"",","Historical documentation/audit evidence; retained as a record, not current Route 04 or a relationship claim."
audit/phase-4-media/media-inventory.json,4989,"""directory"": ""art-directed/london-automotive-brand-film-04-gallery"",","Historical documentation/audit evidence; retained as a record, not current Route 04 or a relationship claim."
audit/phase-4-media/media-inventory.json,4997,"""variantGroup"": ""art-directed/london-automotive-brand-film-04-gallery/desktop"",","Historical documentation/audit evidence; retained as a record, not current Route 04 or a relationship claim."
audit/phase-4-media/media-inventory.json,4998,"""likelyProject"": ""art-directed/london-automotive-brand-film-04-gallery/desktop.webp"",","Historical documentation/audit evidence; retained as a record, not current Route 04 or a relationship claim."
audit/phase-4-media/media-inventory.json,5016,"""relativePath"": ""art-directed/london-automotive-brand-film-06-gallery/desktop.avif"",","Historical documentation/audit evidence; retained as a record, not current Route 04 or a relationship claim."
audit/phase-4-media/media-inventory.json,5017,"""directory"": ""art-directed/london-automotive-brand-film-06-gallery"",","Historical documentation/audit evidence; retained as a record, not current Route 04 or a relationship claim."
audit/phase-4-media/media-inventory.json,5025,"""variantGroup"": ""art-directed/london-automotive-brand-film-06-gallery/desktop"",","Historical documentation/audit evidence; retained as a record, not current Route 04 or a relationship claim."
audit/phase-4-media/media-inventory.json,5026,"""likelyProject"": ""art-directed/london-automotive-brand-film-06-gallery/desktop.avif"",","Historical documentation/audit evidence; retained as a record, not current Route 04 or a relationship claim."
audit/phase-4-media/media-inventory.json,5044,"""relativePath"": ""art-directed/london-automotive-brand-film-06-gallery/desktop.jpg"",","Historical documentation/audit evidence; retained as a record, not current Route 04 or a relationship claim."
audit/phase-4-media/media-inventory.json,5045,"""directory"": ""art-directed/london-automotive-brand-film-06-gallery"",","Historical documentation/audit evidence; retained as a record, not current Route 04 or a relationship claim."
audit/phase-4-media/media-inventory.json,5053,"""variantGroup"": ""art-directed/london-automotive-brand-film-06-gallery/desktop"",","Historical documentation/audit evidence; retained as a record, not current Route 04 or a relationship claim."
audit/phase-4-media/media-inventory.json,5054,"""likelyProject"": ""art-directed/london-automotive-brand-film-06-gallery/desktop.jpg"",","Historical documentation/audit evidence; retained as a record, not current Route 04 or a relationship claim."
audit/phase-4-media/media-inventory.json,5072,"""relativePath"": ""art-directed/london-automotive-brand-film-06-gallery/desktop.webp"",","Historical documentation/audit evidence; retained as a record, not current Route 04 or a relationship claim."
audit/phase-4-media/media-inventory.json,5073,"""directory"": ""art-directed/london-automotive-brand-film-06-gallery"",","Historical documentation/audit evidence; retained as a record, not current Route 04 or a relationship claim."
audit/phase-4-media/media-inventory.json,5081,"""variantGroup"": ""art-directed/london-automotive-brand-film-06-gallery/desktop"",","Historical documentation/audit evidence; retained as a record, not current Route 04 or a relationship claim."
audit/phase-4-media/media-inventory.json,5082,"""likelyProject"": ""art-directed/london-automotive-brand-film-06-gallery/desktop.webp"",","Historical documentation/audit evidence; retained as a record, not current Route 04 or a relationship claim."
audit/phase-4-media/media-inventory.json,5100,"""relativePath"": ""art-directed/london-automotive-brand-film-07-gallery/desktop.avif"",","Historical documentation/audit evidence; retained as a record, not current Route 04 or a relationship claim."
audit/phase-4-media/media-inventory.json,5101,"""directory"": ""art-directed/london-automotive-brand-film-07-gallery"",","Historical documentation/audit evidence; retained as a record, not current Route 04 or a relationship claim."
audit/phase-4-media/media-inventory.json,5109,"""variantGroup"": ""art-directed/london-automotive-brand-film-07-gallery/desktop"",","Historical documentation/audit evidence; retained as a record, not current Route 04 or a relationship claim."
audit/phase-4-media/media-inventory.json,5110,"""likelyProject"": ""art-directed/london-automotive-brand-film-07-gallery/desktop.avif"",","Historical documentation/audit evidence; retained as a record, not current Route 04 or a relationship claim."
audit/phase-4-media/media-inventory.json,5128,"""relativePath"": ""art-directed/london-automotive-brand-film-07-gallery/desktop.jpg"",","Historical documentation/audit evidence; retained as a record, not current Route 04 or a relationship claim."
audit/phase-4-media/media-inventory.json,5129,"""directory"": ""art-directed/london-automotive-brand-film-07-gallery"",","Historical documentation/audit evidence; retained as a record, not current Route 04 or a relationship claim."
audit/phase-4-media/media-inventory.json,5137,"""variantGroup"": ""art-directed/london-automotive-brand-film-07-gallery/desktop"",","Historical documentation/audit evidence; retained as a record, not current Route 04 or a relationship claim."
audit/phase-4-media/media-inventory.json,5138,"""likelyProject"": ""art-directed/london-automotive-brand-film-07-gallery/desktop.jpg"",","Historical documentation/audit evidence; retained as a record, not current Route 04 or a relationship claim."
audit/phase-4-media/media-inventory.json,5156,"""relativePath"": ""art-directed/london-automotive-brand-film-07-gallery/desktop.webp"",","Historical documentation/audit evidence; retained as a record, not current Route 04 or a relationship claim."
audit/phase-4-media/media-inventory.json,5157,"""directory"": ""art-directed/london-automotive-brand-film-07-gallery"",","Historical documentation/audit evidence; retained as a record, not current Route 04 or a relationship claim."
audit/phase-4-media/media-inventory.json,5165,"""variantGroup"": ""art-directed/london-automotive-brand-film-07-gallery/desktop"",","Historical documentation/audit evidence; retained as a record, not current Route 04 or a relationship claim."
audit/phase-4-media/media-inventory.json,5166,"""likelyProject"": ""art-directed/london-automotive-brand-film-07-gallery/desktop.webp"",","Historical documentation/audit evidence; retained as a record, not current Route 04 or a relationship claim."
audit/phase-4-media/media-inventory.json,7536,"""relativePath"": ""portfolio/automotive/london-automotive-brand-film/01-hero-thumb.webp"",","Historical documentation/audit evidence; retained as a record, not current Route 04 or a relationship claim."
audit/phase-4-media/media-inventory.json,7537,"""directory"": ""portfolio/automotive/london-automotive-brand-film"",","Historical documentation/audit evidence; retained as a record, not current Route 04 or a relationship claim."
audit/phase-4-media/media-inventory.json,7545,"""variantGroup"": ""portfolio/automotive/london-automotive-brand-film/01-hero"",","Historical documentation/audit evidence; retained as a record, not current Route 04 or a relationship claim."
audit/phase-4-media/media-inventory.json,7546,"""likelyProject"": ""portfolio/automotive/london-automotive-brand-film/01-hero-thumb.webp"",","Historical documentation/audit evidence; retained as a record, not current Route 04 or a relationship claim."
audit/phase-4-media/media-inventory.json,7564,"""relativePath"": ""portfolio/automotive/london-automotive-brand-film/02-cover-thumb.webp"",","Historical documentation/audit evidence; retained as a record, not current Route 04 or a relationship claim."
audit/phase-4-media/media-inventory.json,7565,"""directory"": ""portfolio/automotive/london-automotive-brand-film"",","Historical documentation/audit evidence; retained as a record, not current Route 04 or a relationship claim."
audit/phase-4-media/media-inventory.json,7573,"""variantGroup"": ""portfolio/automotive/london-automotive-brand-film/02-cover"",","Historical documentation/audit evidence; retained as a record, not current Route 04 or a relationship claim."
audit/phase-4-media/media-inventory.json,7574,"""likelyProject"": ""portfolio/automotive/london-automotive-brand-film/02-cover-thumb.webp"",","Historical documentation/audit evidence; retained as a record, not current Route 04 or a relationship claim."
audit/phase-4-media/media-inventory.json,7592,"""relativePath"": ""portfolio/automotive/london-automotive-brand-film/03-gallery-thumb.webp"",","Historical documentation/audit evidence; retained as a record, not current Route 04 or a relationship claim."
audit/phase-4-media/media-inventory.json,7593,"""directory"": ""portfolio/automotive/london-automotive-brand-film"",","Historical documentation/audit evidence; retained as a record, not current Route 04 or a relationship claim."
audit/phase-4-media/media-inventory.json,7601,"""variantGroup"": ""portfolio/automotive/london-automotive-brand-film/03-gallery"",","Historical documentation/audit evidence; retained as a record, not current Route 04 or a relationship claim."
audit/phase-4-media/media-inventory.json,7602,"""likelyProject"": ""portfolio/automotive/london-automotive-brand-film/03-gallery-thumb.webp"",","Historical documentation/audit evidence; retained as a record, not current Route 04 or a relationship claim."
audit/phase-4-media/media-inventory.json,7620,"""relativePath"": ""portfolio/automotive/london-automotive-brand-film/04-gallery-thumb.webp"",","Historical documentation/audit evidence; retained as a record, not current Route 04 or a relationship claim."
audit/phase-4-media/media-inventory.json,7621,"""directory"": ""portfolio/automotive/london-automotive-brand-film"",","Historical documentation/audit evidence; retained as a record, not current Route 04 or a relationship claim."
audit/phase-4-media/media-inventory.json,7629,"""variantGroup"": ""portfolio/automotive/london-automotive-brand-film/04-gallery"",","Historical documentation/audit evidence; retained as a record, not current Route 04 or a relationship claim."
audit/phase-4-media/media-inventory.json,7630,"""likelyProject"": ""portfolio/automotive/london-automotive-brand-film/04-gallery-thumb.webp"",","Historical documentation/audit evidence; retained as a record, not current Route 04 or a relationship claim."
audit/phase-4-media/media-inventory.json,7648,"""relativePath"": ""portfolio/automotive/london-automotive-brand-film/06-gallery-thumb.webp"",","Historical documentation/audit evidence; retained as a record, not current Route 04 or a relationship claim."
audit/phase-4-media/media-inventory.json,7649,"""directory"": ""portfolio/automotive/london-automotive-brand-film"",","Historical documentation/audit evidence; retained as a record, not current Route 04 or a relationship claim."
audit/phase-4-media/media-inventory.json,7657,"""variantGroup"": ""portfolio/automotive/london-automotive-brand-film/06-gallery"",","Historical documentation/audit evidence; retained as a record, not current Route 04 or a relationship claim."
audit/phase-4-media/media-inventory.json,7658,"""likelyProject"": ""portfolio/automotive/london-automotive-brand-film/06-gallery-thumb.webp"",","Historical documentation/audit evidence; retained as a record, not current Route 04 or a relationship claim."
audit/phase-4-media/media-inventory.json,7676,"""relativePath"": ""portfolio/automotive/london-automotive-brand-film/07-gallery-thumb.webp"",","Historical documentation/audit evidence; retained as a record, not current Route 04 or a relationship claim."
audit/phase-4-media/media-inventory.json,7677,"""directory"": ""portfolio/automotive/london-automotive-brand-film"",","Historical documentation/audit evidence; retained as a record, not current Route 04 or a relationship claim."
audit/phase-4-media/media-inventory.json,7685,"""variantGroup"": ""portfolio/automotive/london-automotive-brand-film/07-gallery"",","Historical documentation/audit evidence; retained as a record, not current Route 04 or a relationship claim."
audit/phase-4-media/media-inventory.json,7686,"""likelyProject"": ""portfolio/automotive/london-automotive-brand-film/07-gallery-thumb.webp"",","Historical documentation/audit evidence; retained as a record, not current Route 04 or a relationship claim."
audit/phase-4-media/media-inventory.json,7704,"""relativePath"": ""art-directed/london-automotive-brand-film-05-gallery/desktop.avif"",","Historical documentation/audit evidence; retained as a record, not current Route 04 or a relationship claim."
audit/phase-4-media/media-inventory.json,7705,"""directory"": ""art-directed/london-automotive-brand-film-05-gallery"",","Historical documentation/audit evidence; retained as a record, not current Route 04 or a relationship claim."
audit/phase-4-media/media-inventory.json,7713,"""variantGroup"": ""art-directed/london-automotive-brand-film-05-gallery/desktop"",","Historical documentation/audit evidence; retained as a record, not current Route 04 or a relationship claim."
audit/phase-4-media/media-inventory.json,7714,"""likelyProject"": ""art-directed/london-automotive-brand-film-05-gallery/desktop.avif"",","Historical documentation/audit evidence; retained as a record, not current Route 04 or a relationship claim."
audit/phase-4-media/media-inventory.json,7732,"""relativePath"": ""art-directed/london-automotive-brand-film-05-gallery/desktop.jpg"",","Historical documentation/audit evidence; retained as a record, not current Route 04 or a relationship claim."
audit/phase-4-media/media-inventory.json,7733,"""directory"": ""art-directed/london-automotive-brand-film-05-gallery"",","Historical documentation/audit evidence; retained as a record, not current Route 04 or a relationship claim."
audit/phase-4-media/media-inventory.json,7741,"""variantGroup"": ""art-directed/london-automotive-brand-film-05-gallery/desktop"",","Historical documentation/audit evidence; retained as a record, not current Route 04 or a relationship claim."
audit/phase-4-media/media-inventory.json,7742,"""likelyProject"": ""art-directed/london-automotive-brand-film-05-gallery/desktop.jpg"",","Historical documentation/audit evidence; retained as a record, not current Route 04 or a relationship claim."
audit/phase-4-media/media-inventory.json,7760,"""relativePath"": ""art-directed/london-automotive-brand-film-05-gallery/desktop.webp"",","Historical documentation/audit evidence; retained as a record, not current Route 04 or a relationship claim."
audit/phase-4-media/media-inventory.json,7761,"""directory"": ""art-directed/london-automotive-brand-film-05-gallery"",","Historical documentation/audit evidence; retained as a record, not current Route 04 or a relationship claim."
audit/phase-4-media/media-inventory.json,7769,"""variantGroup"": ""art-directed/london-automotive-brand-film-05-gallery/desktop"",","Historical documentation/audit evidence; retained as a record, not current Route 04 or a relationship claim."
audit/phase-4-media/media-inventory.json,7770,"""likelyProject"": ""art-directed/london-automotive-brand-film-05-gallery/desktop.webp"",","Historical documentation/audit evidence; retained as a record, not current Route 04 or a relationship claim."
audit/phase-4-media/media-inventory.json,7788,"""relativePath"": ""art-directed/london-automotive-brand-film-01-hero/tablet.avif"",","Historical documentation/audit evidence; retained as a record, not current Route 04 or a relationship claim."
audit/phase-4-media/media-inventory.json,7789,"""directory"": ""art-directed/london-automotive-brand-film-01-hero"",","Historical documentation/audit evidence; retained as a record, not current Route 04 or a relationship claim."
audit/phase-4-media/media-inventory.json,7797,"""variantGroup"": ""art-directed/london-automotive-brand-film-01-hero/tablet"",","Historical documentation/audit evidence; retained as a record, not current Route 04 or a relationship claim."
audit/phase-4-media/media-inventory.json,7798,"""likelyProject"": ""art-directed/london-automotive-brand-film-01-hero/tablet.avif"",","Historical documentation/audit evidence; retained as a record, not current Route 04 or a relationship claim."
audit/phase-4-media/media-inventory.json,7816,"""relativePath"": ""art-directed/london-automotive-brand-film-01-hero/tablet.webp"",","Historical documentation/audit evidence; retained as a record, not current Route 04 or a relationship claim."
audit/phase-4-media/media-inventory.json,7817,"""directory"": ""art-directed/london-automotive-brand-film-01-hero"",","Historical documentation/audit evidence; retained as a record, not current Route 04 or a relationship claim."
audit/phase-4-media/media-inventory.json,7825,"""variantGroup"": ""art-directed/london-automotive-brand-film-01-hero/tablet"",","Historical documentation/audit evidence; retained as a record, not current Route 04 or a relationship claim."
audit/phase-4-media/media-inventory.json,7826,"""likelyProject"": ""art-directed/london-automotive-brand-film-01-hero/tablet.webp"",","Historical documentation/audit evidence; retained as a record, not current Route 04 or a relationship claim."
audit/phase-4-media/media-inventory.json,7844,"""relativePath"": ""art-directed/london-automotive-brand-film-02-cover/tablet.avif"",","Historical documentation/audit evidence; retained as a record, not current Route 04 or a relationship claim."
audit/phase-4-media/media-inventory.json,7845,"""directory"": ""art-directed/london-automotive-brand-film-02-cover"",","Historical documentation/audit evidence; retained as a record, not current Route 04 or a relationship claim."
audit/phase-4-media/media-inventory.json,7853,"""variantGroup"": ""art-directed/london-automotive-brand-film-02-cover/tablet"",","Historical documentation/audit evidence; retained as a record, not current Route 04 or a relationship claim."
audit/phase-4-media/media-inventory.json,7854,"""likelyProject"": ""art-directed/london-automotive-brand-film-02-cover/tablet.avif"",","Historical documentation/audit evidence; retained as a record, not current Route 04 or a relationship claim."
audit/phase-4-media/media-inventory.json,7872,"""relativePath"": ""art-directed/london-automotive-brand-film-02-cover/tablet.webp"",","Historical documentation/audit evidence; retained as a record, not current Route 04 or a relationship claim."
audit/phase-4-media/media-inventory.json,7873,"""directory"": ""art-directed/london-automotive-brand-film-02-cover"",","Historical documentation/audit evidence; retained as a record, not current Route 04 or a relationship claim."
audit/phase-4-media/media-inventory.json,7881,"""variantGroup"": ""art-directed/london-automotive-brand-film-02-cover/tablet"",","Historical documentation/audit evidence; retained as a record, not current Route 04 or a relationship claim."
audit/phase-4-media/media-inventory.json,7882,"""likelyProject"": ""art-directed/london-automotive-brand-film-02-cover/tablet.webp"",","Historical documentation/audit evidence; retained as a record, not current Route 04 or a relationship claim."
audit/phase-4-media/media-inventory.json,7900,"""relativePath"": ""art-directed/london-automotive-brand-film-03-gallery/tablet.avif"",","Historical documentation/audit evidence; retained as a record, not current Route 04 or a relationship claim."
audit/phase-4-media/media-inventory.json,7901,"""directory"": ""art-directed/london-automotive-brand-film-03-gallery"",","Historical documentation/audit evidence; retained as a record, not current Route 04 or a relationship claim."
audit/phase-4-media/media-inventory.json,7909,"""variantGroup"": ""art-directed/london-automotive-brand-film-03-gallery/tablet"",","Historical documentation/audit evidence; retained as a record, not current Route 04 or a relationship claim."
audit/phase-4-media/media-inventory.json,7910,"""likelyProject"": ""art-directed/london-automotive-brand-film-03-gallery/tablet.avif"",","Historical documentation/audit evidence; retained as a record, not current Route 04 or a relationship claim."
audit/phase-4-media/media-inventory.json,7928,"""relativePath"": ""art-directed/london-automotive-brand-film-03-gallery/tablet.webp"",","Historical documentation/audit evidence; retained as a record, not current Route 04 or a relationship claim."
audit/phase-4-media/media-inventory.json,7929,"""directory"": ""art-directed/london-automotive-brand-film-03-gallery"",","Historical documentation/audit evidence; retained as a record, not current Route 04 or a relationship claim."
audit/phase-4-media/media-inventory.json,7937,"""variantGroup"": ""art-directed/london-automotive-brand-film-03-gallery/tablet"",","Historical documentation/audit evidence; retained as a record, not current Route 04 or a relationship claim."
audit/phase-4-media/media-inventory.json,7938,"""likelyProject"": ""art-directed/london-automotive-brand-film-03-gallery/tablet.webp"",","Historical documentation/audit evidence; retained as a record, not current Route 04 or a relationship claim."
audit/phase-4-media/media-inventory.json,7956,"""relativePath"": ""art-directed/london-automotive-brand-film-04-gallery/tablet.avif"",","Historical documentation/audit evidence; retained as a record, not current Route 04 or a relationship claim."
audit/phase-4-media/media-inventory.json,7957,"""directory"": ""art-directed/london-automotive-brand-film-04-gallery"",","Historical documentation/audit evidence; retained as a record, not current Route 04 or a relationship claim."
audit/phase-4-media/media-inventory.json,7965,"""variantGroup"": ""art-directed/london-automotive-brand-film-04-gallery/tablet"",","Historical documentation/audit evidence; retained as a record, not current Route 04 or a relationship claim."
audit/phase-4-media/media-inventory.json,7966,"""likelyProject"": ""art-directed/london-automotive-brand-film-04-gallery/tablet.avif"",","Historical documentation/audit evidence; retained as a record, not current Route 04 or a relationship claim."
audit/phase-4-media/media-inventory.json,7984,"""relativePath"": ""art-directed/london-automotive-brand-film-04-gallery/tablet.webp"",","Historical documentation/audit evidence; retained as a record, not current Route 04 or a relationship claim."
audit/phase-4-media/media-inventory.json,7985,"""directory"": ""art-directed/london-automotive-brand-film-04-gallery"",","Historical documentation/audit evidence; retained as a record, not current Route 04 or a relationship claim."
audit/phase-4-media/media-inventory.json,7993,"""variantGroup"": ""art-directed/london-automotive-brand-film-04-gallery/tablet"",","Historical documentation/audit evidence; retained as a record, not current Route 04 or a relationship claim."
audit/phase-4-media/media-inventory.json,7994,"""likelyProject"": ""art-directed/london-automotive-brand-film-04-gallery/tablet.webp"",","Historical documentation/audit evidence; retained as a record, not current Route 04 or a relationship claim."
audit/phase-4-media/media-inventory.json,8012,"""relativePath"": ""art-directed/london-automotive-brand-film-06-gallery/tablet.avif"",","Historical documentation/audit evidence; retained as a record, not current Route 04 or a relationship claim."
audit/phase-4-media/media-inventory.json,8013,"""directory"": ""art-directed/london-automotive-brand-film-06-gallery"",","Historical documentation/audit evidence; retained as a record, not current Route 04 or a relationship claim."
audit/phase-4-media/media-inventory.json,8021,"""variantGroup"": ""art-directed/london-automotive-brand-film-06-gallery/tablet"",","Historical documentation/audit evidence; retained as a record, not current Route 04 or a relationship claim."
audit/phase-4-media/media-inventory.json,8022,"""likelyProject"": ""art-directed/london-automotive-brand-film-06-gallery/tablet.avif"",","Historical documentation/audit evidence; retained as a record, not current Route 04 or a relationship claim."
audit/phase-4-media/media-inventory.json,8040,"""relativePath"": ""art-directed/london-automotive-brand-film-06-gallery/tablet.webp"",","Historical documentation/audit evidence; retained as a record, not current Route 04 or a relationship claim."
audit/phase-4-media/media-inventory.json,8041,"""directory"": ""art-directed/london-automotive-brand-film-06-gallery"",","Historical documentation/audit evidence; retained as a record, not current Route 04 or a relationship claim."
audit/phase-4-media/media-inventory.json,8049,"""variantGroup"": ""art-directed/london-automotive-brand-film-06-gallery/tablet"",","Historical documentation/audit evidence; retained as a record, not current Route 04 or a relationship claim."
audit/phase-4-media/media-inventory.json,8050,"""likelyProject"": ""art-directed/london-automotive-brand-film-06-gallery/tablet.webp"",","Historical documentation/audit evidence; retained as a record, not current Route 04 or a relationship claim."
audit/phase-4-media/media-inventory.json,8068,"""relativePath"": ""art-directed/london-automotive-brand-film-07-gallery/tablet.avif"",","Historical documentation/audit evidence; retained as a record, not current Route 04 or a relationship claim."
audit/phase-4-media/media-inventory.json,8069,"""directory"": ""art-directed/london-automotive-brand-film-07-gallery"",","Historical documentation/audit evidence; retained as a record, not current Route 04 or a relationship claim."
audit/phase-4-media/media-inventory.json,8077,"""variantGroup"": ""art-directed/london-automotive-brand-film-07-gallery/tablet"",","Historical documentation/audit evidence; retained as a record, not current Route 04 or a relationship claim."
audit/phase-4-media/media-inventory.json,8078,"""likelyProject"": ""art-directed/london-automotive-brand-film-07-gallery/tablet.avif"",","Historical documentation/audit evidence; retained as a record, not current Route 04 or a relationship claim."
audit/phase-4-media/media-inventory.json,8096,"""relativePath"": ""art-directed/london-automotive-brand-film-07-gallery/tablet.webp"",","Historical documentation/audit evidence; retained as a record, not current Route 04 or a relationship claim."
audit/phase-4-media/media-inventory.json,8097,"""directory"": ""art-directed/london-automotive-brand-film-07-gallery"",","Historical documentation/audit evidence; retained as a record, not current Route 04 or a relationship claim."
audit/phase-4-media/media-inventory.json,8105,"""variantGroup"": ""art-directed/london-automotive-brand-film-07-gallery/tablet"",","Historical documentation/audit evidence; retained as a record, not current Route 04 or a relationship claim."
audit/phase-4-media/media-inventory.json,8106,"""likelyProject"": ""art-directed/london-automotive-brand-film-07-gallery/tablet.webp"",","Historical documentation/audit evidence; retained as a record, not current Route 04 or a relationship claim."
audit/phase-4-media/media-inventory.json,8348,"""relativePath"": ""portfolio/automotive/london-automotive-brand-film/05-gallery-thumb.webp"",","Historical documentation/audit evidence; retained as a record, not current Route 04 or a relationship claim."
audit/phase-4-media/media-inventory.json,8349,"""directory"": ""portfolio/automotive/london-automotive-brand-film"",","Historical documentation/audit evidence; retained as a record, not current Route 04 or a relationship claim."
audit/phase-4-media/media-inventory.json,8357,"""variantGroup"": ""portfolio/automotive/london-automotive-brand-film/05-gallery"",","Historical documentation/audit evidence; retained as a record, not current Route 04 or a relationship claim."
audit/phase-4-media/media-inventory.json,8358,"""likelyProject"": ""portfolio/automotive/london-automotive-brand-film/05-gallery-thumb.webp"",","Historical documentation/audit evidence; retained as a record, not current Route 04 or a relationship claim."
audit/phase-4-media/media-inventory.json,13696,"""relativePath"": ""art-directed/london-automotive-brand-film-05-gallery/tablet.avif"",","Historical documentation/audit evidence; retained as a record, not current Route 04 or a relationship claim."
audit/phase-4-media/media-inventory.json,13697,"""directory"": ""art-directed/london-automotive-brand-film-05-gallery"",","Historical documentation/audit evidence; retained as a record, not current Route 04 or a relationship claim."
audit/phase-4-media/media-inventory.json,13705,"""variantGroup"": ""art-directed/london-automotive-brand-film-05-gallery/tablet"",","Historical documentation/audit evidence; retained as a record, not current Route 04 or a relationship claim."
audit/phase-4-media/media-inventory.json,13706,"""likelyProject"": ""art-directed/london-automotive-brand-film-05-gallery/tablet.avif"",","Historical documentation/audit evidence; retained as a record, not current Route 04 or a relationship claim."
audit/phase-4-media/media-inventory.json,13724,"""relativePath"": ""art-directed/london-automotive-brand-film-05-gallery/tablet.webp"",","Historical documentation/audit evidence; retained as a record, not current Route 04 or a relationship claim."
audit/phase-4-media/media-inventory.json,13725,"""directory"": ""art-directed/london-automotive-brand-film-05-gallery"",","Historical documentation/audit evidence; retained as a record, not current Route 04 or a relationship claim."
audit/phase-4-media/media-inventory.json,13733,"""variantGroup"": ""art-directed/london-automotive-brand-film-05-gallery/tablet"",","Historical documentation/audit evidence; retained as a record, not current Route 04 or a relationship claim."
audit/phase-4-media/media-inventory.json,13734,"""likelyProject"": ""art-directed/london-automotive-brand-film-05-gallery/tablet.webp"",","Historical documentation/audit evidence; retained as a record, not current Route 04 or a relationship claim."
audit/phase-4-media/media-inventory.json,20052,"""relativePath"": ""art-directed/london-automotive-brand-film-01-hero/mobile.avif"",","Historical documentation/audit evidence; retained as a record, not current Route 04 or a relationship claim."
audit/phase-4-media/media-inventory.json,20053,"""directory"": ""art-directed/london-automotive-brand-film-01-hero"",","Historical documentation/audit evidence; retained as a record, not current Route 04 or a relationship claim."
audit/phase-4-media/media-inventory.json,20061,"""variantGroup"": ""art-directed/london-automotive-brand-film-01-hero/mobile"",","Historical documentation/audit evidence; retained as a record, not current Route 04 or a relationship claim."
audit/phase-4-media/media-inventory.json,20062,"""likelyProject"": ""art-directed/london-automotive-brand-film-01-hero/mobile.avif"",","Historical documentation/audit evidence; retained as a record, not current Route 04 or a relationship claim."
audit/phase-4-media/media-inventory.json,20080,"""relativePath"": ""art-directed/london-automotive-brand-film-01-hero/mobile.webp"",","Historical documentation/audit evidence; retained as a record, not current Route 04 or a relationship claim."
audit/phase-4-media/media-inventory.json,20081,"""directory"": ""art-directed/london-automotive-brand-film-01-hero"",","Historical documentation/audit evidence; retained as a record, not current Route 04 or a relationship claim."
audit/phase-4-media/media-inventory.json,20089,"""variantGroup"": ""art-directed/london-automotive-brand-film-01-hero/mobile"",","Historical documentation/audit evidence; retained as a record, not current Route 04 or a relationship claim."
audit/phase-4-media/media-inventory.json,20090,"""likelyProject"": ""art-directed/london-automotive-brand-film-01-hero/mobile.webp"",","Historical documentation/audit evidence; retained as a record, not current Route 04 or a relationship claim."
audit/phase-4-media/media-inventory.json,20108,"""relativePath"": ""art-directed/london-automotive-brand-film-02-cover/mobile.avif"",","Historical documentation/audit evidence; retained as a record, not current Route 04 or a relationship claim."
audit/phase-4-media/media-inventory.json,20109,"""directory"": ""art-directed/london-automotive-brand-film-02-cover"",","Historical documentation/audit evidence; retained as a record, not current Route 04 or a relationship claim."
audit/phase-4-media/media-inventory.json,20117,"""variantGroup"": ""art-directed/london-automotive-brand-film-02-cover/mobile"",","Historical documentation/audit evidence; retained as a record, not current Route 04 or a relationship claim."
audit/phase-4-media/media-inventory.json,20118,"""likelyProject"": ""art-directed/london-automotive-brand-film-02-cover/mobile.avif"",","Historical documentation/audit evidence; retained as a record, not current Route 04 or a relationship claim."
audit/phase-4-media/media-inventory.json,20136,"""relativePath"": ""art-directed/london-automotive-brand-film-02-cover/mobile.webp"",","Historical documentation/audit evidence; retained as a record, not current Route 04 or a relationship claim."
audit/phase-4-media/media-inventory.json,20137,"""directory"": ""art-directed/london-automotive-brand-film-02-cover"",","Historical documentation/audit evidence; retained as a record, not current Route 04 or a relationship claim."
audit/phase-4-media/media-inventory.json,20145,"""variantGroup"": ""art-directed/london-automotive-brand-film-02-cover/mobile"",","Historical documentation/audit evidence; retained as a record, not current Route 04 or a relationship claim."
audit/phase-4-media/media-inventory.json,20146,"""likelyProject"": ""art-directed/london-automotive-brand-film-02-cover/mobile.webp"",","Historical documentation/audit evidence; retained as a record, not current Route 04 or a relationship claim."
audit/phase-4-media/media-inventory.json,20164,"""relativePath"": ""art-directed/london-automotive-brand-film-03-gallery/mobile.avif"",","Historical documentation/audit evidence; retained as a record, not current Route 04 or a relationship claim."
audit/phase-4-media/media-inventory.json,20165,"""directory"": ""art-directed/london-automotive-brand-film-03-gallery"",","Historical documentation/audit evidence; retained as a record, not current Route 04 or a relationship claim."
audit/phase-4-media/media-inventory.json,20173,"""variantGroup"": ""art-directed/london-automotive-brand-film-03-gallery/mobile"",","Historical documentation/audit evidence; retained as a record, not current Route 04 or a relationship claim."
audit/phase-4-media/media-inventory.json,20174,"""likelyProject"": ""art-directed/london-automotive-brand-film-03-gallery/mobile.avif"",","Historical documentation/audit evidence; retained as a record, not current Route 04 or a relationship claim."
audit/phase-4-media/media-inventory.json,20192,"""relativePath"": ""art-directed/london-automotive-brand-film-03-gallery/mobile.webp"",","Historical documentation/audit evidence; retained as a record, not current Route 04 or a relationship claim."
audit/phase-4-media/media-inventory.json,20193,"""directory"": ""art-directed/london-automotive-brand-film-03-gallery"",","Historical documentation/audit evidence; retained as a record, not current Route 04 or a relationship claim."
audit/phase-4-media/media-inventory.json,20201,"""variantGroup"": ""art-directed/london-automotive-brand-film-03-gallery/mobile"",","Historical documentation/audit evidence; retained as a record, not current Route 04 or a relationship claim."
audit/phase-4-media/media-inventory.json,20202,"""likelyProject"": ""art-directed/london-automotive-brand-film-03-gallery/mobile.webp"",","Historical documentation/audit evidence; retained as a record, not current Route 04 or a relationship claim."
audit/phase-4-media/media-inventory.json,20220,"""relativePath"": ""art-directed/london-automotive-brand-film-04-gallery/mobile.avif"",","Historical documentation/audit evidence; retained as a record, not current Route 04 or a relationship claim."
audit/phase-4-media/media-inventory.json,20221,"""directory"": ""art-directed/london-automotive-brand-film-04-gallery"",","Historical documentation/audit evidence; retained as a record, not current Route 04 or a relationship claim."
audit/phase-4-media/media-inventory.json,20229,"""variantGroup"": ""art-directed/london-automotive-brand-film-04-gallery/mobile"",","Historical documentation/audit evidence; retained as a record, not current Route 04 or a relationship claim."
audit/phase-4-media/media-inventory.json,20230,"""likelyProject"": ""art-directed/london-automotive-brand-film-04-gallery/mobile.avif"",","Historical documentation/audit evidence; retained as a record, not current Route 04 or a relationship claim."
audit/phase-4-media/media-inventory.json,20248,"""relativePath"": ""art-directed/london-automotive-brand-film-04-gallery/mobile.webp"",","Historical documentation/audit evidence; retained as a record, not current Route 04 or a relationship claim."
audit/phase-4-media/media-inventory.json,20249,"""directory"": ""art-directed/london-automotive-brand-film-04-gallery"",","Historical documentation/audit evidence; retained as a record, not current Route 04 or a relationship claim."
audit/phase-4-media/media-inventory.json,20257,"""variantGroup"": ""art-directed/london-automotive-brand-film-04-gallery/mobile"",","Historical documentation/audit evidence; retained as a record, not current Route 04 or a relationship claim."
audit/phase-4-media/media-inventory.json,20258,"""likelyProject"": ""art-directed/london-automotive-brand-film-04-gallery/mobile.webp"",","Historical documentation/audit evidence; retained as a record, not current Route 04 or a relationship claim."
audit/phase-4-media/media-inventory.json,20276,"""relativePath"": ""art-directed/london-automotive-brand-film-06-gallery/mobile.avif"",","Historical documentation/audit evidence; retained as a record, not current Route 04 or a relationship claim."
audit/phase-4-media/media-inventory.json,20277,"""directory"": ""art-directed/london-automotive-brand-film-06-gallery"",","Historical documentation/audit evidence; retained as a record, not current Route 04 or a relationship claim."
audit/phase-4-media/media-inventory.json,20285,"""variantGroup"": ""art-directed/london-automotive-brand-film-06-gallery/mobile"",","Historical documentation/audit evidence; retained as a record, not current Route 04 or a relationship claim."
audit/phase-4-media/media-inventory.json,20286,"""likelyProject"": ""art-directed/london-automotive-brand-film-06-gallery/mobile.avif"",","Historical documentation/audit evidence; retained as a record, not current Route 04 or a relationship claim."
audit/phase-4-media/media-inventory.json,20304,"""relativePath"": ""art-directed/london-automotive-brand-film-06-gallery/mobile.webp"",","Historical documentation/audit evidence; retained as a record, not current Route 04 or a relationship claim."
audit/phase-4-media/media-inventory.json,20305,"""directory"": ""art-directed/london-automotive-brand-film-06-gallery"",","Historical documentation/audit evidence; retained as a record, not current Route 04 or a relationship claim."
audit/phase-4-media/media-inventory.json,20313,"""variantGroup"": ""art-directed/london-automotive-brand-film-06-gallery/mobile"",","Historical documentation/audit evidence; retained as a record, not current Route 04 or a relationship claim."
audit/phase-4-media/media-inventory.json,20314,"""likelyProject"": ""art-directed/london-automotive-brand-film-06-gallery/mobile.webp"",","Historical documentation/audit evidence; retained as a record, not current Route 04 or a relationship claim."
audit/phase-4-media/media-inventory.json,20332,"""relativePath"": ""art-directed/london-automotive-brand-film-07-gallery/mobile.avif"",","Historical documentation/audit evidence; retained as a record, not current Route 04 or a relationship claim."
audit/phase-4-media/media-inventory.json,20333,"""directory"": ""art-directed/london-automotive-brand-film-07-gallery"",","Historical documentation/audit evidence; retained as a record, not current Route 04 or a relationship claim."
audit/phase-4-media/media-inventory.json,20341,"""variantGroup"": ""art-directed/london-automotive-brand-film-07-gallery/mobile"",","Historical documentation/audit evidence; retained as a record, not current Route 04 or a relationship claim."
audit/phase-4-media/media-inventory.json,20342,"""likelyProject"": ""art-directed/london-automotive-brand-film-07-gallery/mobile.avif"",","Historical documentation/audit evidence; retained as a record, not current Route 04 or a relationship claim."
audit/phase-4-media/media-inventory.json,20360,"""relativePath"": ""art-directed/london-automotive-brand-film-07-gallery/mobile.webp"",","Historical documentation/audit evidence; retained as a record, not current Route 04 or a relationship claim."
audit/phase-4-media/media-inventory.json,20361,"""directory"": ""art-directed/london-automotive-brand-film-07-gallery"",","Historical documentation/audit evidence; retained as a record, not current Route 04 or a relationship claim."
audit/phase-4-media/media-inventory.json,20369,"""variantGroup"": ""art-directed/london-automotive-brand-film-07-gallery/mobile"",","Historical documentation/audit evidence; retained as a record, not current Route 04 or a relationship claim."
audit/phase-4-media/media-inventory.json,20370,"""likelyProject"": ""art-directed/london-automotive-brand-film-07-gallery/mobile.webp"",","Historical documentation/audit evidence; retained as a record, not current Route 04 or a relationship claim."
audit/phase-4-media/media-inventory.json,25623,"""filename"": ""landscape-film.svg"",","Historical documentation/audit evidence; retained as a record, not current Route 04 or a relationship claim."
audit/phase-4-media/media-inventory.json,25624,"""relativePath"": ""demo/landscape-film.svg"",","Historical documentation/audit evidence; retained as a record, not current Route 04 or a relationship claim."
audit/phase-4-media/media-inventory.json,25633,"""variantGroup"": ""demo/landscape-film"",","Historical documentation/audit evidence; retained as a record, not current Route 04 or a relationship claim."
audit/phase-4-media/media-inventory.json,25634,"""likelyProject"": ""demo/landscape-film.svg"",","Historical documentation/audit evidence; retained as a record, not current Route 04 or a relationship claim."
audit/phase-4-media/media-inventory.json,25651,"""filename"": ""landscape-film.webp"",","Historical documentation/audit evidence; retained as a record, not current Route 04 or a relationship claim."
audit/phase-4-media/media-inventory.json,25652,"""relativePath"": ""demo/landscape-film.webp"",","Historical documentation/audit evidence; retained as a record, not current Route 04 or a relationship claim."
audit/phase-4-media/media-inventory.json,25661,"""variantGroup"": ""demo/landscape-film"",","Historical documentation/audit evidence; retained as a record, not current Route 04 or a relationship claim."
audit/phase-4-media/media-inventory.json,25662,"""likelyProject"": ""demo/landscape-film.webp"",","Historical documentation/audit evidence; retained as a record, not current Route 04 or a relationship claim."
audit/phase-4-media/media-inventory.json,25792,"""relativePath"": ""art-directed/london-automotive-brand-film-05-gallery/mobile.avif"",","Historical documentation/audit evidence; retained as a record, not current Route 04 or a relationship claim."
audit/phase-4-media/media-inventory.json,25793,"""directory"": ""art-directed/london-automotive-brand-film-05-gallery"",","Historical documentation/audit evidence; retained as a record, not current Route 04 or a relationship claim."
audit/phase-4-media/media-inventory.json,25801,"""variantGroup"": ""art-directed/london-automotive-brand-film-05-gallery/mobile"",","Historical documentation/audit evidence; retained as a record, not current Route 04 or a relationship claim."
audit/phase-4-media/media-inventory.json,25802,"""likelyProject"": ""art-directed/london-automotive-brand-film-05-gallery/mobile.avif"",","Historical documentation/audit evidence; retained as a record, not current Route 04 or a relationship claim."
audit/phase-4-media/media-inventory.json,25820,"""relativePath"": ""art-directed/london-automotive-brand-film-05-gallery/mobile.webp"",","Historical documentation/audit evidence; retained as a record, not current Route 04 or a relationship claim."
audit/phase-4-media/media-inventory.json,25821,"""directory"": ""art-directed/london-automotive-brand-film-05-gallery"",","Historical documentation/audit evidence; retained as a record, not current Route 04 or a relationship claim."
audit/phase-4-media/media-inventory.json,25829,"""variantGroup"": ""art-directed/london-automotive-brand-film-05-gallery/mobile"",","Historical documentation/audit evidence; retained as a record, not current Route 04 or a relationship claim."
audit/phase-4-media/media-inventory.json,25830,"""likelyProject"": ""art-directed/london-automotive-brand-film-05-gallery/mobile.webp"",","Historical documentation/audit evidence; retained as a record, not current Route 04 or a relationship claim."
audit/phase-5-media/media-usage-ledger.json,10,"""london-automotive-brand-film-03-gallery"",","Historical documentation/audit evidence; retained as a record, not current Route 04 or a relationship claim."
audit/phase-5-media/media-usage-ledger.json,15,"""london-automotive-brand-film-06-gallery"",","Historical documentation/audit evidence; retained as a record, not current Route 04 or a relationship claim."
audit/phase-5-media/media-usage-ledger.json,914,"""source"": ""portfolio/automotive/london-automotive-brand-film/01-hero.avif"",","Historical documentation/audit evidence; retained as a record, not current Route 04 or a relationship claim."
audit/phase-5-media/media-usage-ledger.json,915,"""likelyProject"": ""portfolio/automotive/london-automotive-brand-film/01-hero.avif"",","Historical documentation/audit evidence; retained as a record, not current Route 04 or a relationship claim."
audit/phase-5-media/media-usage-ledger.json,916,"""category"": ""portfolio/automotive/london-automotive-brand-film"",","Historical documentation/audit evidence; retained as a record, not current Route 04 or a relationship claim."
audit/phase-5-media/media-usage-ledger.json,924,"""publicPath"": ""/media/portfolio/automotive/london-automotive-brand-film/01-hero.avif""","Historical documentation/audit evidence; retained as a record, not current Route 04 or a relationship claim."
audit/phase-5-media/media-usage-ledger.json,927,"""source"": ""portfolio/automotive/london-automotive-brand-film/01-hero.webp"",","Historical documentation/audit evidence; retained as a record, not current Route 04 or a relationship claim."
audit/phase-5-media/media-usage-ledger.json,928,"""likelyProject"": ""portfolio/automotive/london-automotive-brand-film/01-hero.webp"",","Historical documentation/audit evidence; retained as a record, not current Route 04 or a relationship claim."
audit/phase-5-media/media-usage-ledger.json,929,"""category"": ""portfolio/automotive/london-automotive-brand-film"",","Historical documentation/audit evidence; retained as a record, not current Route 04 or a relationship claim."
audit/phase-5-media/media-usage-ledger.json,942,"""publicPath"": ""/media/portfolio/automotive/london-automotive-brand-film/01-hero.webp""","Historical documentation/audit evidence; retained as a record, not current Route 04 or a relationship claim."
audit/phase-5-media/media-usage-ledger.json,945,"""source"": ""portfolio/automotive/london-automotive-brand-film/02-cover.avif"",","Historical documentation/audit evidence; retained as a record, not current Route 04 or a relationship claim."
audit/phase-5-media/media-usage-ledger.json,946,"""likelyProject"": ""portfolio/automotive/london-automotive-brand-film/02-cover.avif"",","Historical documentation/audit evidence; retained as a record, not current Route 04 or a relationship claim."
audit/phase-5-media/media-usage-ledger.json,947,"""category"": ""portfolio/automotive/london-automotive-brand-film"",","Historical documentation/audit evidence; retained as a record, not current Route 04 or a relationship claim."
audit/phase-5-media/media-usage-ledger.json,955,"""publicPath"": ""/media/portfolio/automotive/london-automotive-brand-film/02-cover.avif""","Historical documentation/audit evidence; retained as a record, not current Route 04 or a relationship claim."
audit/phase-5-media/media-usage-ledger.json,958,"""source"": ""portfolio/automotive/london-automotive-brand-film/02-cover.webp"",","Historical documentation/audit evidence; retained as a record, not current Route 04 or a relationship claim."
audit/phase-5-media/media-usage-ledger.json,959,"""likelyProject"": ""portfolio/automotive/london-automotive-brand-film/02-cover.webp"",","Historical documentation/audit evidence; retained as a record, not current Route 04 or a relationship claim."
audit/phase-5-media/media-usage-ledger.json,960,"""category"": ""portfolio/automotive/london-automotive-brand-film"",","Historical documentation/audit evidence; retained as a record, not current Route 04 or a relationship claim."
audit/phase-5-media/media-usage-ledger.json,973,"""publicPath"": ""/media/portfolio/automotive/london-automotive-brand-film/02-cover.webp""","Historical documentation/audit evidence; retained as a record, not current Route 04 or a relationship claim."
audit/phase-5-media/media-usage-ledger.json,976,"""source"": ""portfolio/automotive/london-automotive-brand-film/03-gallery.avif"",","Historical documentation/audit evidence; retained as a record, not current Route 04 or a relationship claim."
audit/phase-5-media/media-usage-ledger.json,977,"""likelyProject"": ""portfolio/automotive/london-automotive-brand-film/03-gallery.avif"",","Historical documentation/audit evidence; retained as a record, not current Route 04 or a relationship claim."
audit/phase-5-media/media-usage-ledger.json,978,"""category"": ""portfolio/automotive/london-automotive-brand-film"",","Historical documentation/audit evidence; retained as a record, not current Route 04 or a relationship claim."
audit/phase-5-media/media-usage-ledger.json,986,"""publicPath"": ""/media/portfolio/automotive/london-automotive-brand-film/03-gallery.avif""","Historical documentation/audit evidence; retained as a record, not current Route 04 or a relationship claim."
audit/phase-5-media/media-usage-ledger.json,989,"""source"": ""portfolio/automotive/london-automotive-brand-film/03-gallery.webp"",","Historical documentation/audit evidence; retained as a record, not current Route 04 or a relationship claim."
audit/phase-5-media/media-usage-ledger.json,990,"""likelyProject"": ""portfolio/automotive/london-automotive-brand-film/03-gallery.webp"",","Historical documentation/audit evidence; retained as a record, not current Route 04 or a relationship claim."
audit/phase-5-media/media-usage-ledger.json,991,"""category"": ""portfolio/automotive/london-automotive-brand-film"",","Historical documentation/audit evidence; retained as a record, not current Route 04 or a relationship claim."
audit/phase-5-media/media-usage-ledger.json,1004,"""publicPath"": ""/media/portfolio/automotive/london-automotive-brand-film/03-gallery.webp""","Historical documentation/audit evidence; retained as a record, not current Route 04 or a relationship claim."
audit/phase-5-media/media-usage-ledger.json,1007,"""source"": ""portfolio/automotive/london-automotive-brand-film/04-gallery.avif"",","Historical documentation/audit evidence; retained as a record, not current Route 04 or a relationship claim."
audit/phase-5-media/media-usage-ledger.json,1008,"""likelyProject"": ""portfolio/automotive/london-automotive-brand-film/04-gallery.avif"",","Historical documentation/audit evidence; retained as a record, not current Route 04 or a relationship claim."
audit/phase-5-media/media-usage-ledger.json,1009,"""category"": ""portfolio/automotive/london-automotive-brand-film"",","Historical documentation/audit evidence; retained as a record, not current Route 04 or a relationship claim."
audit/phase-5-media/media-usage-ledger.json,1017,"""publicPath"": ""/media/portfolio/automotive/london-automotive-brand-film/04-gallery.avif""","Historical documentation/audit evidence; retained as a record, not current Route 04 or a relationship claim."
audit/phase-5-media/media-usage-ledger.json,1020,"""source"": ""portfolio/automotive/london-automotive-brand-film/04-gallery.webp"",","Historical documentation/audit evidence; retained as a record, not current Route 04 or a relationship claim."
audit/phase-5-media/media-usage-ledger.json,1021,"""likelyProject"": ""portfolio/automotive/london-automotive-brand-film/04-gallery.webp"",","Historical documentation/audit evidence; retained as a record, not current Route 04 or a relationship claim."
audit/phase-5-media/media-usage-ledger.json,1022,"""category"": ""portfolio/automotive/london-automotive-brand-film"",","Historical documentation/audit evidence; retained as a record, not current Route 04 or a relationship claim."
audit/phase-5-media/media-usage-ledger.json,1035,"""publicPath"": ""/media/portfolio/automotive/london-automotive-brand-film/04-gallery.webp""","Historical documentation/audit evidence; retained as a record, not current Route 04 or a relationship claim."
audit/phase-5-media/media-usage-ledger.json,1038,"""source"": ""portfolio/automotive/london-automotive-brand-film/06-gallery.avif"",","Historical documentation/audit evidence; retained as a record, not current Route 04 or a relationship claim."
audit/phase-5-media/media-usage-ledger.json,1039,"""likelyProject"": ""portfolio/automotive/london-automotive-brand-film/06-gallery.avif"",","Historical documentation/audit evidence; retained as a record, not current Route 04 or a relationship claim."
audit/phase-5-media/media-usage-ledger.json,1040,"""category"": ""portfolio/automotive/london-automotive-brand-film"",","Historical documentation/audit evidence; retained as a record, not current Route 04 or a relationship claim."
audit/phase-5-media/media-usage-ledger.json,1048,"""publicPath"": ""/media/portfolio/automotive/london-automotive-brand-film/06-gallery.avif""","Historical documentation/audit evidence; retained as a record, not current Route 04 or a relationship claim."
audit/phase-5-media/media-usage-ledger.json,1051,"""source"": ""portfolio/automotive/london-automotive-brand-film/06-gallery.webp"",","Historical documentation/audit evidence; retained as a record, not current Route 04 or a relationship claim."
audit/phase-5-media/media-usage-ledger.json,1052,"""likelyProject"": ""portfolio/automotive/london-automotive-brand-film/06-gallery.webp"",","Historical documentation/audit evidence; retained as a record, not current Route 04 or a relationship claim."
audit/phase-5-media/media-usage-ledger.json,1053,"""category"": ""portfolio/automotive/london-automotive-brand-film"",","Historical documentation/audit evidence; retained as a record, not current Route 04 or a relationship claim."
audit/phase-5-media/media-usage-ledger.json,1066,"""publicPath"": ""/media/portfolio/automotive/london-automotive-brand-film/06-gallery.webp""","Historical documentation/audit evidence; retained as a record, not current Route 04 or a relationship claim."
audit/phase-5-media/media-usage-ledger.json,1069,"""source"": ""portfolio/automotive/london-automotive-brand-film/07-gallery.avif"",","Historical documentation/audit evidence; retained as a record, not current Route 04 or a relationship claim."
audit/phase-5-media/media-usage-ledger.json,1070,"""likelyProject"": ""portfolio/automotive/london-automotive-brand-film/07-gallery.avif"",","Historical documentation/audit evidence; retained as a record, not current Route 04 or a relationship claim."
audit/phase-5-media/media-usage-ledger.json,1071,"""category"": ""portfolio/automotive/london-automotive-brand-film"",","Historical documentation/audit evidence; retained as a record, not current Route 04 or a relationship claim."
audit/phase-5-media/media-usage-ledger.json,1079,"""publicPath"": ""/media/portfolio/automotive/london-automotive-brand-film/07-gallery.avif""","Historical documentation/audit evidence; retained as a record, not current Route 04 or a relationship claim."
audit/phase-5-media/media-usage-ledger.json,1082,"""source"": ""portfolio/automotive/london-automotive-brand-film/07-gallery.webp"",","Historical documentation/audit evidence; retained as a record, not current Route 04 or a relationship claim."
audit/phase-5-media/media-usage-ledger.json,1083,"""likelyProject"": ""portfolio/automotive/london-automotive-brand-film/07-gallery.webp"",","Historical documentation/audit evidence; retained as a record, not current Route 04 or a relationship claim."
audit/phase-5-media/media-usage-ledger.json,1084,"""category"": ""portfolio/automotive/london-automotive-brand-film"",","Historical documentation/audit evidence; retained as a record, not current Route 04 or a relationship claim."
audit/phase-5-media/media-usage-ledger.json,1097,"""publicPath"": ""/media/portfolio/automotive/london-automotive-brand-film/07-gallery.webp""","Historical documentation/audit evidence; retained as a record, not current Route 04 or a relationship claim."
audit/phase-5-media/media-usage-ledger.json,1193,"""source"": ""portfolio/automotive/london-automotive-brand-film/05-gallery.avif"",","Historical documentation/audit evidence; retained as a record, not current Route 04 or a relationship claim."
audit/phase-5-media/media-usage-ledger.json,1194,"""likelyProject"": ""portfolio/automotive/london-automotive-brand-film/05-gallery.avif"",","Historical documentation/audit evidence; retained as a record, not current Route 04 or a relationship claim."
audit/phase-5-media/media-usage-ledger.json,1195,"""category"": ""portfolio/automotive/london-automotive-brand-film"",","Historical documentation/audit evidence; retained as a record, not current Route 04 or a relationship claim."
audit/phase-5-media/media-usage-ledger.json,1203,"""publicPath"": ""/media/portfolio/automotive/london-automotive-brand-film/05-gallery.avif""","Historical documentation/audit evidence; retained as a record, not current Route 04 or a relationship claim."
audit/phase-5-media/media-usage-ledger.json,1206,"""source"": ""portfolio/automotive/london-automotive-brand-film/05-gallery.webp"",","Historical documentation/audit evidence; retained as a record, not current Route 04 or a relationship claim."
audit/phase-5-media/media-usage-ledger.json,1207,"""likelyProject"": ""portfolio/automotive/london-automotive-brand-film/05-gallery.webp"",","Historical documentation/audit evidence; retained as a record, not current Route 04 or a relationship claim."
audit/phase-5-media/media-usage-ledger.json,1208,"""category"": ""portfolio/automotive/london-automotive-brand-film"",","Historical documentation/audit evidence; retained as a record, not current Route 04 or a relationship claim."
audit/phase-5-media/media-usage-ledger.json,1221,"""publicPath"": ""/media/portfolio/automotive/london-automotive-brand-film/05-gallery.webp""","Historical documentation/audit evidence; retained as a record, not current Route 04 or a relationship claim."
audit/phase-5-media/media-usage-ledger.json,1819,"""source"": ""portfolio/automotive/london-automotive-brand-film/01-hero-mobile.webp"",","Historical documentation/audit evidence; retained as a record, not current Route 04 or a relationship claim."
audit/phase-5-media/media-usage-ledger.json,1820,"""likelyProject"": ""portfolio/automotive/london-automotive-brand-film/01-hero-mobile.webp"",","Historical documentation/audit evidence; retained as a record, not current Route 04 or a relationship claim."
audit/phase-5-media/media-usage-ledger.json,1821,"""category"": ""portfolio/automotive/london-automotive-brand-film"",","Historical documentation/audit evidence; retained as a record, not current Route 04 or a relationship claim."
audit/phase-5-media/media-usage-ledger.json,1829,"""publicPath"": ""/media/portfolio/automotive/london-automotive-brand-film/01-hero-mobile.webp""","Historical documentation/audit evidence; retained as a record, not current Route 04 or a relationship claim."
audit/phase-5-media/media-usage-ledger.json,1832,"""source"": ""portfolio/automotive/london-automotive-brand-film/02-cover-mobile.webp"",","Historical documentation/audit evidence; retained as a record, not current Route 04 or a relationship claim."
audit/phase-5-media/media-usage-ledger.json,1833,"""likelyProject"": ""portfolio/automotive/london-automotive-brand-film/02-cover-mobile.webp"",","Historical documentation/audit evidence; retained as a record, not current Route 04 or a relationship claim."
audit/phase-5-media/media-usage-ledger.json,1834,"""category"": ""portfolio/automotive/london-automotive-brand-film"",","Historical documentation/audit evidence; retained as a record, not current Route 04 or a relationship claim."
audit/phase-5-media/media-usage-ledger.json,1842,"""publicPath"": ""/media/portfolio/automotive/london-automotive-brand-film/02-cover-mobile.webp""","Historical documentation/audit evidence; retained as a record, not current Route 04 or a relationship claim."
audit/phase-5-media/media-usage-ledger.json,1845,"""source"": ""portfolio/automotive/london-automotive-brand-film/03-gallery-mobile.webp"",","Historical documentation/audit evidence; retained as a record, not current Route 04 or a relationship claim."
audit/phase-5-media/media-usage-ledger.json,1846,"""likelyProject"": ""portfolio/automotive/london-automotive-brand-film/03-gallery-mobile.webp"",","Historical documentation/audit evidence; retained as a record, not current Route 04 or a relationship claim."
audit/phase-5-media/media-usage-ledger.json,1847,"""category"": ""portfolio/automotive/london-automotive-brand-film"",","Historical documentation/audit evidence; retained as a record, not current Route 04 or a relationship claim."
audit/phase-5-media/media-usage-ledger.json,1855,"""publicPath"": ""/media/portfolio/automotive/london-automotive-brand-film/03-gallery-mobile.webp""","Historical documentation/audit evidence; retained as a record, not current Route 04 or a relationship claim."
audit/phase-5-media/media-usage-ledger.json,1858,"""source"": ""portfolio/automotive/london-automotive-brand-film/04-gallery-mobile.webp"",","Historical documentation/audit evidence; retained as a record, not current Route 04 or a relationship claim."
audit/phase-5-media/media-usage-ledger.json,1859,"""likelyProject"": ""portfolio/automotive/london-automotive-brand-film/04-gallery-mobile.webp"",","Historical documentation/audit evidence; retained as a record, not current Route 04 or a relationship claim."
audit/phase-5-media/media-usage-ledger.json,1860,"""category"": ""portfolio/automotive/london-automotive-brand-film"",","Historical documentation/audit evidence; retained as a record, not current Route 04 or a relationship claim."
audit/phase-5-media/media-usage-ledger.json,1868,"""publicPath"": ""/media/portfolio/automotive/london-automotive-brand-film/04-gallery-mobile.webp""","Historical documentation/audit evidence; retained as a record, not current Route 04 or a relationship claim."
audit/phase-5-media/media-usage-ledger.json,1871,"""source"": ""portfolio/automotive/london-automotive-brand-film/06-gallery-mobile.webp"",","Historical documentation/audit evidence; retained as a record, not current Route 04 or a relationship claim."
audit/phase-5-media/media-usage-ledger.json,1872,"""likelyProject"": ""portfolio/automotive/london-automotive-brand-film/06-gallery-mobile.webp"",","Historical documentation/audit evidence; retained as a record, not current Route 04 or a relationship claim."
audit/phase-5-media/media-usage-ledger.json,1873,"""category"": ""portfolio/automotive/london-automotive-brand-film"",","Historical documentation/audit evidence; retained as a record, not current Route 04 or a relationship claim."
audit/phase-5-media/media-usage-ledger.json,1881,"""publicPath"": ""/media/portfolio/automotive/london-automotive-brand-film/06-gallery-mobile.webp""","Historical documentation/audit evidence; retained as a record, not current Route 04 or a relationship claim."
audit/phase-5-media/media-usage-ledger.json,1884,"""source"": ""portfolio/automotive/london-automotive-brand-film/07-gallery-mobile.webp"",","Historical documentation/audit evidence; retained as a record, not current Route 04 or a relationship claim."
audit/phase-5-media/media-usage-ledger.json,1885,"""likelyProject"": ""portfolio/automotive/london-automotive-brand-film/07-gallery-mobile.webp"",","Historical documentation/audit evidence; retained as a record, not current Route 04 or a relationship claim."
audit/phase-5-media/media-usage-ledger.json,1886,"""category"": ""portfolio/automotive/london-automotive-brand-film"",","Historical documentation/audit evidence; retained as a record, not current Route 04 or a relationship claim."
audit/phase-5-media/media-usage-ledger.json,1894,"""publicPath"": ""/media/portfolio/automotive/london-automotive-brand-film/07-gallery-mobile.webp""","Historical documentation/audit evidence; retained as a record, not current Route 04 or a relationship claim."
audit/phase-5-media/media-usage-ledger.json,2040,"""source"": ""portfolio/automotive/london-automotive-brand-film/05-gallery-mobile.webp"",","Historical documentation/audit evidence; retained as a record, not current Route 04 or a relationship claim."
audit/phase-5-media/media-usage-ledger.json,2041,"""likelyProject"": ""portfolio/automotive/london-automotive-brand-film/05-gallery-mobile.webp"",","Historical documentation/audit evidence; retained as a record, not current Route 04 or a relationship claim."
audit/phase-5-media/media-usage-ledger.json,2042,"""category"": ""portfolio/automotive/london-automotive-brand-film"",","Historical documentation/audit evidence; retained as a record, not current Route 04 or a relationship claim."
audit/phase-5-media/media-usage-ledger.json,2050,"""publicPath"": ""/media/portfolio/automotive/london-automotive-brand-film/05-gallery-mobile.webp""","Historical documentation/audit evidence; retained as a record, not current Route 04 or a relationship claim."
audit/phase-5-media/media-usage-ledger.json,2475,"""source"": ""art-directed/london-automotive-brand-film-01-hero/desktop.avif"",","Historical documentation/audit evidence; retained as a record, not current Route 04 or a relationship claim."
audit/phase-5-media/media-usage-ledger.json,2476,"""likelyProject"": ""art-directed/london-automotive-brand-film-01-hero/desktop.avif"",","Historical documentation/audit evidence; retained as a record, not current Route 04 or a relationship claim."
audit/phase-5-media/media-usage-ledger.json,2477,"""category"": ""art-directed/london-automotive-brand-film-01-hero"",","Historical documentation/audit evidence; retained as a record, not current Route 04 or a relationship claim."
audit/phase-5-media/media-usage-ledger.json,2485,"""publicPath"": ""/media/art-directed/london-automotive-brand-film-01-hero/desktop.avif""","Historical documentation/audit evidence; retained as a record, not current Route 04 or a relationship claim."
audit/phase-5-media/media-usage-ledger.json,2488,"""source"": ""art-directed/london-automotive-brand-film-01-hero/desktop.jpg"",","Historical documentation/audit evidence; retained as a record, not current Route 04 or a relationship claim."
audit/phase-5-media/media-usage-ledger.json,2489,"""likelyProject"": ""art-directed/london-automotive-brand-film-01-hero/desktop.jpg"",","Historical documentation/audit evidence; retained as a record, not current Route 04 or a relationship claim."
audit/phase-5-media/media-usage-ledger.json,2490,"""category"": ""art-directed/london-automotive-brand-film-01-hero"",","Historical documentation/audit evidence; retained as a record, not current Route 04 or a relationship claim."
audit/phase-5-media/media-usage-ledger.json,2498,"""publicPath"": ""/media/art-directed/london-automotive-brand-film-01-hero/desktop.jpg""","Historical documentation/audit evidence; retained as a record, not current Route 04 or a relationship claim."
audit/phase-5-media/media-usage-ledger.json,2501,"""source"": ""art-directed/london-automotive-brand-film-01-hero/desktop.webp"",","Historical documentation/audit evidence; retained as a record, not current Route 04 or a relationship claim."
audit/phase-5-media/media-usage-ledger.json,2502,"""likelyProject"": ""art-directed/london-automotive-brand-film-01-hero/desktop.webp"",","Historical documentation/audit evidence; retained as a record, not current Route 04 or a relationship claim."
audit/phase-5-media/media-usage-ledger.json,2503,"""category"": ""art-directed/london-automotive-brand-film-01-hero"",","Historical documentation/audit evidence; retained as a record, not current Route 04 or a relationship claim."
audit/phase-5-media/media-usage-ledger.json,2511,"""publicPath"": ""/media/art-directed/london-automotive-brand-film-01-hero/desktop.webp""","Historical documentation/audit evidence; retained as a record, not current Route 04 or a relationship claim."
audit/phase-5-media/media-usage-ledger.json,2514,"""source"": ""art-directed/london-automotive-brand-film-02-cover/desktop.avif"",","Historical documentation/audit evidence; retained as a record, not current Route 04 or a relationship claim."
audit/phase-5-media/media-usage-ledger.json,2515,"""likelyProject"": ""art-directed/london-automotive-brand-film-02-cover/desktop.avif"",","Historical documentation/audit evidence; retained as a record, not current Route 04 or a relationship claim."
audit/phase-5-media/media-usage-ledger.json,2516,"""category"": ""art-directed/london-automotive-brand-film-02-cover"",","Historical documentation/audit evidence; retained as a record, not current Route 04 or a relationship claim."
audit/phase-5-media/media-usage-ledger.json,2524,"""publicPath"": ""/media/art-directed/london-automotive-brand-film-02-cover/desktop.avif""","Historical documentation/audit evidence; retained as a record, not current Route 04 or a relationship claim."
audit/phase-5-media/media-usage-ledger.json,2527,"""source"": ""art-directed/london-automotive-brand-film-02-cover/desktop.jpg"",","Historical documentation/audit evidence; retained as a record, not current Route 04 or a relationship claim."
audit/phase-5-media/media-usage-ledger.json,2528,"""likelyProject"": ""art-directed/london-automotive-brand-film-02-cover/desktop.jpg"",","Historical documentation/audit evidence; retained as a record, not current Route 04 or a relationship claim."
audit/phase-5-media/media-usage-ledger.json,2529,"""category"": ""art-directed/london-automotive-brand-film-02-cover"",","Historical documentation/audit evidence; retained as a record, not current Route 04 or a relationship claim."
audit/phase-5-media/media-usage-ledger.json,2537,"""publicPath"": ""/media/art-directed/london-automotive-brand-film-02-cover/desktop.jpg""","Historical documentation/audit evidence; retained as a record, not current Route 04 or a relationship claim."
audit/phase-5-media/media-usage-ledger.json,2540,"""source"": ""art-directed/london-automotive-brand-film-02-cover/desktop.webp"",","Historical documentation/audit evidence; retained as a record, not current Route 04 or a relationship claim."
audit/phase-5-media/media-usage-ledger.json,2541,"""likelyProject"": ""art-directed/london-automotive-brand-film-02-cover/desktop.webp"",","Historical documentation/audit evidence; retained as a record, not current Route 04 or a relationship claim."
audit/phase-5-media/media-usage-ledger.json,2542,"""category"": ""art-directed/london-automotive-brand-film-02-cover"",","Historical documentation/audit evidence; retained as a record, not current Route 04 or a relationship claim."
audit/phase-5-media/media-usage-ledger.json,2550,"""publicPath"": ""/media/art-directed/london-automotive-brand-film-02-cover/desktop.webp""","Historical documentation/audit evidence; retained as a record, not current Route 04 or a relationship claim."
audit/phase-5-media/media-usage-ledger.json,2553,"""source"": ""art-directed/london-automotive-brand-film-03-gallery/desktop.avif"",","Historical documentation/audit evidence; retained as a record, not current Route 04 or a relationship claim."
audit/phase-5-media/media-usage-ledger.json,2554,"""likelyProject"": ""art-directed/london-automotive-brand-film-03-gallery/desktop.avif"",","Historical documentation/audit evidence; retained as a record, not current Route 04 or a relationship claim."
audit/phase-5-media/media-usage-ledger.json,2555,"""category"": ""art-directed/london-automotive-brand-film-03-gallery"",","Historical documentation/audit evidence; retained as a record, not current Route 04 or a relationship claim."
audit/phase-5-media/media-usage-ledger.json,2563,"""publicPath"": ""/media/art-directed/london-automotive-brand-film-03-gallery/desktop.avif""","Historical documentation/audit evidence; retained as a record, not current Route 04 or a relationship claim."
audit/phase-5-media/media-usage-ledger.json,2566,"""source"": ""art-directed/london-automotive-brand-film-03-gallery/desktop.jpg"",","Historical documentation/audit evidence; retained as a record, not current Route 04 or a relationship claim."
audit/phase-5-media/media-usage-ledger.json,2567,"""likelyProject"": ""art-directed/london-automotive-brand-film-03-gallery/desktop.jpg"",","Historical documentation/audit evidence; retained as a record, not current Route 04 or a relationship claim."
audit/phase-5-media/media-usage-ledger.json,2568,"""category"": ""art-directed/london-automotive-brand-film-03-gallery"",","Historical documentation/audit evidence; retained as a record, not current Route 04 or a relationship claim."
audit/phase-5-media/media-usage-ledger.json,2576,"""publicPath"": ""/media/art-directed/london-automotive-brand-film-03-gallery/desktop.jpg""","Historical documentation/audit evidence; retained as a record, not current Route 04 or a relationship claim."
audit/phase-5-media/media-usage-ledger.json,2579,"""source"": ""art-directed/london-automotive-brand-film-03-gallery/desktop.webp"",","Historical documentation/audit evidence; retained as a record, not current Route 04 or a relationship claim."
audit/phase-5-media/media-usage-ledger.json,2580,"""likelyProject"": ""art-directed/london-automotive-brand-film-03-gallery/desktop.webp"",","Historical documentation/audit evidence; retained as a record, not current Route 04 or a relationship claim."
audit/phase-5-media/media-usage-ledger.json,2581,"""category"": ""art-directed/london-automotive-brand-film-03-gallery"",","Historical documentation/audit evidence; retained as a record, not current Route 04 or a relationship claim."
audit/phase-5-media/media-usage-ledger.json,2589,"""publicPath"": ""/media/art-directed/london-automotive-brand-film-03-gallery/desktop.webp""","Historical documentation/audit evidence; retained as a record, not current Route 04 or a relationship claim."
audit/phase-5-media/media-usage-ledger.json,2592,"""source"": ""art-directed/london-automotive-brand-film-04-gallery/desktop.avif"",","Historical documentation/audit evidence; retained as a record, not current Route 04 or a relationship claim."
audit/phase-5-media/media-usage-ledger.json,2593,"""likelyProject"": ""art-directed/london-automotive-brand-film-04-gallery/desktop.avif"",","Historical documentation/audit evidence; retained as a record, not current Route 04 or a relationship claim."
audit/phase-5-media/media-usage-ledger.json,2594,"""category"": ""art-directed/london-automotive-brand-film-04-gallery"",","Historical documentation/audit evidence; retained as a record, not current Route 04 or a relationship claim."
audit/phase-5-media/media-usage-ledger.json,2602,"""publicPath"": ""/media/art-directed/london-automotive-brand-film-04-gallery/desktop.avif""","Historical documentation/audit evidence; retained as a record, not current Route 04 or a relationship claim."
audit/phase-5-media/media-usage-ledger.json,2605,"""source"": ""art-directed/london-automotive-brand-film-04-gallery/desktop.jpg"",","Historical documentation/audit evidence; retained as a record, not current Route 04 or a relationship claim."
audit/phase-5-media/media-usage-ledger.json,2606,"""likelyProject"": ""art-directed/london-automotive-brand-film-04-gallery/desktop.jpg"",","Historical documentation/audit evidence; retained as a record, not current Route 04 or a relationship claim."
audit/phase-5-media/media-usage-ledger.json,2607,"""category"": ""art-directed/london-automotive-brand-film-04-gallery"",","Historical documentation/audit evidence; retained as a record, not current Route 04 or a relationship claim."
audit/phase-5-media/media-usage-ledger.json,2615,"""publicPath"": ""/media/art-directed/london-automotive-brand-film-04-gallery/desktop.jpg""","Historical documentation/audit evidence; retained as a record, not current Route 04 or a relationship claim."
audit/phase-5-media/media-usage-ledger.json,2618,"""source"": ""art-directed/london-automotive-brand-film-04-gallery/desktop.webp"",","Historical documentation/audit evidence; retained as a record, not current Route 04 or a relationship claim."
audit/phase-5-media/media-usage-ledger.json,2619,"""likelyProject"": ""art-directed/london-automotive-brand-film-04-gallery/desktop.webp"",","Historical documentation/audit evidence; retained as a record, not current Route 04 or a relationship claim."
audit/phase-5-media/media-usage-ledger.json,2620,"""category"": ""art-directed/london-automotive-brand-film-04-gallery"",","Historical documentation/audit evidence; retained as a record, not current Route 04 or a relationship claim."
audit/phase-5-media/media-usage-ledger.json,2628,"""publicPath"": ""/media/art-directed/london-automotive-brand-film-04-gallery/desktop.webp""","Historical documentation/audit evidence; retained as a record, not current Route 04 or a relationship claim."
audit/phase-5-media/media-usage-ledger.json,2631,"""source"": ""art-directed/london-automotive-brand-film-06-gallery/desktop.avif"",","Historical documentation/audit evidence; retained as a record, not current Route 04 or a relationship claim."
audit/phase-5-media/media-usage-ledger.json,2632,"""likelyProject"": ""art-directed/london-automotive-brand-film-06-gallery/desktop.avif"",","Historical documentation/audit evidence; retained as a record, not current Route 04 or a relationship claim."
audit/phase-5-media/media-usage-ledger.json,2633,"""category"": ""art-directed/london-automotive-brand-film-06-gallery"",","Historical documentation/audit evidence; retained as a record, not current Route 04 or a relationship claim."
audit/phase-5-media/media-usage-ledger.json,2641,"""publicPath"": ""/media/art-directed/london-automotive-brand-film-06-gallery/desktop.avif""","Historical documentation/audit evidence; retained as a record, not current Route 04 or a relationship claim."
audit/phase-5-media/media-usage-ledger.json,2644,"""source"": ""art-directed/london-automotive-brand-film-06-gallery/desktop.jpg"",","Historical documentation/audit evidence; retained as a record, not current Route 04 or a relationship claim."
audit/phase-5-media/media-usage-ledger.json,2645,"""likelyProject"": ""art-directed/london-automotive-brand-film-06-gallery/desktop.jpg"",","Historical documentation/audit evidence; retained as a record, not current Route 04 or a relationship claim."
audit/phase-5-media/media-usage-ledger.json,2646,"""category"": ""art-directed/london-automotive-brand-film-06-gallery"",","Historical documentation/audit evidence; retained as a record, not current Route 04 or a relationship claim."
audit/phase-5-media/media-usage-ledger.json,2654,"""publicPath"": ""/media/art-directed/london-automotive-brand-film-06-gallery/desktop.jpg""","Historical documentation/audit evidence; retained as a record, not current Route 04 or a relationship claim."
audit/phase-5-media/media-usage-ledger.json,2657,"""source"": ""art-directed/london-automotive-brand-film-06-gallery/desktop.webp"",","Historical documentation/audit evidence; retained as a record, not current Route 04 or a relationship claim."
audit/phase-5-media/media-usage-ledger.json,2658,"""likelyProject"": ""art-directed/london-automotive-brand-film-06-gallery/desktop.webp"",","Historical documentation/audit evidence; retained as a record, not current Route 04 or a relationship claim."
audit/phase-5-media/media-usage-ledger.json,2659,"""category"": ""art-directed/london-automotive-brand-film-06-gallery"",","Historical documentation/audit evidence; retained as a record, not current Route 04 or a relationship claim."
audit/phase-5-media/media-usage-ledger.json,2667,"""publicPath"": ""/media/art-directed/london-automotive-brand-film-06-gallery/desktop.webp""","Historical documentation/audit evidence; retained as a record, not current Route 04 or a relationship claim."
audit/phase-5-media/media-usage-ledger.json,2670,"""source"": ""art-directed/london-automotive-brand-film-07-gallery/desktop.avif"",","Historical documentation/audit evidence; retained as a record, not current Route 04 or a relationship claim."
audit/phase-5-media/media-usage-ledger.json,2671,"""likelyProject"": ""art-directed/london-automotive-brand-film-07-gallery/desktop.avif"",","Historical documentation/audit evidence; retained as a record, not current Route 04 or a relationship claim."
audit/phase-5-media/media-usage-ledger.json,2672,"""category"": ""art-directed/london-automotive-brand-film-07-gallery"",","Historical documentation/audit evidence; retained as a record, not current Route 04 or a relationship claim."
audit/phase-5-media/media-usage-ledger.json,2680,"""publicPath"": ""/media/art-directed/london-automotive-brand-film-07-gallery/desktop.avif""","Historical documentation/audit evidence; retained as a record, not current Route 04 or a relationship claim."
audit/phase-5-media/media-usage-ledger.json,2683,"""source"": ""art-directed/london-automotive-brand-film-07-gallery/desktop.jpg"",","Historical documentation/audit evidence; retained as a record, not current Route 04 or a relationship claim."
audit/phase-5-media/media-usage-ledger.json,2684,"""likelyProject"": ""art-directed/london-automotive-brand-film-07-gallery/desktop.jpg"",","Historical documentation/audit evidence; retained as a record, not current Route 04 or a relationship claim."
audit/phase-5-media/media-usage-ledger.json,2685,"""category"": ""art-directed/london-automotive-brand-film-07-gallery"",","Historical documentation/audit evidence; retained as a record, not current Route 04 or a relationship claim."
audit/phase-5-media/media-usage-ledger.json,2693,"""publicPath"": ""/media/art-directed/london-automotive-brand-film-07-gallery/desktop.jpg""","Historical documentation/audit evidence; retained as a record, not current Route 04 or a relationship claim."
audit/phase-5-media/media-usage-ledger.json,2696,"""source"": ""art-directed/london-automotive-brand-film-07-gallery/desktop.webp"",","Historical documentation/audit evidence; retained as a record, not current Route 04 or a relationship claim."
audit/phase-5-media/media-usage-ledger.json,2697,"""likelyProject"": ""art-directed/london-automotive-brand-film-07-gallery/desktop.webp"",","Historical documentation/audit evidence; retained as a record, not current Route 04 or a relationship claim."
audit/phase-5-media/media-usage-ledger.json,2698,"""category"": ""art-directed/london-automotive-brand-film-07-gallery"",","Historical documentation/audit evidence; retained as a record, not current Route 04 or a relationship claim."
audit/phase-5-media/media-usage-ledger.json,2706,"""publicPath"": ""/media/art-directed/london-automotive-brand-film-07-gallery/desktop.webp""","Historical documentation/audit evidence; retained as a record, not current Route 04 or a relationship claim."
audit/phase-5-media/media-usage-ledger.json,3936,"""source"": ""portfolio/automotive/london-automotive-brand-film/01-hero-thumb.webp"",","Historical documentation/audit evidence; retained as a record, not current Route 04 or a relationship claim."
audit/phase-5-media/media-usage-ledger.json,3937,"""likelyProject"": ""portfolio/automotive/london-automotive-brand-film/01-hero-thumb.webp"",","Historical documentation/audit evidence; retained as a record, not current Route 04 or a relationship claim."
audit/phase-5-media/media-usage-ledger.json,3938,"""category"": ""portfolio/automotive/london-automotive-brand-film"",","Historical documentation/audit evidence; retained as a record, not current Route 04 or a relationship claim."
audit/phase-5-media/media-usage-ledger.json,3946,"""publicPath"": ""/media/portfolio/automotive/london-automotive-brand-film/01-hero-thumb.webp""","Historical documentation/audit evidence; retained as a record, not current Route 04 or a relationship claim."
audit/phase-5-media/media-usage-ledger.json,3949,"""source"": ""portfolio/automotive/london-automotive-brand-film/02-cover-thumb.webp"",","Historical documentation/audit evidence; retained as a record, not current Route 04 or a relationship claim."
audit/phase-5-media/media-usage-ledger.json,3950,"""likelyProject"": ""portfolio/automotive/london-automotive-brand-film/02-cover-thumb.webp"",","Historical documentation/audit evidence; retained as a record, not current Route 04 or a relationship claim."
audit/phase-5-media/media-usage-ledger.json,3951,"""category"": ""portfolio/automotive/london-automotive-brand-film"",","Historical documentation/audit evidence; retained as a record, not current Route 04 or a relationship claim."
audit/phase-5-media/media-usage-ledger.json,3959,"""publicPath"": ""/media/portfolio/automotive/london-automotive-brand-film/02-cover-thumb.webp""","Historical documentation/audit evidence; retained as a record, not current Route 04 or a relationship claim."
audit/phase-5-media/media-usage-ledger.json,3962,"""source"": ""portfolio/automotive/london-automotive-brand-film/03-gallery-thumb.webp"",","Historical documentation/audit evidence; retained as a record, not current Route 04 or a relationship claim."
audit/phase-5-media/media-usage-ledger.json,3963,"""likelyProject"": ""portfolio/automotive/london-automotive-brand-film/03-gallery-thumb.webp"",","Historical documentation/audit evidence; retained as a record, not current Route 04 or a relationship claim."
audit/phase-5-media/media-usage-ledger.json,3964,"""category"": ""portfolio/automotive/london-automotive-brand-film"",","Historical documentation/audit evidence; retained as a record, not current Route 04 or a relationship claim."
audit/phase-5-media/media-usage-ledger.json,3972,"""publicPath"": ""/media/portfolio/automotive/london-automotive-brand-film/03-gallery-thumb.webp""","Historical documentation/audit evidence; retained as a record, not current Route 04 or a relationship claim."
audit/phase-5-media/media-usage-ledger.json,3975,"""source"": ""portfolio/automotive/london-automotive-brand-film/04-gallery-thumb.webp"",","Historical documentation/audit evidence; retained as a record, not current Route 04 or a relationship claim."
audit/phase-5-media/media-usage-ledger.json,3976,"""likelyProject"": ""portfolio/automotive/london-automotive-brand-film/04-gallery-thumb.webp"",","Historical documentation/audit evidence; retained as a record, not current Route 04 or a relationship claim."
audit/phase-5-media/media-usage-ledger.json,3977,"""category"": ""portfolio/automotive/london-automotive-brand-film"",","Historical documentation/audit evidence; retained as a record, not current Route 04 or a relationship claim."
audit/phase-5-media/media-usage-ledger.json,3985,"""publicPath"": ""/media/portfolio/automotive/london-automotive-brand-film/04-gallery-thumb.webp""","Historical documentation/audit evidence; retained as a record, not current Route 04 or a relationship claim."
audit/phase-5-media/media-usage-ledger.json,3988,"""source"": ""portfolio/automotive/london-automotive-brand-film/06-gallery-thumb.webp"",","Historical documentation/audit evidence; retained as a record, not current Route 04 or a relationship claim."
audit/phase-5-media/media-usage-ledger.json,3989,"""likelyProject"": ""portfolio/automotive/london-automotive-brand-film/06-gallery-thumb.webp"",","Historical documentation/audit evidence; retained as a record, not current Route 04 or a relationship claim."
audit/phase-5-media/media-usage-ledger.json,3990,"""category"": ""portfolio/automotive/london-automotive-brand-film"",","Historical documentation/audit evidence; retained as a record, not current Route 04 or a relationship claim."
audit/phase-5-media/media-usage-ledger.json,3998,"""publicPath"": ""/media/portfolio/automotive/london-automotive-brand-film/06-gallery-thumb.webp""","Historical documentation/audit evidence; retained as a record, not current Route 04 or a relationship claim."
audit/phase-5-media/media-usage-ledger.json,4001,"""source"": ""portfolio/automotive/london-automotive-brand-film/07-gallery-thumb.webp"",","Historical documentation/audit evidence; retained as a record, not current Route 04 or a relationship claim."
audit/phase-5-media/media-usage-ledger.json,4002,"""likelyProject"": ""portfolio/automotive/london-automotive-brand-film/07-gallery-thumb.webp"",","Historical documentation/audit evidence; retained as a record, not current Route 04 or a relationship claim."
audit/phase-5-media/media-usage-ledger.json,4003,"""category"": ""portfolio/automotive/london-automotive-brand-film"",","Historical documentation/audit evidence; retained as a record, not current Route 04 or a relationship claim."
audit/phase-5-media/media-usage-ledger.json,4011,"""publicPath"": ""/media/portfolio/automotive/london-automotive-brand-film/07-gallery-thumb.webp""","Historical documentation/audit evidence; retained as a record, not current Route 04 or a relationship claim."
audit/phase-5-media/media-usage-ledger.json,4014,"""source"": ""art-directed/london-automotive-brand-film-05-gallery/desktop.avif"",","Historical documentation/audit evidence; retained as a record, not current Route 04 or a relationship claim."
audit/phase-5-media/media-usage-ledger.json,4015,"""likelyProject"": ""art-directed/london-automotive-brand-film-05-gallery/desktop.avif"",","Historical documentation/audit evidence; retained as a record, not current Route 04 or a relationship claim."
audit/phase-5-media/media-usage-ledger.json,4016,"""category"": ""art-directed/london-automotive-brand-film-05-gallery"",","Historical documentation/audit evidence; retained as a record, not current Route 04 or a relationship claim."
audit/phase-5-media/media-usage-ledger.json,4024,"""publicPath"": ""/media/art-directed/london-automotive-brand-film-05-gallery/desktop.avif""","Historical documentation/audit evidence; retained as a record, not current Route 04 or a relationship claim."
audit/phase-5-media/media-usage-ledger.json,4027,"""source"": ""art-directed/london-automotive-brand-film-05-gallery/desktop.jpg"",","Historical documentation/audit evidence; retained as a record, not current Route 04 or a relationship claim."
audit/phase-5-media/media-usage-ledger.json,4028,"""likelyProject"": ""art-directed/london-automotive-brand-film-05-gallery/desktop.jpg"",","Historical documentation/audit evidence; retained as a record, not current Route 04 or a relationship claim."
audit/phase-5-media/media-usage-ledger.json,4029,"""category"": ""art-directed/london-automotive-brand-film-05-gallery"",","Historical documentation/audit evidence; retained as a record, not current Route 04 or a relationship claim."
audit/phase-5-media/media-usage-ledger.json,4037,"""publicPath"": ""/media/art-directed/london-automotive-brand-film-05-gallery/desktop.jpg""","Historical documentation/audit evidence; retained as a record, not current Route 04 or a relationship claim."
audit/phase-5-media/media-usage-ledger.json,4040,"""source"": ""art-directed/london-automotive-brand-film-05-gallery/desktop.webp"",","Historical documentation/audit evidence; retained as a record, not current Route 04 or a relationship claim."
audit/phase-5-media/media-usage-ledger.json,4041,"""likelyProject"": ""art-directed/london-automotive-brand-film-05-gallery/desktop.webp"",","Historical documentation/audit evidence; retained as a record, not current Route 04 or a relationship claim."
audit/phase-5-media/media-usage-ledger.json,4042,"""category"": ""art-directed/london-automotive-brand-film-05-gallery"",","Historical documentation/audit evidence; retained as a record, not current Route 04 or a relationship claim."
audit/phase-5-media/media-usage-ledger.json,4050,"""publicPath"": ""/media/art-directed/london-automotive-brand-film-05-gallery/desktop.webp""","Historical documentation/audit evidence; retained as a record, not current Route 04 or a relationship claim."
audit/phase-5-media/media-usage-ledger.json,4053,"""source"": ""art-directed/london-automotive-brand-film-01-hero/tablet.avif"",","Historical documentation/audit evidence; retained as a record, not current Route 04 or a relationship claim."
audit/phase-5-media/media-usage-ledger.json,4054,"""likelyProject"": ""art-directed/london-automotive-brand-film-01-hero/tablet.avif"",","Historical documentation/audit evidence; retained as a record, not current Route 04 or a relationship claim."
audit/phase-5-media/media-usage-ledger.json,4055,"""category"": ""art-directed/london-automotive-brand-film-01-hero"",","Historical documentation/audit evidence; retained as a record, not current Route 04 or a relationship claim."
audit/phase-5-media/media-usage-ledger.json,4063,"""publicPath"": ""/media/art-directed/london-automotive-brand-film-01-hero/tablet.avif""","Historical documentation/audit evidence; retained as a record, not current Route 04 or a relationship claim."
audit/phase-5-media/media-usage-ledger.json,4066,"""source"": ""art-directed/london-automotive-brand-film-01-hero/tablet.webp"",","Historical documentation/audit evidence; retained as a record, not current Route 04 or a relationship claim."
audit/phase-5-media/media-usage-ledger.json,4067,"""likelyProject"": ""art-directed/london-automotive-brand-film-01-hero/tablet.webp"",","Historical documentation/audit evidence; retained as a record, not current Route 04 or a relationship claim."
audit/phase-5-media/media-usage-ledger.json,4068,"""category"": ""art-directed/london-automotive-brand-film-01-hero"",","Historical documentation/audit evidence; retained as a record, not current Route 04 or a relationship claim."
audit/phase-5-media/media-usage-ledger.json,4076,"""publicPath"": ""/media/art-directed/london-automotive-brand-film-01-hero/tablet.webp""","Historical documentation/audit evidence; retained as a record, not current Route 04 or a relationship claim."
audit/phase-5-media/media-usage-ledger.json,4079,"""source"": ""art-directed/london-automotive-brand-film-02-cover/tablet.avif"",","Historical documentation/audit evidence; retained as a record, not current Route 04 or a relationship claim."
audit/phase-5-media/media-usage-ledger.json,4080,"""likelyProject"": ""art-directed/london-automotive-brand-film-02-cover/tablet.avif"",","Historical documentation/audit evidence; retained as a record, not current Route 04 or a relationship claim."
audit/phase-5-media/media-usage-ledger.json,4081,"""category"": ""art-directed/london-automotive-brand-film-02-cover"",","Historical documentation/audit evidence; retained as a record, not current Route 04 or a relationship claim."
audit/phase-5-media/media-usage-ledger.json,4089,"""publicPath"": ""/media/art-directed/london-automotive-brand-film-02-cover/tablet.avif""","Historical documentation/audit evidence; retained as a record, not current Route 04 or a relationship claim."
audit/phase-5-media/media-usage-ledger.json,4092,"""source"": ""art-directed/london-automotive-brand-film-02-cover/tablet.webp"",","Historical documentation/audit evidence; retained as a record, not current Route 04 or a relationship claim."
audit/phase-5-media/media-usage-ledger.json,4093,"""likelyProject"": ""art-directed/london-automotive-brand-film-02-cover/tablet.webp"",","Historical documentation/audit evidence; retained as a record, not current Route 04 or a relationship claim."
audit/phase-5-media/media-usage-ledger.json,4094,"""category"": ""art-directed/london-automotive-brand-film-02-cover"",","Historical documentation/audit evidence; retained as a record, not current Route 04 or a relationship claim."
audit/phase-5-media/media-usage-ledger.json,4102,"""publicPath"": ""/media/art-directed/london-automotive-brand-film-02-cover/tablet.webp""","Historical documentation/audit evidence; retained as a record, not current Route 04 or a relationship claim."
audit/phase-5-media/media-usage-ledger.json,4105,"""source"": ""art-directed/london-automotive-brand-film-03-gallery/tablet.avif"",","Historical documentation/audit evidence; retained as a record, not current Route 04 or a relationship claim."
audit/phase-5-media/media-usage-ledger.json,4106,"""likelyProject"": ""art-directed/london-automotive-brand-film-03-gallery/tablet.avif"",","Historical documentation/audit evidence; retained as a record, not current Route 04 or a relationship claim."
audit/phase-5-media/media-usage-ledger.json,4107,"""category"": ""art-directed/london-automotive-brand-film-03-gallery"",","Historical documentation/audit evidence; retained as a record, not current Route 04 or a relationship claim."
audit/phase-5-media/media-usage-ledger.json,4115,"""publicPath"": ""/media/art-directed/london-automotive-brand-film-03-gallery/tablet.avif""","Historical documentation/audit evidence; retained as a record, not current Route 04 or a relationship claim."
audit/phase-5-media/media-usage-ledger.json,4118,"""source"": ""art-directed/london-automotive-brand-film-03-gallery/tablet.webp"",","Historical documentation/audit evidence; retained as a record, not current Route 04 or a relationship claim."
audit/phase-5-media/media-usage-ledger.json,4119,"""likelyProject"": ""art-directed/london-automotive-brand-film-03-gallery/tablet.webp"",","Historical documentation/audit evidence; retained as a record, not current Route 04 or a relationship claim."
audit/phase-5-media/media-usage-ledger.json,4120,"""category"": ""art-directed/london-automotive-brand-film-03-gallery"",","Historical documentation/audit evidence; retained as a record, not current Route 04 or a relationship claim."
audit/phase-5-media/media-usage-ledger.json,4128,"""publicPath"": ""/media/art-directed/london-automotive-brand-film-03-gallery/tablet.webp""","Historical documentation/audit evidence; retained as a record, not current Route 04 or a relationship claim."
audit/phase-5-media/media-usage-ledger.json,4131,"""source"": ""art-directed/london-automotive-brand-film-04-gallery/tablet.avif"",","Historical documentation/audit evidence; retained as a record, not current Route 04 or a relationship claim."
audit/phase-5-media/media-usage-ledger.json,4132,"""likelyProject"": ""art-directed/london-automotive-brand-film-04-gallery/tablet.avif"",","Historical documentation/audit evidence; retained as a record, not current Route 04 or a relationship claim."
audit/phase-5-media/media-usage-ledger.json,4133,"""category"": ""art-directed/london-automotive-brand-film-04-gallery"",","Historical documentation/audit evidence; retained as a record, not current Route 04 or a relationship claim."
audit/phase-5-media/media-usage-ledger.json,4141,"""publicPath"": ""/media/art-directed/london-automotive-brand-film-04-gallery/tablet.avif""","Historical documentation/audit evidence; retained as a record, not current Route 04 or a relationship claim."
audit/phase-5-media/media-usage-ledger.json,4144,"""source"": ""art-directed/london-automotive-brand-film-04-gallery/tablet.webp"",","Historical documentation/audit evidence; retained as a record, not current Route 04 or a relationship claim."
audit/phase-5-media/media-usage-ledger.json,4145,"""likelyProject"": ""art-directed/london-automotive-brand-film-04-gallery/tablet.webp"",","Historical documentation/audit evidence; retained as a record, not current Route 04 or a relationship claim."
audit/phase-5-media/media-usage-ledger.json,4146,"""category"": ""art-directed/london-automotive-brand-film-04-gallery"",","Historical documentation/audit evidence; retained as a record, not current Route 04 or a relationship claim."
audit/phase-5-media/media-usage-ledger.json,4154,"""publicPath"": ""/media/art-directed/london-automotive-brand-film-04-gallery/tablet.webp""","Historical documentation/audit evidence; retained as a record, not current Route 04 or a relationship claim."
audit/phase-5-media/media-usage-ledger.json,4157,"""source"": ""art-directed/london-automotive-brand-film-06-gallery/tablet.avif"",","Historical documentation/audit evidence; retained as a record, not current Route 04 or a relationship claim."
audit/phase-5-media/media-usage-ledger.json,4158,"""likelyProject"": ""art-directed/london-automotive-brand-film-06-gallery/tablet.avif"",","Historical documentation/audit evidence; retained as a record, not current Route 04 or a relationship claim."
audit/phase-5-media/media-usage-ledger.json,4159,"""category"": ""art-directed/london-automotive-brand-film-06-gallery"",","Historical documentation/audit evidence; retained as a record, not current Route 04 or a relationship claim."
audit/phase-5-media/media-usage-ledger.json,4167,"""publicPath"": ""/media/art-directed/london-automotive-brand-film-06-gallery/tablet.avif""","Historical documentation/audit evidence; retained as a record, not current Route 04 or a relationship claim."
audit/phase-5-media/media-usage-ledger.json,4170,"""source"": ""art-directed/london-automotive-brand-film-06-gallery/tablet.webp"",","Historical documentation/audit evidence; retained as a record, not current Route 04 or a relationship claim."
audit/phase-5-media/media-usage-ledger.json,4171,"""likelyProject"": ""art-directed/london-automotive-brand-film-06-gallery/tablet.webp"",","Historical documentation/audit evidence; retained as a record, not current Route 04 or a relationship claim."
audit/phase-5-media/media-usage-ledger.json,4172,"""category"": ""art-directed/london-automotive-brand-film-06-gallery"",","Historical documentation/audit evidence; retained as a record, not current Route 04 or a relationship claim."
audit/phase-5-media/media-usage-ledger.json,4180,"""publicPath"": ""/media/art-directed/london-automotive-brand-film-06-gallery/tablet.webp""","Historical documentation/audit evidence; retained as a record, not current Route 04 or a relationship claim."
audit/phase-5-media/media-usage-ledger.json,4183,"""source"": ""art-directed/london-automotive-brand-film-07-gallery/tablet.avif"",","Historical documentation/audit evidence; retained as a record, not current Route 04 or a relationship claim."
audit/phase-5-media/media-usage-ledger.json,4184,"""likelyProject"": ""art-directed/london-automotive-brand-film-07-gallery/tablet.avif"",","Historical documentation/audit evidence; retained as a record, not current Route 04 or a relationship claim."
audit/phase-5-media/media-usage-ledger.json,4185,"""category"": ""art-directed/london-automotive-brand-film-07-gallery"",","Historical documentation/audit evidence; retained as a record, not current Route 04 or a relationship claim."
audit/phase-5-media/media-usage-ledger.json,4193,"""publicPath"": ""/media/art-directed/london-automotive-brand-film-07-gallery/tablet.avif""","Historical documentation/audit evidence; retained as a record, not current Route 04 or a relationship claim."
audit/phase-5-media/media-usage-ledger.json,4196,"""source"": ""art-directed/london-automotive-brand-film-07-gallery/tablet.webp"",","Historical documentation/audit evidence; retained as a record, not current Route 04 or a relationship claim."
audit/phase-5-media/media-usage-ledger.json,4197,"""likelyProject"": ""art-directed/london-automotive-brand-film-07-gallery/tablet.webp"",","Historical documentation/audit evidence; retained as a record, not current Route 04 or a relationship claim."
audit/phase-5-media/media-usage-ledger.json,4198,"""category"": ""art-directed/london-automotive-brand-film-07-gallery"",","Historical documentation/audit evidence; retained as a record, not current Route 04 or a relationship claim."
audit/phase-5-media/media-usage-ledger.json,4206,"""publicPath"": ""/media/art-directed/london-automotive-brand-film-07-gallery/tablet.webp""","Historical documentation/audit evidence; retained as a record, not current Route 04 or a relationship claim."
audit/phase-5-media/media-usage-ledger.json,4323,"""source"": ""portfolio/automotive/london-automotive-brand-film/05-gallery-thumb.webp"",","Historical documentation/audit evidence; retained as a record, not current Route 04 or a relationship claim."
audit/phase-5-media/media-usage-ledger.json,4324,"""likelyProject"": ""portfolio/automotive/london-automotive-brand-film/05-gallery-thumb.webp"",","Historical documentation/audit evidence; retained as a record, not current Route 04 or a relationship claim."
audit/phase-5-media/media-usage-ledger.json,4325,"""category"": ""portfolio/automotive/london-automotive-brand-film"",","Historical documentation/audit evidence; retained as a record, not current Route 04 or a relationship claim."
audit/phase-5-media/media-usage-ledger.json,4333,"""publicPath"": ""/media/portfolio/automotive/london-automotive-brand-film/05-gallery-thumb.webp""","Historical documentation/audit evidence; retained as a record, not current Route 04 or a relationship claim."
audit/phase-5-media/media-usage-ledger.json,6867,"""source"": ""art-directed/london-automotive-brand-film-05-gallery/tablet.avif"",","Historical documentation/audit evidence; retained as a record, not current Route 04 or a relationship claim."
audit/phase-5-media/media-usage-ledger.json,6868,"""likelyProject"": ""art-directed/london-automotive-brand-film-05-gallery/tablet.avif"",","Historical documentation/audit evidence; retained as a record, not current Route 04 or a relationship claim."
audit/phase-5-media/media-usage-ledger.json,6869,"""category"": ""art-directed/london-automotive-brand-film-05-gallery"",","Historical documentation/audit evidence; retained as a record, not current Route 04 or a relationship claim."
audit/phase-5-media/media-usage-ledger.json,6877,"""publicPath"": ""/media/art-directed/london-automotive-brand-film-05-gallery/tablet.avif""","Historical documentation/audit evidence; retained as a record, not current Route 04 or a relationship claim."
audit/phase-5-media/media-usage-ledger.json,6880,"""source"": ""art-directed/london-automotive-brand-film-05-gallery/tablet.webp"",","Historical documentation/audit evidence; retained as a record, not current Route 04 or a relationship claim."
audit/phase-5-media/media-usage-ledger.json,6881,"""likelyProject"": ""art-directed/london-automotive-brand-film-05-gallery/tablet.webp"",","Historical documentation/audit evidence; retained as a record, not current Route 04 or a relationship claim."
audit/phase-5-media/media-usage-ledger.json,6882,"""category"": ""art-directed/london-automotive-brand-film-05-gallery"",","Historical documentation/audit evidence; retained as a record, not current Route 04 or a relationship claim."
audit/phase-5-media/media-usage-ledger.json,6890,"""publicPath"": ""/media/art-directed/london-automotive-brand-film-05-gallery/tablet.webp""","Historical documentation/audit evidence; retained as a record, not current Route 04 or a relationship claim."
audit/phase-5-media/media-usage-ledger.json,9988,"""source"": ""art-directed/london-automotive-brand-film-01-hero/mobile.avif"",","Historical documentation/audit evidence; retained as a record, not current Route 04 or a relationship claim."
audit/phase-5-media/media-usage-ledger.json,9989,"""likelyProject"": ""art-directed/london-automotive-brand-film-01-hero/mobile.avif"",","Historical documentation/audit evidence; retained as a record, not current Route 04 or a relationship claim."
audit/phase-5-media/media-usage-ledger.json,9990,"""category"": ""art-directed/london-automotive-brand-film-01-hero"",","Historical documentation/audit evidence; retained as a record, not current Route 04 or a relationship claim."
audit/phase-5-media/media-usage-ledger.json,10001,"""publicPath"": ""/media/art-directed/london-automotive-brand-film-01-hero/mobile.avif""","Historical documentation/audit evidence; retained as a record, not current Route 04 or a relationship claim."
audit/phase-5-media/media-usage-ledger.json,10004,"""source"": ""art-directed/london-automotive-brand-film-01-hero/mobile.webp"",","Historical documentation/audit evidence; retained as a record, not current Route 04 or a relationship claim."
audit/phase-5-media/media-usage-ledger.json,10005,"""likelyProject"": ""art-directed/london-automotive-brand-film-01-hero/mobile.webp"",","Historical documentation/audit evidence; retained as a record, not current Route 04 or a relationship claim."
audit/phase-5-media/media-usage-ledger.json,10006,"""category"": ""art-directed/london-automotive-brand-film-01-hero"",","Historical documentation/audit evidence; retained as a record, not current Route 04 or a relationship claim."
audit/phase-5-media/media-usage-ledger.json,10020,"""publicPath"": ""/media/art-directed/london-automotive-brand-film-01-hero/mobile.webp""","Historical documentation/audit evidence; retained as a record, not current Route 04 or a relationship claim."
audit/phase-5-media/media-usage-ledger.json,10023,"""source"": ""art-directed/london-automotive-brand-film-02-cover/mobile.avif"",","Historical documentation/audit evidence; retained as a record, not current Route 04 or a relationship claim."
audit/phase-5-media/media-usage-ledger.json,10024,"""likelyProject"": ""art-directed/london-automotive-brand-film-02-cover/mobile.avif"",","Historical documentation/audit evidence; retained as a record, not current Route 04 or a relationship claim."
audit/phase-5-media/media-usage-ledger.json,10025,"""category"": ""art-directed/london-automotive-brand-film-02-cover"",","Historical documentation/audit evidence; retained as a record, not current Route 04 or a relationship claim."
audit/phase-5-media/media-usage-ledger.json,10036,"""publicPath"": ""/media/art-directed/london-automotive-brand-film-02-cover/mobile.avif""","Historical documentation/audit evidence; retained as a record, not current Route 04 or a relationship claim."
audit/phase-5-media/media-usage-ledger.json,10039,"""source"": ""art-directed/london-automotive-brand-film-02-cover/mobile.webp"",","Historical documentation/audit evidence; retained as a record, not current Route 04 or a relationship claim."
audit/phase-5-media/media-usage-ledger.json,10040,"""likelyProject"": ""art-directed/london-automotive-brand-film-02-cover/mobile.webp"",","Historical documentation/audit evidence; retained as a record, not current Route 04 or a relationship claim."
audit/phase-5-media/media-usage-ledger.json,10041,"""category"": ""art-directed/london-automotive-brand-film-02-cover"",","Historical documentation/audit evidence; retained as a record, not current Route 04 or a relationship claim."
audit/phase-5-media/media-usage-ledger.json,10055,"""publicPath"": ""/media/art-directed/london-automotive-brand-film-02-cover/mobile.webp""","Historical documentation/audit evidence; retained as a record, not current Route 04 or a relationship claim."
audit/phase-5-media/media-usage-ledger.json,10058,"""source"": ""art-directed/london-automotive-brand-film-03-gallery/mobile.avif"",","Historical documentation/audit evidence; retained as a record, not current Route 04 or a relationship claim."
audit/phase-5-media/media-usage-ledger.json,10059,"""likelyProject"": ""art-directed/london-automotive-brand-film-03-gallery/mobile.avif"",","Historical documentation/audit evidence; retained as a record, not current Route 04 or a relationship claim."
audit/phase-5-media/media-usage-ledger.json,10060,"""category"": ""art-directed/london-automotive-brand-film-03-gallery"",","Historical documentation/audit evidence; retained as a record, not current Route 04 or a relationship claim."
audit/phase-5-media/media-usage-ledger.json,10071,"""publicPath"": ""/media/art-directed/london-automotive-brand-film-03-gallery/mobile.avif""","Historical documentation/audit evidence; retained as a record, not current Route 04 or a relationship claim."
audit/phase-5-media/media-usage-ledger.json,10074,"""source"": ""art-directed/london-automotive-brand-film-03-gallery/mobile.webp"",","Historical documentation/audit evidence; retained as a record, not current Route 04 or a relationship claim."
audit/phase-5-media/media-usage-ledger.json,10075,"""likelyProject"": ""art-directed/london-automotive-brand-film-03-gallery/mobile.webp"",","Historical documentation/audit evidence; retained as a record, not current Route 04 or a relationship claim."
audit/phase-5-media/media-usage-ledger.json,10076,"""category"": ""art-directed/london-automotive-brand-film-03-gallery"",","Historical documentation/audit evidence; retained as a record, not current Route 04 or a relationship claim."
audit/phase-5-media/media-usage-ledger.json,10090,"""publicPath"": ""/media/art-directed/london-automotive-brand-film-03-gallery/mobile.webp""","Historical documentation/audit evidence; retained as a record, not current Route 04 or a relationship claim."
audit/phase-5-media/media-usage-ledger.json,10093,"""source"": ""art-directed/london-automotive-brand-film-04-gallery/mobile.avif"",","Historical documentation/audit evidence; retained as a record, not current Route 04 or a relationship claim."
audit/phase-5-media/media-usage-ledger.json,10094,"""likelyProject"": ""art-directed/london-automotive-brand-film-04-gallery/mobile.avif"",","Historical documentation/audit evidence; retained as a record, not current Route 04 or a relationship claim."
audit/phase-5-media/media-usage-ledger.json,10095,"""category"": ""art-directed/london-automotive-brand-film-04-gallery"",","Historical documentation/audit evidence; retained as a record, not current Route 04 or a relationship claim."
audit/phase-5-media/media-usage-ledger.json,10106,"""publicPath"": ""/media/art-directed/london-automotive-brand-film-04-gallery/mobile.avif""","Historical documentation/audit evidence; retained as a record, not current Route 04 or a relationship claim."
audit/phase-5-media/media-usage-ledger.json,10109,"""source"": ""art-directed/london-automotive-brand-film-04-gallery/mobile.webp"",","Historical documentation/audit evidence; retained as a record, not current Route 04 or a relationship claim."
audit/phase-5-media/media-usage-ledger.json,10110,"""likelyProject"": ""art-directed/london-automotive-brand-film-04-gallery/mobile.webp"",","Historical documentation/audit evidence; retained as a record, not current Route 04 or a relationship claim."
audit/phase-5-media/media-usage-ledger.json,10111,"""category"": ""art-directed/london-automotive-brand-film-04-gallery"",","Historical documentation/audit evidence; retained as a record, not current Route 04 or a relationship claim."
audit/phase-5-media/media-usage-ledger.json,10125,"""publicPath"": ""/media/art-directed/london-automotive-brand-film-04-gallery/mobile.webp""","Historical documentation/audit evidence; retained as a record, not current Route 04 or a relationship claim."
audit/phase-5-media/media-usage-ledger.json,10128,"""source"": ""art-directed/london-automotive-brand-film-06-gallery/mobile.avif"",","Historical documentation/audit evidence; retained as a record, not current Route 04 or a relationship claim."
audit/phase-5-media/media-usage-ledger.json,10129,"""likelyProject"": ""art-directed/london-automotive-brand-film-06-gallery/mobile.avif"",","Historical documentation/audit evidence; retained as a record, not current Route 04 or a relationship claim."
audit/phase-5-media/media-usage-ledger.json,10130,"""category"": ""art-directed/london-automotive-brand-film-06-gallery"",","Historical documentation/audit evidence; retained as a record, not current Route 04 or a relationship claim."
audit/phase-5-media/media-usage-ledger.json,10141,"""publicPath"": ""/media/art-directed/london-automotive-brand-film-06-gallery/mobile.avif""","Historical documentation/audit evidence; retained as a record, not current Route 04 or a relationship claim."
audit/phase-5-media/media-usage-ledger.json,10144,"""source"": ""art-directed/london-automotive-brand-film-06-gallery/mobile.webp"",","Historical documentation/audit evidence; retained as a record, not current Route 04 or a relationship claim."
audit/phase-5-media/media-usage-ledger.json,10145,"""likelyProject"": ""art-directed/london-automotive-brand-film-06-gallery/mobile.webp"",","Historical documentation/audit evidence; retained as a record, not current Route 04 or a relationship claim."
audit/phase-5-media/media-usage-ledger.json,10146,"""category"": ""art-directed/london-automotive-brand-film-06-gallery"",","Historical documentation/audit evidence; retained as a record, not current Route 04 or a relationship claim."
audit/phase-5-media/media-usage-ledger.json,10160,"""publicPath"": ""/media/art-directed/london-automotive-brand-film-06-gallery/mobile.webp""","Historical documentation/audit evidence; retained as a record, not current Route 04 or a relationship claim."
audit/phase-5-media/media-usage-ledger.json,10163,"""source"": ""art-directed/london-automotive-brand-film-07-gallery/mobile.avif"",","Historical documentation/audit evidence; retained as a record, not current Route 04 or a relationship claim."
audit/phase-5-media/media-usage-ledger.json,10164,"""likelyProject"": ""art-directed/london-automotive-brand-film-07-gallery/mobile.avif"",","Historical documentation/audit evidence; retained as a record, not current Route 04 or a relationship claim."
audit/phase-5-media/media-usage-ledger.json,10165,"""category"": ""art-directed/london-automotive-brand-film-07-gallery"",","Historical documentation/audit evidence; retained as a record, not current Route 04 or a relationship claim."
audit/phase-5-media/media-usage-ledger.json,10176,"""publicPath"": ""/media/art-directed/london-automotive-brand-film-07-gallery/mobile.avif""","Historical documentation/audit evidence; retained as a record, not current Route 04 or a relationship claim."
audit/phase-5-media/media-usage-ledger.json,10179,"""source"": ""art-directed/london-automotive-brand-film-07-gallery/mobile.webp"",","Historical documentation/audit evidence; retained as a record, not current Route 04 or a relationship claim."
audit/phase-5-media/media-usage-ledger.json,10180,"""likelyProject"": ""art-directed/london-automotive-brand-film-07-gallery/mobile.webp"",","Historical documentation/audit evidence; retained as a record, not current Route 04 or a relationship claim."
audit/phase-5-media/media-usage-ledger.json,10181,"""category"": ""art-directed/london-automotive-brand-film-07-gallery"",","Historical documentation/audit evidence; retained as a record, not current Route 04 or a relationship claim."
audit/phase-5-media/media-usage-ledger.json,10195,"""publicPath"": ""/media/art-directed/london-automotive-brand-film-07-gallery/mobile.webp""","Historical documentation/audit evidence; retained as a record, not current Route 04 or a relationship claim."
audit/phase-5-media/media-usage-ledger.json,12915,"""source"": ""demo/landscape-film.svg"",","Historical documentation/audit evidence; retained as a record, not current Route 04 or a relationship claim."
audit/phase-5-media/media-usage-ledger.json,12916,"""likelyProject"": ""demo/landscape-film.svg"",","Historical documentation/audit evidence; retained as a record, not current Route 04 or a relationship claim."
audit/phase-5-media/media-usage-ledger.json,12925,"""publicPath"": ""/media/demo/landscape-film.svg""","Historical documentation/audit evidence; retained as a record, not current Route 04 or a relationship claim."
audit/phase-5-media/media-usage-ledger.json,12928,"""source"": ""demo/landscape-film.webp"",","Historical documentation/audit evidence; retained as a record, not current Route 04 or a relationship claim."
audit/phase-5-media/media-usage-ledger.json,12929,"""likelyProject"": ""demo/landscape-film.webp"",","Historical documentation/audit evidence; retained as a record, not current Route 04 or a relationship claim."
audit/phase-5-media/media-usage-ledger.json,12938,"""publicPath"": ""/media/demo/landscape-film.webp""","Historical documentation/audit evidence; retained as a record, not current Route 04 or a relationship claim."
audit/phase-5-media/media-usage-ledger.json,12993,"""source"": ""art-directed/london-automotive-brand-film-05-gallery/mobile.avif"",","Historical documentation/audit evidence; retained as a record, not current Route 04 or a relationship claim."
audit/phase-5-media/media-usage-ledger.json,12994,"""likelyProject"": ""art-directed/london-automotive-brand-film-05-gallery/mobile.avif"",","Historical documentation/audit evidence; retained as a record, not current Route 04 or a relationship claim."
audit/phase-5-media/media-usage-ledger.json,12995,"""category"": ""art-directed/london-automotive-brand-film-05-gallery"",","Historical documentation/audit evidence; retained as a record, not current Route 04 or a relationship claim."
audit/phase-5-media/media-usage-ledger.json,13006,"""publicPath"": ""/media/art-directed/london-automotive-brand-film-05-gallery/mobile.avif""","Historical documentation/audit evidence; retained as a record, not current Route 04 or a relationship claim."
audit/phase-5-media/media-usage-ledger.json,13009,"""source"": ""art-directed/london-automotive-brand-film-05-gallery/mobile.webp"",","Historical documentation/audit evidence; retained as a record, not current Route 04 or a relationship claim."
audit/phase-5-media/media-usage-ledger.json,13010,"""likelyProject"": ""art-directed/london-automotive-brand-film-05-gallery/mobile.webp"",","Historical documentation/audit evidence; retained as a record, not current Route 04 or a relationship claim."
audit/phase-5-media/media-usage-ledger.json,13011,"""category"": ""art-directed/london-automotive-brand-film-05-gallery"",","Historical documentation/audit evidence; retained as a record, not current Route 04 or a relationship claim."
audit/phase-5-media/media-usage-ledger.json,13025,"""publicPath"": ""/media/art-directed/london-automotive-brand-film-05-gallery/mobile.webp""","Historical documentation/audit evidence; retained as a record, not current Route 04 or a relationship claim."
audit/route-report.json,37,"""description"": ""From models, campaign photography and brand films to research collaboration, technology showcases and exhibition delivery, we coordinate the people, production and on-the-ground execution in the UK."",","Historical documentation/audit evidence; retained as a record, not current Route 04 or a relationship claim."
audit/route-report.json,313,"""description"": ""We coordinate the format, contributors, venue production and communication assets—not simply event photography."",","Historical documentation/audit evidence; retained as a record, not current Route 04 or a relationship claim."
audit/route-report.json,373,"""description"": ""We support agencies with local production, talent, styling, photography, video, event coverage and bilingual coordination across the UK."",","Historical documentation/audit evidence; retained as a record, not current Route 04 or a relationship claim."
components/sections/CapabilityExpertisePages.tsx,50,": ""Concert photography, stage content, live-performance capture, approved backstage content, tour and London content, social-first selects and event documentation. Visuals demonstrate capability, not official status or artist management.""","Existing specialised service, sector, evidence or media content outside this focused scope; describes production mechanisms where relevant, not current Route 04. Preserved per precise-edit instruction."
components/sections/CapabilityExpertisePages.tsx,56,"""Concert photography"",","Existing specialised service, sector, evidence or media content outside this focused scope; describes production mechanisms where relevant, not current Route 04. Preserved per precise-edit instruction."
components/sections/CapabilityExpertisePages.tsx,136,": ""Concerts, cultural events, fan and creator events, media areas, live interviews, photography, video and local coordination, using entertainment-relevant visual evidence.""","Existing specialised service, sector, evidence or media content outside this focused scope; describes production mechanisms where relevant, not current Route 04. Preserved per precise-edit instruction."
components/sections/ContactForm.tsx,69,"[""filmingEvent"", ""Filming or event requirement"", ""拍摄或活动需求"", ""text""]",Existing form schema/legacy form implementation; current contact journey unchanged.
components/sections/ContactForm.tsx,76,"[""mediaContent"", ""Photography or video requirement"", ""摄影或视频需求"", ""text""],",Existing form schema/legacy form implementation; current contact journey unchanged.
components/sections/ContactForm.tsx,509,"<option value=""photography"">{zh ? ""摄影"" : ""Photography""}</option>",Existing form schema/legacy form implementation; current contact journey unchanged.
components/sections/ContactForm.tsx,511,"<option value=""mixed"">{zh ? ""图片与视频"" : ""Photography and video""}</option>",Existing form schema/legacy form implementation; current contact journey unchanged.
components/sections/Phase3Capabilities.tsx,41,"const londonFilm = findPortfolioProject(""london-automotive-brand-film"")!;","Stable project identifier, original asset path or internal media variable; retained to preserve URLs and media references."
components/sections/Phase3Capabilities.tsx,64,scene: projectScene(londonFilm),"Stable project identifier, original asset path or internal media variable; retained to preserve URLs and media references."
components/sections/Phase3Capabilities.tsx,149,"{ label: zh ? ""品牌影片"" : ""BRAND FILM"", scene: projectScene(londonFilm) },","Stable project identifier, original asset path or internal media variable; retained to preserve URLs and media references."
components/sections/Phase3Capabilities.tsx,250,"""Create interviews, film or stakeholder content where permissions allow.""",Earlier homepage/capability implementation; current homepage uses Phase5Homepage.
components/sections/Phase3Capabilities.tsx,367,": ""Turn industry activity, expert conversations and creator collaborations into film, photography, interviews and social content that keep working for the brand.""}",Earlier homepage/capability implementation; current homepage uses Phase5Homepage.
components/sections/Phase3Homepage.tsx,21,"""london-automotive-brand-film"",","Stable project identifier, original asset path or internal media variable; retained to preserve URLs and media references."
components/sections/Phase3Homepage.tsx,55,"const londonFilm = findPortfolioProject(""london-automotive-brand-film"")!;","Stable project identifier, original asset path or internal media variable; retained to preserve URLs and media references."
components/sections/Phase3Homepage.tsx,74,"zh ? ""英国品牌影片"" : ""UK Brand Film""",Earlier homepage/capability implementation; current homepage uses Phase5Homepage.
components/sections/Phase3Homepage.tsx,80,"projectScene(londonFilm, ""gallery"")","Stable project identifier, original asset path or internal media variable; retained to preserve URLs and media references."
components/sections/Phase3Homepage.tsx,101,"label: zh ? ""影片与品牌内容"" : ""Film & Brand Content"",",Earlier homepage/capability implementation; current homepage uses Phase5Homepage.
components/sections/Phase3Homepage.tsx,102,scene: projectScene(londonFilm),"Stable project identifier, original asset path or internal media variable; retained to preserve URLs and media references."
components/sections/Phase4Homepage.tsx,20,"const selectedSlugs = [""byd-bd11-london"", ""changan-europe-launch-2025"", ""london-automotive-brand-film""];","Stable project identifier, original asset path or internal media variable; retained to preserve URLs and media references."
components/sections/Phase4Homepage.tsx,48,"const londonFilm = findPortfolioProject(""london-automotive-brand-film"")!;","Stable project identifier, original asset path or internal media variable; retained to preserve URLs and media references."
components/sections/Phase4Homepage.tsx,53,projectScene(londonFilm),"Stable project identifier, original asset path or internal media variable; retained to preserve URLs and media references."
components/sections/Phase4Homepage.tsx,321,"scene={projectScene(londonFilm, ""gallery"")}","Stable project identifier, original asset path or internal media variable; retained to preserve URLs and media references."
components/sections/Phase5Homepage.tsx,42,"londonFilm = project(""london-automotive-brand-film""),","Stable project identifier, original asset path or internal media variable; retained to preserve URLs and media references."
components/sections/Phase5Homepage.tsx,59,"...scene(londonFilm, ""hero""),","Stable project identifier, original asset path or internal media variable; retained to preserve URLs and media references."
components/sections/experiences/EventsExhibitionsExperience.tsx,236,"""Photography, video and asset handoff""","Existing specialised service, sector, evidence or media content outside this focused scope; describes production mechanisms where relevant, not current Route 04. Preserved per precise-edit instruction."
components/sections/experiences/ResearchInnovationExperience.tsx,25,"""Interview / roundtable / film"",","Existing specialised service, sector, evidence or media content outside this focused scope; describes production mechanisms where relevant, not current Route 04. Preserved per precise-edit instruction."
content/cases/index.ts,105,"""Venue access windows and guest photography consent must be agreed before the capture plan is locked."",","Existing specialised service, sector, evidence or media content outside this focused scope; describes production mechanisms where relevant, not current Route 04. Preserved per precise-edit instruction."
content/cases/index.ts,202,"""Build an approval route for product terminology, interface capture and expert interview answers before filming."",","Existing specialised service, sector, evidence or media content outside this focused scope; describes production mechanisms where relevant, not current Route 04. Preserved per precise-edit instruction."
content/cases/index.ts,366,"l(""16:9 launch film"", ""16:9 发布影片""),","Existing specialised service, sector, evidence or media content outside this focused scope; describes production mechanisms where relevant, not current Route 04. Preserved per precise-edit instruction."
content/cases/index.ts,378,"""Vehicle movement, filming zones, insurance and weather fallback must be agreed with the venue and vehicle owner."",","Existing specialised service, sector, evidence or media content outside this focused scope; describes production mechanisms where relevant, not current Route 04. Preserved per precise-edit instruction."
content/commercial-architecture.ts,189,"{ en: ""Film & Photography"", zh: ""影片与摄影"" },","Existing specialised service, sector, evidence or media content outside this focused scope; describes production mechanisms where relevant, not current Route 04. Preserved per precise-edit instruction."
content/evidence/case-evidence.ts,50,"""Commercial Photography"",","Existing specialised service, sector, evidence or media content outside this focused scope; describes production mechanisms where relevant, not current Route 04. Preserved per precise-edit instruction."
content/evidence/case-evidence.ts,51,"""Brand Film"",","Existing specialised service, sector, evidence or media content outside this focused scope; describes production mechanisms where relevant, not current Route 04. Preserved per precise-edit instruction."
content/evidence/case-evidence.ts,131,photography: string | null;,"Existing specialised service, sector, evidence or media content outside this focused scope; describes production mechanisms where relevant, not current Route 04. Preserved per precise-edit instruction."
content/information-architecture.ts,102,"""Photography, film and social-first content shaped around the brief, audience and intended channels."",","Existing specialised service, sector, evidence or media content outside this focused scope; describes production mechanisms where relevant, not current Route 04. Preserved per precise-edit instruction."
content/information-architecture.ts,105,"items: l([""Campaign imagery"", ""Brand film"", ""Vertical assets""], [""宣传影像"", ""品牌影片"", ""竖版素材""])","Existing specialised service, sector, evidence or media content outside this focused scope; describes production mechanisms where relevant, not current Route 04. Preserved per precise-edit instruction."
content/information-architecture.ts,156,"projectSlugs: [""beauty-fashion-brand-content"", ""london-automotive-brand-film""],","Stable project identifier, original asset path or internal media variable; retained to preserve URLs and media references."
content/information-architecture.ts,170,"[""Photography or film"", ""Interview master"", ""Channel cutdowns""],","Existing specialised service, sector, evidence or media content outside this focused scope; describes production mechanisms where relevant, not current Route 04. Preserved per precise-edit instruction."
content/information-architecture.ts,230,"""Schedules, suppliers, guest flow, photography, video and bilingual communication managed on site."",","Existing specialised service, sector, evidence or media content outside this focused scope; describes production mechanisms where relevant, not current Route 04. Preserved per precise-edit instruction."
content/information-architecture.ts,234,"[""Speakers and interviews"", ""Photography and video"", ""Local coordination""],","Existing specialised service, sector, evidence or media content outside this focused scope; describes production mechanisms where relevant, not current Route 04. Preserved per precise-edit instruction."
content/information-architecture.ts,328,"projectSlugs: [""london-automotive-brand-film""],","Stable project identifier, original asset path or internal media variable; retained to preserve URLs and media references."
content/information-architecture.ts,329,"heroProjectSlug: ""london-automotive-brand-film"",","Stable project identifier, original asset path or internal media variable; retained to preserve URLs and media references."
content/information-architecture.ts,379,"[""Campaign and brand-film imagery"", ""Launch and exhibition content"", ""Road and lifestyle assets""],","Existing specialised service, sector, evidence or media content outside this focused scope; describes production mechanisms where relevant, not current Route 04. Preserved per precise-edit instruction."
content/information-architecture.ts,415,"[""Campaign and editorial photography"", ""Beauty and social-first content"", ""UK launch assets""],","Existing specialised service, sector, evidence or media content outside this focused scope; describes production mechanisms where relevant, not current Route 04. Preserved per precise-edit instruction."
content/market-entry.ts,313,"l(""Packaging, label, photography and evidence collection"", ""包装、标签、图片与证明资料收集""),","Existing specialised service, sector, evidence or media content outside this focused scope; describes production mechanisms where relevant, not current Route 04. Preserved per precise-edit instruction."
content/market-entry.ts,336,"l(""UK-facing websites, campaigns, photography and film"", ""面向英国的网站、传播活动、摄影与影片""),","Existing specialised service, sector, evidence or media content outside this focused scope; describes production mechanisms where relevant, not current Route 04. Preserved per precise-edit instruction."
content/media.ts,54,"| ""service-commercial-photography""","Existing specialised service, sector, evidence or media content outside this focused scope; describes production mechanisms where relevant, not current Route 04. Preserved per precise-edit instruction."
content/media.ts,496,"""service-commercial-photography"": {","Existing specialised service, sector, evidence or media content outside this focused scope; describes production mechanisms where relevant, not current Route 04. Preserved per precise-edit instruction."
content/media.ts,499,"en: ""Placeholder for commercial model or product photography."",","Existing specialised service, sector, evidence or media content outside this focused scope; describes production mechanisms where relevant, not current Route 04. Preserved per precise-edit instruction."
content/media.ts,919,"""service-commercial-photography"": approvedPortfolio(","Existing specialised service, sector, evidence or media content outside this focused scope; describes production mechanisms where relevant, not current Route 04. Preserved per precise-edit instruction."
content/media.ts,929,"""/media/portfolio/automotive/london-automotive-brand-film/01-hero.webp"",","Stable project identifier, original asset path or internal media variable; retained to preserve URLs and media references."
content/media.ts,930,"""/media/portfolio/automotive/london-automotive-brand-film/01-hero-mobile.webp"",","Stable project identifier, original asset path or internal media variable; retained to preserve URLs and media references."
content/media.ts,931,"""london-automotive-brand-film"",","Stable project identifier, original asset path or internal media variable; retained to preserve URLs and media references."
content/media.ts,933,"en: ""London street frame from an automotive brand story film."",","Existing specialised service, sector, evidence or media content outside this focused scope; describes production mechanisms where relevant, not current Route 04. Preserved per precise-edit instruction."
content/media.ts,962,"""/media/portfolio/automotive/london-automotive-brand-film/01-hero.webp"",","Stable project identifier, original asset path or internal media variable; retained to preserve URLs and media references."
content/media.ts,963,"""/media/portfolio/automotive/london-automotive-brand-film/01-hero-mobile.webp"",","Stable project identifier, original asset path or internal media variable; retained to preserve URLs and media references."
content/media.ts,964,"""london-automotive-brand-film"",","Stable project identifier, original asset path or internal media variable; retained to preserve URLs and media references."
content/media.ts,1016,"""/media/portfolio/automotive/london-automotive-brand-film/03-gallery.webp"",","Stable project identifier, original asset path or internal media variable; retained to preserve URLs and media references."
content/media.ts,1017,"""/media/portfolio/automotive/london-automotive-brand-film/03-gallery-mobile.webp"",","Stable project identifier, original asset path or internal media variable; retained to preserve URLs and media references."
content/media.ts,1018,"""london-automotive-brand-film"",","Stable project identifier, original asset path or internal media variable; retained to preserve URLs and media references."
content/media.ts,1025,"""/media/portfolio/automotive/london-automotive-brand-film/07-gallery.webp"",","Stable project identifier, original asset path or internal media variable; retained to preserve URLs and media references."
content/media.ts,1026,"""/media/portfolio/automotive/london-automotive-brand-film/07-gallery-mobile.webp"",","Stable project identifier, original asset path or internal media variable; retained to preserve URLs and media references."
content/media.ts,1027,"""london-automotive-brand-film"",","Stable project identifier, original asset path or internal media variable; retained to preserve URLs and media references."
content/media.ts,1043,"""/media/portfolio/automotive/london-automotive-brand-film/02-cover.webp"",","Stable project identifier, original asset path or internal media variable; retained to preserve URLs and media references."
content/media.ts,1044,"""/media/portfolio/automotive/london-automotive-brand-film/02-cover-mobile.webp"",","Stable project identifier, original asset path or internal media variable; retained to preserve URLs and media references."
content/media.ts,1045,"""london-automotive-brand-film"",","Stable project identifier, original asset path or internal media variable; retained to preserve URLs and media references."
content/media.ts,1100,"""production-storyboard-02"": ""/media/demo/landscape-film.webp"",","Stable project identifier, original asset path or internal media variable; retained to preserve URLs and media references."
content/media.ts,1111,"""service-commercial-photography"": ""/media/demo/fashion-crop.webp"",","Stable project identifier, original asset path or internal media variable; retained to preserve URLs and media references."
content/media.ts,1170,"""service-commercial-photography"",","Existing specialised service, sector, evidence or media content outside this focused scope; describes production mechanisms where relevant, not current Route 04. Preserved per precise-edit instruction."
content/media/image-selection-scores.json,3689,"""originalPath"": ""D:/media pics/venus_bridge_media_curated_assets/venus_bridge_media_curated_assets/01_automotive_cases/05_byd_overseas_brand_film_london/01_05_byd_overseas_brand_film_london_065.jpg"",","Stable project identifier, original asset path or internal media variable; retained to preserve URLs and media references."
content/media/image-selection-scores.json,3690,"""currentPublicPaths"": [""/media/portfolio/automotive/london-automotive-brand-film/01-hero.webp""],","Stable project identifier, original asset path or internal media variable; retained to preserve URLs and media references."
content/media/image-selection-scores.json,3692,"""caseGroup"": ""Overseas brand film / London automotive story"",","Existing media/content inventory or configuration; provenance and filenames preserved, not new public positioning."
content/media/image-selection-scores.json,3693,"""filename"": ""01_05_byd_overseas_brand_film_london_065.jpg"",","Stable project identifier, original asset path or internal media variable; retained to preserve URLs and media references."
content/media/image-selection-scores.json,3694,"""filePath"": ""D:/media pics/venus_bridge_media_curated_assets/venus_bridge_media_curated_assets/01_automotive_cases/05_byd_overseas_brand_film_london/01_05_byd_overseas_brand_film_london_065.jpg"",","Stable project identifier, original asset path or internal media variable; retained to preserve URLs and media references."
content/media/image-selection-scores.json,3732,"""/work/london-automotive-brand-film"",","Stable project identifier, original asset path or internal media variable; retained to preserve URLs and media references."
content/media/image-selection-scores.json,3737,"""recommendedPages"": [""published-output-or-film-frame""],","Existing media/content inventory or configuration; provenance and filenames preserved, not new public positioning."
content/media/image-selection-scores.json,3751,"""originalPath"": ""D:/media pics/venus_bridge_media_curated_assets/venus_bridge_media_curated_assets/01_automotive_cases/05_byd_overseas_brand_film_london/02_05_byd_overseas_brand_film_london_066.jpg"",","Stable project identifier, original asset path or internal media variable; retained to preserve URLs and media references."
content/media/image-selection-scores.json,3754,"""caseGroup"": ""Overseas brand film / London automotive story"",","Existing media/content inventory or configuration; provenance and filenames preserved, not new public positioning."
content/media/image-selection-scores.json,3755,"""filename"": ""02_05_byd_overseas_brand_film_london_066.jpg"",","Stable project identifier, original asset path or internal media variable; retained to preserve URLs and media references."
content/media/image-selection-scores.json,3756,"""filePath"": ""D:/media pics/venus_bridge_media_curated_assets/venus_bridge_media_curated_assets/01_automotive_cases/05_byd_overseas_brand_film_london/02_05_byd_overseas_brand_film_london_066.jpg"",","Stable project identifier, original asset path or internal media variable; retained to preserve URLs and media references."
content/media/image-selection-scores.json,3794,"""recommendedPages"": [""published-output-or-film-frame""],","Existing media/content inventory or configuration; provenance and filenames preserved, not new public positioning."
content/media/image-selection-scores.json,3808,"""originalPath"": ""D:/media pics/venus_bridge_media_curated_assets/venus_bridge_media_curated_assets/01_automotive_cases/05_byd_overseas_brand_film_london/03_05_byd_overseas_brand_film_london_067.jpg"",","Stable project identifier, original asset path or internal media variable; retained to preserve URLs and media references."
content/media/image-selection-scores.json,3809,"""currentPublicPaths"": [""/media/portfolio/automotive/london-automotive-brand-film/03-gallery.webp""],","Stable project identifier, original asset path or internal media variable; retained to preserve URLs and media references."
content/media/image-selection-scores.json,3811,"""caseGroup"": ""Overseas brand film / London automotive story"",","Existing media/content inventory or configuration; provenance and filenames preserved, not new public positioning."
content/media/image-selection-scores.json,3812,"""filename"": ""03_05_byd_overseas_brand_film_london_067.jpg"",","Stable project identifier, original asset path or internal media variable; retained to preserve URLs and media references."
content/media/image-selection-scores.json,3813,"""filePath"": ""D:/media pics/venus_bridge_media_curated_assets/venus_bridge_media_curated_assets/01_automotive_cases/05_byd_overseas_brand_film_london/03_05_byd_overseas_brand_film_london_067.jpg"",","Stable project identifier, original asset path or internal media variable; retained to preserve URLs and media references."
content/media/image-selection-scores.json,3851,"""/work/london-automotive-brand-film"",","Stable project identifier, original asset path or internal media variable; retained to preserve URLs and media references."
content/media/image-selection-scores.json,3856,"""recommendedPages"": [""published-output-or-film-frame""],","Existing media/content inventory or configuration; provenance and filenames preserved, not new public positioning."
content/media/image-selection-scores.json,3870,"""originalPath"": ""D:/media pics/venus_bridge_media_curated_assets/venus_bridge_media_curated_assets/01_automotive_cases/05_byd_overseas_brand_film_london/04_05_byd_overseas_brand_film_london_068.jpg"",","Stable project identifier, original asset path or internal media variable; retained to preserve URLs and media references."
content/media/image-selection-scores.json,3873,"""caseGroup"": ""Overseas brand film / London automotive story"",","Existing media/content inventory or configuration; provenance and filenames preserved, not new public positioning."
content/media/image-selection-scores.json,3874,"""filename"": ""04_05_byd_overseas_brand_film_london_068.jpg"",","Stable project identifier, original asset path or internal media variable; retained to preserve URLs and media references."
content/media/image-selection-scores.json,3875,"""filePath"": ""D:/media pics/venus_bridge_media_curated_assets/venus_bridge_media_curated_assets/01_automotive_cases/05_byd_overseas_brand_film_london/04_05_byd_overseas_brand_film_london_068.jpg"",","Stable project identifier, original asset path or internal media variable; retained to preserve URLs and media references."
content/media/image-selection-scores.json,3913,"""recommendedPages"": [""published-output-or-film-frame""],","Existing media/content inventory or configuration; provenance and filenames preserved, not new public positioning."
content/media/image-selection-scores.json,3927,"""originalPath"": ""D:/media pics/venus_bridge_media_curated_assets/venus_bridge_media_curated_assets/01_automotive_cases/05_byd_overseas_brand_film_london/05_05_byd_overseas_brand_film_london_069.jpg"",","Stable project identifier, original asset path or internal media variable; retained to preserve URLs and media references."
content/media/image-selection-scores.json,3930,"""caseGroup"": ""Overseas brand film / London automotive story"",","Existing media/content inventory or configuration; provenance and filenames preserved, not new public positioning."
content/media/image-selection-scores.json,3931,"""filename"": ""05_05_byd_overseas_brand_film_london_069.jpg"",","Stable project identifier, original asset path or internal media variable; retained to preserve URLs and media references."
content/media/image-selection-scores.json,3932,"""filePath"": ""D:/media pics/venus_bridge_media_curated_assets/venus_bridge_media_curated_assets/01_automotive_cases/05_byd_overseas_brand_film_london/05_05_byd_overseas_brand_film_london_069.jpg"",","Stable project identifier, original asset path or internal media variable; retained to preserve URLs and media references."
content/media/image-selection-scores.json,3970,"""recommendedPages"": [""published-output-or-film-frame""],","Existing media/content inventory or configuration; provenance and filenames preserved, not new public positioning."
content/media/image-selection-scores.json,3984,"""originalPath"": ""D:/media pics/venus_bridge_media_curated_assets/venus_bridge_media_curated_assets/01_automotive_cases/05_byd_overseas_brand_film_london/06_05_byd_overseas_brand_film_london_070.jpg"",","Stable project identifier, original asset path or internal media variable; retained to preserve URLs and media references."
content/media/image-selection-scores.json,3985,"""currentPublicPaths"": [""/media/portfolio/automotive/london-automotive-brand-film/04-gallery.webp""],","Stable project identifier, original asset path or internal media variable; retained to preserve URLs and media references."
content/media/image-selection-scores.json,3987,"""caseGroup"": ""Overseas brand film / London automotive story"",","Existing media/content inventory or configuration; provenance and filenames preserved, not new public positioning."
content/media/image-selection-scores.json,3988,"""filename"": ""06_05_byd_overseas_brand_film_london_070.jpg"",","Stable project identifier, original asset path or internal media variable; retained to preserve URLs and media references."
content/media/image-selection-scores.json,3989,"""filePath"": ""D:/media pics/venus_bridge_media_curated_assets/venus_bridge_media_curated_assets/01_automotive_cases/05_byd_overseas_brand_film_london/06_05_byd_overseas_brand_film_london_070.jpg"",","Stable project identifier, original asset path or internal media variable; retained to preserve URLs and media references."
content/media/image-selection-scores.json,4027,"""/work/london-automotive-brand-film"",","Stable project identifier, original asset path or internal media variable; retained to preserve URLs and media references."
content/media/image-selection-scores.json,4032,"""recommendedPages"": [""published-output-or-film-frame""],","Existing media/content inventory or configuration; provenance and filenames preserved, not new public positioning."
content/media/image-selection-scores.json,4046,"""originalPath"": ""D:/media pics/venus_bridge_media_curated_assets/venus_bridge_media_curated_assets/01_automotive_cases/05_byd_overseas_brand_film_london/07_05_byd_overseas_brand_film_london_071.jpg"",","Stable project identifier, original asset path or internal media variable; retained to preserve URLs and media references."
content/media/image-selection-scores.json,4049,"""caseGroup"": ""Overseas brand film / London automotive story"",","Existing media/content inventory or configuration; provenance and filenames preserved, not new public positioning."
content/media/image-selection-scores.json,4050,"""filename"": ""07_05_byd_overseas_brand_film_london_071.jpg"",","Stable project identifier, original asset path or internal media variable; retained to preserve URLs and media references."
content/media/image-selection-scores.json,4051,"""filePath"": ""D:/media pics/venus_bridge_media_curated_assets/venus_bridge_media_curated_assets/01_automotive_cases/05_byd_overseas_brand_film_london/07_05_byd_overseas_brand_film_london_071.jpg"",","Stable project identifier, original asset path or internal media variable; retained to preserve URLs and media references."
content/media/image-selection-scores.json,4089,"""recommendedPages"": [""published-output-or-film-frame""],","Existing media/content inventory or configuration; provenance and filenames preserved, not new public positioning."
content/media/image-selection-scores.json,4103,"""originalPath"": ""D:/media pics/venus_bridge_media_curated_assets/venus_bridge_media_curated_assets/01_automotive_cases/05_byd_overseas_brand_film_london/08_05_byd_overseas_brand_film_london_072.jpg"",","Stable project identifier, original asset path or internal media variable; retained to preserve URLs and media references."
content/media/image-selection-scores.json,4104,"""currentPublicPaths"": [""/media/portfolio/automotive/london-automotive-brand-film/05-gallery.webp""],","Stable project identifier, original asset path or internal media variable; retained to preserve URLs and media references."
content/media/image-selection-scores.json,4106,"""caseGroup"": ""Overseas brand film / London automotive story"",","Existing media/content inventory or configuration; provenance and filenames preserved, not new public positioning."
content/media/image-selection-scores.json,4107,"""filename"": ""08_05_byd_overseas_brand_film_london_072.jpg"",","Stable project identifier, original asset path or internal media variable; retained to preserve URLs and media references."
content/media/image-selection-scores.json,4108,"""filePath"": ""D:/media pics/venus_bridge_media_curated_assets/venus_bridge_media_curated_assets/01_automotive_cases/05_byd_overseas_brand_film_london/08_05_byd_overseas_brand_film_london_072.jpg"",","Stable project identifier, original asset path or internal media variable; retained to preserve URLs and media references."
content/media/image-selection-scores.json,4146,"""/work/london-automotive-brand-film"",","Stable project identifier, original asset path or internal media variable; retained to preserve URLs and media references."
content/media/image-selection-scores.json,4151,"""recommendedPages"": [""published-output-or-film-frame""],","Existing media/content inventory or configuration; provenance and filenames preserved, not new public positioning."
content/media/image-selection-scores.json,4165,"""originalPath"": ""D:/media pics/venus_bridge_media_curated_assets/venus_bridge_media_curated_assets/01_automotive_cases/05_byd_overseas_brand_film_london/09_05_byd_overseas_brand_film_london_073.jpg"",","Stable project identifier, original asset path or internal media variable; retained to preserve URLs and media references."
content/media/image-selection-scores.json,4168,"""caseGroup"": ""Overseas brand film / London automotive story"",","Existing media/content inventory or configuration; provenance and filenames preserved, not new public positioning."
content/media/image-selection-scores.json,4169,"""filename"": ""09_05_byd_overseas_brand_film_london_073.jpg"",","Stable project identifier, original asset path or internal media variable; retained to preserve URLs and media references."
content/media/image-selection-scores.json,4170,"""filePath"": ""D:/media pics/venus_bridge_media_curated_assets/venus_bridge_media_curated_assets/01_automotive_cases/05_byd_overseas_brand_film_london/09_05_byd_overseas_brand_film_london_073.jpg"",","Stable project identifier, original asset path or internal media variable; retained to preserve URLs and media references."
content/media/image-selection-scores.json,4208,"""recommendedPages"": [""published-output-or-film-frame""],","Existing media/content inventory or configuration; provenance and filenames preserved, not new public positioning."
content/media/image-selection-scores.json,4222,"""originalPath"": ""D:/media pics/venus_bridge_media_curated_assets/venus_bridge_media_curated_assets/01_automotive_cases/05_byd_overseas_brand_film_london/10_05_byd_overseas_brand_film_london_074.jpg"",","Stable project identifier, original asset path or internal media variable; retained to preserve URLs and media references."
content/media/image-selection-scores.json,4225,"""caseGroup"": ""Overseas brand film / London automotive story"",","Existing media/content inventory or configuration; provenance and filenames preserved, not new public positioning."
content/media/image-selection-scores.json,4226,"""filename"": ""10_05_byd_overseas_brand_film_london_074.jpg"",","Stable project identifier, original asset path or internal media variable; retained to preserve URLs and media references."
content/media/image-selection-scores.json,4227,"""filePath"": ""D:/media pics/venus_bridge_media_curated_assets/venus_bridge_media_curated_assets/01_automotive_cases/05_byd_overseas_brand_film_london/10_05_byd_overseas_brand_film_london_074.jpg"",","Stable project identifier, original asset path or internal media variable; retained to preserve URLs and media references."
content/media/image-selection-scores.json,4265,"""recommendedPages"": [""published-output-or-film-frame""],","Existing media/content inventory or configuration; provenance and filenames preserved, not new public positioning."
content/media/image-selection-scores.json,4279,"""originalPath"": ""D:/media pics/venus_bridge_media_curated_assets/venus_bridge_media_curated_assets/01_automotive_cases/05_byd_overseas_brand_film_london/11_05_byd_overseas_brand_film_london_075.jpg"",","Stable project identifier, original asset path or internal media variable; retained to preserve URLs and media references."
content/media/image-selection-scores.json,4280,"""currentPublicPaths"": [""/media/portfolio/automotive/london-automotive-brand-film/02-cover.webp""],","Stable project identifier, original asset path or internal media variable; retained to preserve URLs and media references."
content/media/image-selection-scores.json,4282,"""caseGroup"": ""Overseas brand film / London automotive story"",","Existing media/content inventory or configuration; provenance and filenames preserved, not new public positioning."
content/media/image-selection-scores.json,4283,"""filename"": ""11_05_byd_overseas_brand_film_london_075.jpg"",","Stable project identifier, original asset path or internal media variable; retained to preserve URLs and media references."
content/media/image-selection-scores.json,4284,"""filePath"": ""D:/media pics/venus_bridge_media_curated_assets/venus_bridge_media_curated_assets/01_automotive_cases/05_byd_overseas_brand_film_london/11_05_byd_overseas_brand_film_london_075.jpg"",","Stable project identifier, original asset path or internal media variable; retained to preserve URLs and media references."
content/media/image-selection-scores.json,4322,"""/work/london-automotive-brand-film"",","Stable project identifier, original asset path or internal media variable; retained to preserve URLs and media references."
content/media/image-selection-scores.json,4341,"""originalPath"": ""D:/media pics/venus_bridge_media_curated_assets/venus_bridge_media_curated_assets/01_automotive_cases/05_byd_overseas_brand_film_london/12_05_byd_overseas_brand_film_london_076.jpg"",","Stable project identifier, original asset path or internal media variable; retained to preserve URLs and media references."
content/media/image-selection-scores.json,4344,"""caseGroup"": ""Overseas brand film / London automotive story"",","Existing media/content inventory or configuration; provenance and filenames preserved, not new public positioning."
content/media/image-selection-scores.json,4345,"""filename"": ""12_05_byd_overseas_brand_film_london_076.jpg"",","Stable project identifier, original asset path or internal media variable; retained to preserve URLs and media references."
content/media/image-selection-scores.json,4346,"""filePath"": ""D:/media pics/venus_bridge_media_curated_assets/venus_bridge_media_curated_assets/01_automotive_cases/05_byd_overseas_brand_film_london/12_05_byd_overseas_brand_film_london_076.jpg"",","Stable project identifier, original asset path or internal media variable; retained to preserve URLs and media references."
content/media/image-selection-scores.json,4384,"""recommendedPages"": [""published-output-or-film-frame""],","Existing media/content inventory or configuration; provenance and filenames preserved, not new public positioning."
content/media/image-selection-scores.json,4398,"""originalPath"": ""D:/media pics/venus_bridge_media_curated_assets/venus_bridge_media_curated_assets/01_automotive_cases/05_byd_overseas_brand_film_london/13_05_byd_overseas_brand_film_london_077.jpg"",","Stable project identifier, original asset path or internal media variable; retained to preserve URLs and media references."
content/media/image-selection-scores.json,4401,"""caseGroup"": ""Overseas brand film / London automotive story"",","Existing media/content inventory or configuration; provenance and filenames preserved, not new public positioning."
content/media/image-selection-scores.json,4402,"""filename"": ""13_05_byd_overseas_brand_film_london_077.jpg"",","Stable project identifier, original asset path or internal media variable; retained to preserve URLs and media references."
content/media/image-selection-scores.json,4403,"""filePath"": ""D:/media pics/venus_bridge_media_curated_assets/venus_bridge_media_curated_assets/01_automotive_cases/05_byd_overseas_brand_film_london/13_05_byd_overseas_brand_film_london_077.jpg"",","Stable project identifier, original asset path or internal media variable; retained to preserve URLs and media references."
content/media/image-selection-scores.json,4441,"""recommendedPages"": [""published-output-or-film-frame""],","Existing media/content inventory or configuration; provenance and filenames preserved, not new public positioning."
content/media/image-selection-scores.json,4455,"""originalPath"": ""D:/media pics/venus_bridge_media_curated_assets/venus_bridge_media_curated_assets/01_automotive_cases/05_byd_overseas_brand_film_london/14_05_byd_overseas_brand_film_london_078.jpg"",","Stable project identifier, original asset path or internal media variable; retained to preserve URLs and media references."
content/media/image-selection-scores.json,4456,"""currentPublicPaths"": [""/media/portfolio/automotive/london-automotive-brand-film/06-gallery.webp""],","Stable project identifier, original asset path or internal media variable; retained to preserve URLs and media references."
content/media/image-selection-scores.json,4458,"""caseGroup"": ""Overseas brand film / London automotive story"",","Existing media/content inventory or configuration; provenance and filenames preserved, not new public positioning."
content/media/image-selection-scores.json,4459,"""filename"": ""14_05_byd_overseas_brand_film_london_078.jpg"",","Stable project identifier, original asset path or internal media variable; retained to preserve URLs and media references."
content/media/image-selection-scores.json,4460,"""filePath"": ""D:/media pics/venus_bridge_media_curated_assets/venus_bridge_media_curated_assets/01_automotive_cases/05_byd_overseas_brand_film_london/14_05_byd_overseas_brand_film_london_078.jpg"",","Stable project identifier, original asset path or internal media variable; retained to preserve URLs and media references."
content/media/image-selection-scores.json,4498,"""/work/london-automotive-brand-film"",","Stable project identifier, original asset path or internal media variable; retained to preserve URLs and media references."
content/media/image-selection-scores.json,4503,"""recommendedPages"": [""published-output-or-film-frame""],","Existing media/content inventory or configuration; provenance and filenames preserved, not new public positioning."
content/media/image-selection-scores.json,4517,"""originalPath"": ""D:/media pics/venus_bridge_media_curated_assets/venus_bridge_media_curated_assets/01_automotive_cases/05_byd_overseas_brand_film_london/15_05_byd_overseas_brand_film_london_079.jpg"",","Stable project identifier, original asset path or internal media variable; retained to preserve URLs and media references."
content/media/image-selection-scores.json,4520,"""caseGroup"": ""Overseas brand film / London automotive story"",","Existing media/content inventory or configuration; provenance and filenames preserved, not new public positioning."
content/media/image-selection-scores.json,4521,"""filename"": ""15_05_byd_overseas_brand_film_london_079.jpg"",","Stable project identifier, original asset path or internal media variable; retained to preserve URLs and media references."
content/media/image-selection-scores.json,4522,"""filePath"": ""D:/media pics/venus_bridge_media_curated_assets/venus_bridge_media_curated_assets/01_automotive_cases/05_byd_overseas_brand_film_london/15_05_byd_overseas_brand_film_london_079.jpg"",","Stable project identifier, original asset path or internal media variable; retained to preserve URLs and media references."
content/media/image-selection-scores.json,4560,"""recommendedPages"": [""published-output-or-film-frame""],","Existing media/content inventory or configuration; provenance and filenames preserved, not new public positioning."
content/media/image-selection-scores.json,4574,"""originalPath"": ""D:/media pics/venus_bridge_media_curated_assets/venus_bridge_media_curated_assets/01_automotive_cases/05_byd_overseas_brand_film_london/16_05_byd_overseas_brand_film_london_080.jpg"",","Stable project identifier, original asset path or internal media variable; retained to preserve URLs and media references."
content/media/image-selection-scores.json,4575,"""currentPublicPaths"": [""/media/portfolio/automotive/london-automotive-brand-film/07-gallery.webp""],","Stable project identifier, original asset path or internal media variable; retained to preserve URLs and media references."
content/media/image-selection-scores.json,4577,"""caseGroup"": ""Overseas brand film / London automotive story"",","Existing media/content inventory or configuration; provenance and filenames preserved, not new public positioning."
content/media/image-selection-scores.json,4578,"""filename"": ""16_05_byd_overseas_brand_film_london_080.jpg"",","Stable project identifier, original asset path or internal media variable; retained to preserve URLs and media references."
content/media/image-selection-scores.json,4579,"""filePath"": ""D:/media pics/venus_bridge_media_curated_assets/venus_bridge_media_curated_assets/01_automotive_cases/05_byd_overseas_brand_film_london/16_05_byd_overseas_brand_film_london_080.jpg"",","Stable project identifier, original asset path or internal media variable; retained to preserve URLs and media references."
content/media/image-selection-scores.json,4617,"""/work/london-automotive-brand-film"",","Stable project identifier, original asset path or internal media variable; retained to preserve URLs and media references."
content/media/image-selection-scores.json,4622,"""recommendedPages"": [""published-output-or-film-frame""],","Existing media/content inventory or configuration; provenance and filenames preserved, not new public positioning."
content/media/presentation-profiles.json,2784,"""assetId"": ""london-automotive-brand-film-01-hero"",","Stable project identifier, original asset path or internal media variable; retained to preserve URLs and media references."
content/media/presentation-profiles.json,2812,"""sourcePublicPath"": ""/media/portfolio/automotive/london-automotive-brand-film/01-hero.webp"",","Stable project identifier, original asset path or internal media variable; retained to preserve URLs and media references."
content/media/presentation-profiles.json,2813,"""desktopAvifPath"": ""/media/art-directed/london-automotive-brand-film-01-hero/desktop.avif"",","Stable project identifier, original asset path or internal media variable; retained to preserve URLs and media references."
content/media/presentation-profiles.json,2814,"""desktopWebpPath"": ""/media/art-directed/london-automotive-brand-film-01-hero/desktop.webp"",","Stable project identifier, original asset path or internal media variable; retained to preserve URLs and media references."
content/media/presentation-profiles.json,2815,"""desktopJpegPath"": ""/media/art-directed/london-automotive-brand-film-01-hero/desktop.jpg"",","Stable project identifier, original asset path or internal media variable; retained to preserve URLs and media references."
content/media/presentation-profiles.json,2816,"""tabletAvifPath"": ""/media/art-directed/london-automotive-brand-film-01-hero/tablet.avif"",","Stable project identifier, original asset path or internal media variable; retained to preserve URLs and media references."
content/media/presentation-profiles.json,2817,"""tabletWebpPath"": ""/media/art-directed/london-automotive-brand-film-01-hero/tablet.webp"",","Stable project identifier, original asset path or internal media variable; retained to preserve URLs and media references."
content/media/presentation-profiles.json,2818,"""mobileAvifPath"": ""/media/art-directed/london-automotive-brand-film-01-hero/mobile.avif"",","Stable project identifier, original asset path or internal media variable; retained to preserve URLs and media references."
content/media/presentation-profiles.json,2819,"""mobileWebpPath"": ""/media/art-directed/london-automotive-brand-film-01-hero/mobile.webp"",","Stable project identifier, original asset path or internal media variable; retained to preserve URLs and media references."
content/media/presentation-profiles.json,2871,"""/work/london-automotive-brand-film"",","Stable project identifier, original asset path or internal media variable; retained to preserve URLs and media references."
content/media/presentation-profiles.json,2887,"""assetId"": ""london-automotive-brand-film-02-cover"",","Stable project identifier, original asset path or internal media variable; retained to preserve URLs and media references."
content/media/presentation-profiles.json,2915,"""sourcePublicPath"": ""/media/portfolio/automotive/london-automotive-brand-film/02-cover.webp"",","Stable project identifier, original asset path or internal media variable; retained to preserve URLs and media references."
content/media/presentation-profiles.json,2916,"""desktopAvifPath"": ""/media/art-directed/london-automotive-brand-film-02-cover/desktop.avif"",","Stable project identifier, original asset path or internal media variable; retained to preserve URLs and media references."
content/media/presentation-profiles.json,2917,"""desktopWebpPath"": ""/media/art-directed/london-automotive-brand-film-02-cover/desktop.webp"",","Stable project identifier, original asset path or internal media variable; retained to preserve URLs and media references."
content/media/presentation-profiles.json,2918,"""desktopJpegPath"": ""/media/art-directed/london-automotive-brand-film-02-cover/desktop.jpg"",","Stable project identifier, original asset path or internal media variable; retained to preserve URLs and media references."
content/media/presentation-profiles.json,2919,"""tabletAvifPath"": ""/media/art-directed/london-automotive-brand-film-02-cover/tablet.avif"",","Stable project identifier, original asset path or internal media variable; retained to preserve URLs and media references."
content/media/presentation-profiles.json,2920,"""tabletWebpPath"": ""/media/art-directed/london-automotive-brand-film-02-cover/tablet.webp"",","Stable project identifier, original asset path or internal media variable; retained to preserve URLs and media references."
content/media/presentation-profiles.json,2921,"""mobileAvifPath"": ""/media/art-directed/london-automotive-brand-film-02-cover/mobile.avif"",","Stable project identifier, original asset path or internal media variable; retained to preserve URLs and media references."
content/media/presentation-profiles.json,2922,"""mobileWebpPath"": ""/media/art-directed/london-automotive-brand-film-02-cover/mobile.webp"",","Stable project identifier, original asset path or internal media variable; retained to preserve URLs and media references."
content/media/presentation-profiles.json,2974,"""/work/london-automotive-brand-film"",","Stable project identifier, original asset path or internal media variable; retained to preserve URLs and media references."
content/media/presentation-profiles.json,2990,"""assetId"": ""london-automotive-brand-film-03-gallery"",","Stable project identifier, original asset path or internal media variable; retained to preserve URLs and media references."
content/media/presentation-profiles.json,3018,"""sourcePublicPath"": ""/media/portfolio/automotive/london-automotive-brand-film/03-gallery.webp"",","Stable project identifier, original asset path or internal media variable; retained to preserve URLs and media references."
content/media/presentation-profiles.json,3019,"""desktopAvifPath"": ""/media/art-directed/london-automotive-brand-film-03-gallery/desktop.avif"",","Stable project identifier, original asset path or internal media variable; retained to preserve URLs and media references."
content/media/presentation-profiles.json,3020,"""desktopWebpPath"": ""/media/art-directed/london-automotive-brand-film-03-gallery/desktop.webp"",","Stable project identifier, original asset path or internal media variable; retained to preserve URLs and media references."
content/media/presentation-profiles.json,3021,"""desktopJpegPath"": ""/media/art-directed/london-automotive-brand-film-03-gallery/desktop.jpg"",","Stable project identifier, original asset path or internal media variable; retained to preserve URLs and media references."
content/media/presentation-profiles.json,3022,"""tabletAvifPath"": ""/media/art-directed/london-automotive-brand-film-03-gallery/tablet.avif"",","Stable project identifier, original asset path or internal media variable; retained to preserve URLs and media references."
content/media/presentation-profiles.json,3023,"""tabletWebpPath"": ""/media/art-directed/london-automotive-brand-film-03-gallery/tablet.webp"",","Stable project identifier, original asset path or internal media variable; retained to preserve URLs and media references."
content/media/presentation-profiles.json,3024,"""mobileAvifPath"": ""/media/art-directed/london-automotive-brand-film-03-gallery/mobile.avif"",","Stable project identifier, original asset path or internal media variable; retained to preserve URLs and media references."
content/media/presentation-profiles.json,3025,"""mobileWebpPath"": ""/media/art-directed/london-automotive-brand-film-03-gallery/mobile.webp"",","Stable project identifier, original asset path or internal media variable; retained to preserve URLs and media references."
content/media/presentation-profiles.json,3077,"""/work/london-automotive-brand-film"",","Stable project identifier, original asset path or internal media variable; retained to preserve URLs and media references."
content/media/presentation-profiles.json,3093,"""assetId"": ""london-automotive-brand-film-04-gallery"",","Stable project identifier, original asset path or internal media variable; retained to preserve URLs and media references."
content/media/presentation-profiles.json,3121,"""sourcePublicPath"": ""/media/portfolio/automotive/london-automotive-brand-film/04-gallery.webp"",","Stable project identifier, original asset path or internal media variable; retained to preserve URLs and media references."
content/media/presentation-profiles.json,3122,"""desktopAvifPath"": ""/media/art-directed/london-automotive-brand-film-04-gallery/desktop.avif"",","Stable project identifier, original asset path or internal media variable; retained to preserve URLs and media references."
content/media/presentation-profiles.json,3123,"""desktopWebpPath"": ""/media/art-directed/london-automotive-brand-film-04-gallery/desktop.webp"",","Stable project identifier, original asset path or internal media variable; retained to preserve URLs and media references."
content/media/presentation-profiles.json,3124,"""desktopJpegPath"": ""/media/art-directed/london-automotive-brand-film-04-gallery/desktop.jpg"",","Stable project identifier, original asset path or internal media variable; retained to preserve URLs and media references."
content/media/presentation-profiles.json,3125,"""tabletAvifPath"": ""/media/art-directed/london-automotive-brand-film-04-gallery/tablet.avif"",","Stable project identifier, original asset path or internal media variable; retained to preserve URLs and media references."
content/media/presentation-profiles.json,3126,"""tabletWebpPath"": ""/media/art-directed/london-automotive-brand-film-04-gallery/tablet.webp"",","Stable project identifier, original asset path or internal media variable; retained to preserve URLs and media references."
content/media/presentation-profiles.json,3127,"""mobileAvifPath"": ""/media/art-directed/london-automotive-brand-film-04-gallery/mobile.avif"",","Stable project identifier, original asset path or internal media variable; retained to preserve URLs and media references."
content/media/presentation-profiles.json,3128,"""mobileWebpPath"": ""/media/art-directed/london-automotive-brand-film-04-gallery/mobile.webp"",","Stable project identifier, original asset path or internal media variable; retained to preserve URLs and media references."
content/media/presentation-profiles.json,3180,"""/work/london-automotive-brand-film"",","Stable project identifier, original asset path or internal media variable; retained to preserve URLs and media references."
content/media/presentation-profiles.json,3196,"""assetId"": ""london-automotive-brand-film-05-gallery"",","Stable project identifier, original asset path or internal media variable; retained to preserve URLs and media references."
content/media/presentation-profiles.json,3224,"""sourcePublicPath"": ""/media/portfolio/automotive/london-automotive-brand-film/05-gallery.webp"",","Stable project identifier, original asset path or internal media variable; retained to preserve URLs and media references."
content/media/presentation-profiles.json,3225,"""desktopAvifPath"": ""/media/art-directed/london-automotive-brand-film-05-gallery/desktop.avif"",","Stable project identifier, original asset path or internal media variable; retained to preserve URLs and media references."
content/media/presentation-profiles.json,3226,"""desktopWebpPath"": ""/media/art-directed/london-automotive-brand-film-05-gallery/desktop.webp"",","Stable project identifier, original asset path or internal media variable; retained to preserve URLs and media references."
content/media/presentation-profiles.json,3227,"""desktopJpegPath"": ""/media/art-directed/london-automotive-brand-film-05-gallery/desktop.jpg"",","Stable project identifier, original asset path or internal media variable; retained to preserve URLs and media references."
content/media/presentation-profiles.json,3228,"""tabletAvifPath"": ""/media/art-directed/london-automotive-brand-film-05-gallery/tablet.avif"",","Stable project identifier, original asset path or internal media variable; retained to preserve URLs and media references."
content/media/presentation-profiles.json,3229,"""tabletWebpPath"": ""/media/art-directed/london-automotive-brand-film-05-gallery/tablet.webp"",","Stable project identifier, original asset path or internal media variable; retained to preserve URLs and media references."
content/media/presentation-profiles.json,3230,"""mobileAvifPath"": ""/media/art-directed/london-automotive-brand-film-05-gallery/mobile.avif"",","Stable project identifier, original asset path or internal media variable; retained to preserve URLs and media references."
content/media/presentation-profiles.json,3231,"""mobileWebpPath"": ""/media/art-directed/london-automotive-brand-film-05-gallery/mobile.webp"",","Stable project identifier, original asset path or internal media variable; retained to preserve URLs and media references."
content/media/presentation-profiles.json,3283,"""/work/london-automotive-brand-film"",","Stable project identifier, original asset path or internal media variable; retained to preserve URLs and media references."
content/media/presentation-profiles.json,3299,"""assetId"": ""london-automotive-brand-film-06-gallery"",","Stable project identifier, original asset path or internal media variable; retained to preserve URLs and media references."
content/media/presentation-profiles.json,3327,"""sourcePublicPath"": ""/media/portfolio/automotive/london-automotive-brand-film/06-gallery.webp"",","Stable project identifier, original asset path or internal media variable; retained to preserve URLs and media references."
content/media/presentation-profiles.json,3328,"""desktopAvifPath"": ""/media/art-directed/london-automotive-brand-film-06-gallery/desktop.avif"",","Stable project identifier, original asset path or internal media variable; retained to preserve URLs and media references."
content/media/presentation-profiles.json,3329,"""desktopWebpPath"": ""/media/art-directed/london-automotive-brand-film-06-gallery/desktop.webp"",","Stable project identifier, original asset path or internal media variable; retained to preserve URLs and media references."
content/media/presentation-profiles.json,3330,"""desktopJpegPath"": ""/media/art-directed/london-automotive-brand-film-06-gallery/desktop.jpg"",","Stable project identifier, original asset path or internal media variable; retained to preserve URLs and media references."
content/media/presentation-profiles.json,3331,"""tabletAvifPath"": ""/media/art-directed/london-automotive-brand-film-06-gallery/tablet.avif"",","Stable project identifier, original asset path or internal media variable; retained to preserve URLs and media references."
content/media/presentation-profiles.json,3332,"""tabletWebpPath"": ""/media/art-directed/london-automotive-brand-film-06-gallery/tablet.webp"",","Stable project identifier, original asset path or internal media variable; retained to preserve URLs and media references."
content/media/presentation-profiles.json,3333,"""mobileAvifPath"": ""/media/art-directed/london-automotive-brand-film-06-gallery/mobile.avif"",","Stable project identifier, original asset path or internal media variable; retained to preserve URLs and media references."
content/media/presentation-profiles.json,3334,"""mobileWebpPath"": ""/media/art-directed/london-automotive-brand-film-06-gallery/mobile.webp"",","Stable project identifier, original asset path or internal media variable; retained to preserve URLs and media references."
content/media/presentation-profiles.json,3386,"""/work/london-automotive-brand-film"",","Stable project identifier, original asset path or internal media variable; retained to preserve URLs and media references."
content/media/presentation-profiles.json,3402,"""assetId"": ""london-automotive-brand-film-07-gallery"",","Stable project identifier, original asset path or internal media variable; retained to preserve URLs and media references."
content/media/presentation-profiles.json,3430,"""sourcePublicPath"": ""/media/portfolio/automotive/london-automotive-brand-film/07-gallery.webp"",","Stable project identifier, original asset path or internal media variable; retained to preserve URLs and media references."
content/media/presentation-profiles.json,3431,"""desktopAvifPath"": ""/media/art-directed/london-automotive-brand-film-07-gallery/desktop.avif"",","Stable project identifier, original asset path or internal media variable; retained to preserve URLs and media references."
content/media/presentation-profiles.json,3432,"""desktopWebpPath"": ""/media/art-directed/london-automotive-brand-film-07-gallery/desktop.webp"",","Stable project identifier, original asset path or internal media variable; retained to preserve URLs and media references."
content/media/presentation-profiles.json,3433,"""desktopJpegPath"": ""/media/art-directed/london-automotive-brand-film-07-gallery/desktop.jpg"",","Stable project identifier, original asset path or internal media variable; retained to preserve URLs and media references."
content/media/presentation-profiles.json,3434,"""tabletAvifPath"": ""/media/art-directed/london-automotive-brand-film-07-gallery/tablet.avif"",","Stable project identifier, original asset path or internal media variable; retained to preserve URLs and media references."
content/media/presentation-profiles.json,3435,"""tabletWebpPath"": ""/media/art-directed/london-automotive-brand-film-07-gallery/tablet.webp"",","Stable project identifier, original asset path or internal media variable; retained to preserve URLs and media references."
content/media/presentation-profiles.json,3436,"""mobileAvifPath"": ""/media/art-directed/london-automotive-brand-film-07-gallery/mobile.avif"",","Stable project identifier, original asset path or internal media variable; retained to preserve URLs and media references."
content/media/presentation-profiles.json,3437,"""mobileWebpPath"": ""/media/art-directed/london-automotive-brand-film-07-gallery/mobile.webp"",","Stable project identifier, original asset path or internal media variable; retained to preserve URLs and media references."
content/media/presentation-profiles.json,3489,"""/work/london-automotive-brand-film"",","Stable project identifier, original asset path or internal media variable; retained to preserve URLs and media references."
content/pages/about.ts,12,"""Without approved team photography, this page stays focused on responsibilities, operating model and accountability rather than presenting unrelated people as staff.""","Existing specialised service, sector, evidence or media content outside this focused scope; describes production mechanisms where relevant, not current Route 04. Preserved per precise-edit instruction."
content/pages/about.ts,22,"deliverables: ""Photography, film, interviews and multi-format assets where agreed."",","Existing specialised service, sector, evidence or media content outside this focused scope; describes production mechanisms where relevant, not current Route 04. Preserved per precise-edit instruction."
content/pages/fashion-beauty-apparel.ts,32,"""Campaign photography and selected stills"",","Existing specialised service, sector, evidence or media content outside this focused scope; describes production mechanisms where relevant, not current Route 04. Preserved per precise-edit instruction."
content/pages/industries.ts,63,"l(""Campaign photography and image selects"", ""广告摄影与精选图片""),","Existing specialised service, sector, evidence or media content outside this focused scope; describes production mechanisms where relevant, not current Route 04. Preserved per precise-edit instruction."
content/pages/industries.ts,105,"l(""Reviewed product films"", ""经审核的产品影片""),","Existing specialised service, sector, evidence or media content outside this focused scope; describes production mechanisms where relevant, not current Route 04. Preserved per precise-edit instruction."
content/pages/industries.ts,151,"l(""Campus and workshop filming"", ""校园与工作坊拍摄"")","Existing specialised service, sector, evidence or media content outside this focused scope; describes production mechanisms where relevant, not current Route 04. Preserved per precise-edit instruction."
content/pages/service-details.ts,35,"""Commercial photography"",","Existing specialised service, sector, evidence or media content outside this focused scope; describes production mechanisms where relevant, not current Route 04. Preserved per precise-edit instruction."
content/pages/service-details.ts,36,"""Brand films and product videos"",","Existing specialised service, sector, evidence or media content outside this focused scope; describes production mechanisms where relevant, not current Route 04. Preserved per precise-edit instruction."
content/pages/service-details.ts,49,"""Brand, launch and product films"",","Existing specialised service, sector, evidence or media content outside this focused scope; describes production mechanisms where relevant, not current Route 04. Preserved per precise-edit instruction."
content/pages/service-details.ts,109,"""Filming that depends on separately approved access""","Existing specialised service, sector, evidence or media content outside this focused scope; describes production mechanisms where relevant, not current Route 04. Preserved per precise-edit instruction."
content/pages/service-details.ts,115,"""Technical storytelling and filmed content"",","Existing specialised service, sector, evidence or media content outside this focused scope; describes production mechanisms where relevant, not current Route 04. Preserved per precise-edit instruction."
content/pages/service-details.ts,163,"""We coordinate the format, contributors, venue production and communication assets—not simply event photography."",","Existing specialised service, sector, evidence or media content outside this focused scope; describes production mechanisms where relevant, not current Route 04. Preserved per precise-edit instruction."
content/pages/service-details.ts,186,"""Interview, photography and video assets"",","Existing specialised service, sector, evidence or media content outside this focused scope; describes production mechanisms where relevant, not current Route 04. Preserved per precise-edit instruction."
content/pages/services.ts,21,"""Creative planning, photography, brand films, product and social content"",","Existing specialised service, sector, evidence or media content outside this focused scope; describes production mechanisms where relevant, not current Route 04. Preserved per precise-edit instruction."
content/pages/services.ts,24,"deliverables: l(""Key visuals, films, interviews and channel edits"", ""主视觉、影片、访谈与渠道版本""),","Existing specialised service, sector, evidence or media content outside this focused scope; describes production mechanisms where relevant, not current Route 04. Preserved per precise-edit instruction."
content/pages/services.ts,100,"deliverables: l(""Reviewed films, explainers and event content"", ""经审核的影片、说明内容与活动素材""),","Existing specialised service, sector, evidence or media content outside this focused scope; describes production mechanisms where relevant, not current Route 04. Preserved per precise-edit instruction."
content/phase3.ts,79,"text: ""Turn the real activity into approved film, photography and stakeholder content.""",Earlier homepage/capability implementation; current homepage uses Phase5Homepage.
content/phase3.ts,142,"short: ""Photography and film that turn UK activity into reusable commercial assets."",",Earlier homepage/capability implementation; current homepage uses Phase5Homepage.
content/phase3.ts,146,"outputs: ""Photography, film, interviews, event and stakeholder content."",",Earlier homepage/capability implementation; current homepage uses Phase5Homepage.
content/phase3.ts,148,"""Commercial photography"",",Earlier homepage/capability implementation; current homepage uses Phase5Homepage.
content/phase3.ts,149,"""Brand films and interviews"",",Earlier homepage/capability implementation; current homepage uses Phase5Homepage.
content/phase3.ts,205,"outputs: ""Discussion records, interviews, photography or film."",",Earlier homepage/capability implementation; current homepage uses Phase5Homepage.
content/phase3.ts,208,"slug: ""london-automotive-brand-film"",","Stable project identifier, original asset path or internal media variable; retained to preserve URLs and media references."
content/phase3.ts,227,"outputs: ""Activation photography, short-form film and campaign assets."",",Earlier homepage/capability implementation; current homepage uses Phase5Homepage.
content/phase3.ts,237,"activity: ""May include commercial photography, interviews, brand film or event documentation."",",Earlier homepage/capability implementation; current homepage uses Phase5Homepage.
content/phase3.ts,362,"proof: { slug: ""london-automotive-brand-film"", label: ""仅为相邻制作证据：英国访谈与品牌内容影像"" }","Stable project identifier, original asset path or internal media variable; retained to preserve URLs and media references."
content/phase3.ts,412,"""london-automotive-brand-film"": { en: [""Creative Production & Brand Assets""], zh: [""创意制作与品牌资产""] },","Stable project identifier, original asset path or internal media variable; retained to preserve URLs and media references."
content/phase4.ts,12,"body: ""Each project states the location and our recorded role. Photography and production evidence is never used to imply ownership of a wider launch or commercial result.""",Earlier homepage/capability implementation; current homepage uses Phase5Homepage.
content/phase4.ts,36,"text: ""Turn real activity into film, photography, interviews and press-ready materials."",",Earlier homepage/capability implementation; current homepage uses Phase5Homepage.
content/phase4.ts,37,"label: ""Film · Editorial · Media""",Earlier homepage/capability implementation; current homepage uses Phase5Homepage.
content/phase4.ts,78,"deliver: ""Film, photography and modular content."",",Earlier homepage/capability implementation; current homepage uses Phase5Homepage.
content/portfolio-media.generated.json,885,"""id"": ""london-automotive-brand-film-01-hero"",","Stable project identifier, original asset path or internal media variable; retained to preserve URLs and media references."
content/portfolio-media.generated.json,886,"""sourceFile"": ""01_automotive_cases/05_byd_overseas_brand_film_london/01_05_byd_overseas_brand_film_london_065.jpg"",","Stable project identifier, original asset path or internal media variable; retained to preserve URLs and media references."
content/portfolio-media.generated.json,887,"""publicPath"": ""/media/portfolio/automotive/london-automotive-brand-film/01-hero.webp"",","Stable project identifier, original asset path or internal media variable; retained to preserve URLs and media references."
content/portfolio-media.generated.json,888,"""avifPath"": ""/media/portfolio/automotive/london-automotive-brand-film/01-hero.avif"",","Stable project identifier, original asset path or internal media variable; retained to preserve URLs and media references."
content/portfolio-media.generated.json,889,"""mobilePath"": ""/media/portfolio/automotive/london-automotive-brand-film/01-hero-mobile.webp"",","Stable project identifier, original asset path or internal media variable; retained to preserve URLs and media references."
content/portfolio-media.generated.json,890,"""thumbnailPath"": ""/media/portfolio/automotive/london-automotive-brand-film/01-hero-thumb.webp"",","Stable project identifier, original asset path or internal media variable; retained to preserve URLs and media references."
content/portfolio-media.generated.json,891,"""projectId"": ""london-automotive-brand-film"",","Stable project identifier, original asset path or internal media variable; retained to preserve URLs and media references."
content/portfolio-media.generated.json,901,"""/work/london-automotive-brand-film"",","Stable project identifier, original asset path or internal media variable; retained to preserve URLs and media references."
content/portfolio-media.generated.json,920,"""id"": ""london-automotive-brand-film-02-cover"",","Stable project identifier, original asset path or internal media variable; retained to preserve URLs and media references."
content/portfolio-media.generated.json,921,"""sourceFile"": ""01_automotive_cases/05_byd_overseas_brand_film_london/11_05_byd_overseas_brand_film_london_075.jpg"",","Stable project identifier, original asset path or internal media variable; retained to preserve URLs and media references."
content/portfolio-media.generated.json,922,"""publicPath"": ""/media/portfolio/automotive/london-automotive-brand-film/02-cover.webp"",","Stable project identifier, original asset path or internal media variable; retained to preserve URLs and media references."
content/portfolio-media.generated.json,923,"""avifPath"": ""/media/portfolio/automotive/london-automotive-brand-film/02-cover.avif"",","Stable project identifier, original asset path or internal media variable; retained to preserve URLs and media references."
content/portfolio-media.generated.json,924,"""mobilePath"": ""/media/portfolio/automotive/london-automotive-brand-film/02-cover-mobile.webp"",","Stable project identifier, original asset path or internal media variable; retained to preserve URLs and media references."
content/portfolio-media.generated.json,925,"""thumbnailPath"": ""/media/portfolio/automotive/london-automotive-brand-film/02-cover-thumb.webp"",","Stable project identifier, original asset path or internal media variable; retained to preserve URLs and media references."
content/portfolio-media.generated.json,926,"""projectId"": ""london-automotive-brand-film"",","Stable project identifier, original asset path or internal media variable; retained to preserve URLs and media references."
content/portfolio-media.generated.json,936,"""/work/london-automotive-brand-film"",","Stable project identifier, original asset path or internal media variable; retained to preserve URLs and media references."
content/portfolio-media.generated.json,955,"""id"": ""london-automotive-brand-film-03-gallery"",","Stable project identifier, original asset path or internal media variable; retained to preserve URLs and media references."
content/portfolio-media.generated.json,956,"""sourceFile"": ""01_automotive_cases/05_byd_overseas_brand_film_london/03_05_byd_overseas_brand_film_london_067.jpg"",","Stable project identifier, original asset path or internal media variable; retained to preserve URLs and media references."
content/portfolio-media.generated.json,957,"""publicPath"": ""/media/portfolio/automotive/london-automotive-brand-film/03-gallery.webp"",","Stable project identifier, original asset path or internal media variable; retained to preserve URLs and media references."
content/portfolio-media.generated.json,958,"""avifPath"": ""/media/portfolio/automotive/london-automotive-brand-film/03-gallery.avif"",","Stable project identifier, original asset path or internal media variable; retained to preserve URLs and media references."
content/portfolio-media.generated.json,959,"""mobilePath"": ""/media/portfolio/automotive/london-automotive-brand-film/03-gallery-mobile.webp"",","Stable project identifier, original asset path or internal media variable; retained to preserve URLs and media references."
content/portfolio-media.generated.json,960,"""thumbnailPath"": ""/media/portfolio/automotive/london-automotive-brand-film/03-gallery-thumb.webp"",","Stable project identifier, original asset path or internal media variable; retained to preserve URLs and media references."
content/portfolio-media.generated.json,961,"""projectId"": ""london-automotive-brand-film"",","Stable project identifier, original asset path or internal media variable; retained to preserve URLs and media references."
content/portfolio-media.generated.json,971,"""/work/london-automotive-brand-film"",","Stable project identifier, original asset path or internal media variable; retained to preserve URLs and media references."
content/portfolio-media.generated.json,990,"""id"": ""london-automotive-brand-film-04-gallery"",","Stable project identifier, original asset path or internal media variable; retained to preserve URLs and media references."
content/portfolio-media.generated.json,991,"""sourceFile"": ""01_automotive_cases/05_byd_overseas_brand_film_london/06_05_byd_overseas_brand_film_london_070.jpg"",","Stable project identifier, original asset path or internal media variable; retained to preserve URLs and media references."
content/portfolio-media.generated.json,992,"""publicPath"": ""/media/portfolio/automotive/london-automotive-brand-film/04-gallery.webp"",","Stable project identifier, original asset path or internal media variable; retained to preserve URLs and media references."
content/portfolio-media.generated.json,993,"""avifPath"": ""/media/portfolio/automotive/london-automotive-brand-film/04-gallery.avif"",","Stable project identifier, original asset path or internal media variable; retained to preserve URLs and media references."
content/portfolio-media.generated.json,994,"""mobilePath"": ""/media/portfolio/automotive/london-automotive-brand-film/04-gallery-mobile.webp"",","Stable project identifier, original asset path or internal media variable; retained to preserve URLs and media references."
content/portfolio-media.generated.json,995,"""thumbnailPath"": ""/media/portfolio/automotive/london-automotive-brand-film/04-gallery-thumb.webp"",","Stable project identifier, original asset path or internal media variable; retained to preserve URLs and media references."
content/portfolio-media.generated.json,996,"""projectId"": ""london-automotive-brand-film"",","Stable project identifier, original asset path or internal media variable; retained to preserve URLs and media references."
content/portfolio-media.generated.json,1006,"""/work/london-automotive-brand-film"",","Stable project identifier, original asset path or internal media variable; retained to preserve URLs and media references."
content/portfolio-media.generated.json,1025,"""id"": ""london-automotive-brand-film-05-gallery"",","Stable project identifier, original asset path or internal media variable; retained to preserve URLs and media references."
content/portfolio-media.generated.json,1026,"""sourceFile"": ""01_automotive_cases/05_byd_overseas_brand_film_london/08_05_byd_overseas_brand_film_london_072.jpg"",","Stable project identifier, original asset path or internal media variable; retained to preserve URLs and media references."
content/portfolio-media.generated.json,1027,"""publicPath"": ""/media/portfolio/automotive/london-automotive-brand-film/05-gallery.webp"",","Stable project identifier, original asset path or internal media variable; retained to preserve URLs and media references."
content/portfolio-media.generated.json,1028,"""avifPath"": ""/media/portfolio/automotive/london-automotive-brand-film/05-gallery.avif"",","Stable project identifier, original asset path or internal media variable; retained to preserve URLs and media references."
content/portfolio-media.generated.json,1029,"""mobilePath"": ""/media/portfolio/automotive/london-automotive-brand-film/05-gallery-mobile.webp"",","Stable project identifier, original asset path or internal media variable; retained to preserve URLs and media references."
content/portfolio-media.generated.json,1030,"""thumbnailPath"": ""/media/portfolio/automotive/london-automotive-brand-film/05-gallery-thumb.webp"",","Stable project identifier, original asset path or internal media variable; retained to preserve URLs and media references."
content/portfolio-media.generated.json,1031,"""projectId"": ""london-automotive-brand-film"",","Stable project identifier, original asset path or internal media variable; retained to preserve URLs and media references."
content/portfolio-media.generated.json,1041,"""/work/london-automotive-brand-film"",","Stable project identifier, original asset path or internal media variable; retained to preserve URLs and media references."
content/portfolio-media.generated.json,1060,"""id"": ""london-automotive-brand-film-06-gallery"",","Stable project identifier, original asset path or internal media variable; retained to preserve URLs and media references."
content/portfolio-media.generated.json,1061,"""sourceFile"": ""01_automotive_cases/05_byd_overseas_brand_film_london/14_05_byd_overseas_brand_film_london_078.jpg"",","Stable project identifier, original asset path or internal media variable; retained to preserve URLs and media references."
content/portfolio-media.generated.json,1062,"""publicPath"": ""/media/portfolio/automotive/london-automotive-brand-film/06-gallery.webp"",","Stable project identifier, original asset path or internal media variable; retained to preserve URLs and media references."
content/portfolio-media.generated.json,1063,"""avifPath"": ""/media/portfolio/automotive/london-automotive-brand-film/06-gallery.avif"",","Stable project identifier, original asset path or internal media variable; retained to preserve URLs and media references."
content/portfolio-media.generated.json,1064,"""mobilePath"": ""/media/portfolio/automotive/london-automotive-brand-film/06-gallery-mobile.webp"",","Stable project identifier, original asset path or internal media variable; retained to preserve URLs and media references."
content/portfolio-media.generated.json,1065,"""thumbnailPath"": ""/media/portfolio/automotive/london-automotive-brand-film/06-gallery-thumb.webp"",","Stable project identifier, original asset path or internal media variable; retained to preserve URLs and media references."
content/portfolio-media.generated.json,1066,"""projectId"": ""london-automotive-brand-film"",","Stable project identifier, original asset path or internal media variable; retained to preserve URLs and media references."
content/portfolio-media.generated.json,1076,"""/work/london-automotive-brand-film"",","Stable project identifier, original asset path or internal media variable; retained to preserve URLs and media references."
content/portfolio-media.generated.json,1095,"""id"": ""london-automotive-brand-film-07-gallery"",","Stable project identifier, original asset path or internal media variable; retained to preserve URLs and media references."
content/portfolio-media.generated.json,1096,"""sourceFile"": ""01_automotive_cases/05_byd_overseas_brand_film_london/16_05_byd_overseas_brand_film_london_080.jpg"",","Stable project identifier, original asset path or internal media variable; retained to preserve URLs and media references."
content/portfolio-media.generated.json,1097,"""publicPath"": ""/media/portfolio/automotive/london-automotive-brand-film/07-gallery.webp"",","Stable project identifier, original asset path or internal media variable; retained to preserve URLs and media references."
content/portfolio-media.generated.json,1098,"""avifPath"": ""/media/portfolio/automotive/london-automotive-brand-film/07-gallery.avif"",","Stable project identifier, original asset path or internal media variable; retained to preserve URLs and media references."
content/portfolio-media.generated.json,1099,"""mobilePath"": ""/media/portfolio/automotive/london-automotive-brand-film/07-gallery-mobile.webp"",","Stable project identifier, original asset path or internal media variable; retained to preserve URLs and media references."
content/portfolio-media.generated.json,1100,"""thumbnailPath"": ""/media/portfolio/automotive/london-automotive-brand-film/07-gallery-thumb.webp"",","Stable project identifier, original asset path or internal media variable; retained to preserve URLs and media references."
content/portfolio-media.generated.json,1101,"""projectId"": ""london-automotive-brand-film"",","Stable project identifier, original asset path or internal media variable; retained to preserve URLs and media references."
content/portfolio-media.generated.json,1111,"""/work/london-automotive-brand-film"",","Stable project identifier, original asset path or internal media variable; retained to preserve URLs and media references."
content/portfolio.ts,698,"slug: ""london-automotive-brand-film"",","Stable project identifier, original asset path or internal media variable; retained to preserve URLs and media references."
content/portfolio.ts,738,"{ type: ""full"", media: [id(""london-automotive-brand-film"", 1, ""hero"")] },","Stable project identifier, original asset path or internal media variable; retained to preserve URLs and media references."
content/portfolio.ts,742,"id(""london-automotive-brand-film"", 2, ""cover""),","Stable project identifier, original asset path or internal media variable; retained to preserve URLs and media references."
content/portfolio.ts,743,"id(""london-automotive-brand-film"", 3, ""gallery"")","Stable project identifier, original asset path or internal media variable; retained to preserve URLs and media references."
content/portfolio.ts,747,"{ type: ""offset"", media: [id(""london-automotive-brand-film"", 4, ""gallery"")], side: ""right"" },","Stable project identifier, original asset path or internal media variable; retained to preserve URLs and media references."
content/portfolio.ts,751,"id(""london-automotive-brand-film"", 5, ""gallery""),","Stable project identifier, original asset path or internal media variable; retained to preserve URLs and media references."
content/portfolio.ts,752,"id(""london-automotive-brand-film"", 6, ""gallery""),","Stable project identifier, original asset path or internal media variable; retained to preserve URLs and media references."
content/portfolio.ts,753,"id(""london-automotive-brand-film"", 7, ""gallery"")","Stable project identifier, original asset path or internal media variable; retained to preserve URLs and media references."
content/portfolio.ts,954,"""london-automotive-brand-film"": {","Stable project identifier, original asset path or internal media variable; retained to preserve URLs and media references."
content/portfolio.ts,996,"""london-automotive-brand-film"",","Stable project identifier, original asset path or internal media variable; retained to preserve URLs and media references."
content/portfolio.ts,1090,"""london-automotive-brand-film"": {","Stable project identifier, original asset path or internal media variable; retained to preserve URLs and media references."
content/portfolio.ts,1091,"preview: id(""london-automotive-brand-film"", 1, ""hero""),","Stable project identifier, original asset path or internal media variable; retained to preserve URLs and media references."
content/portfolio.ts,1092,"hero: id(""london-automotive-brand-film"", 1, ""hero""),","Stable project identifier, original asset path or internal media variable; retained to preserve URLs and media references."
content/portfolio.ts,1095,"detail: [id(""london-automotive-brand-film"", 5, ""gallery"")],","Stable project identifier, original asset path or internal media variable; retained to preserve URLs and media references."
content/portfolio.ts,1096,"closing: [id(""london-automotive-brand-film"", 7, ""gallery"")]","Stable project identifier, original asset path or internal media variable; retained to preserve URLs and media references."
content/portfolio.ts,1291,"""london-automotive-brand-film"",","Stable project identifier, original asset path or internal media variable; retained to preserve URLs and media references."
content/roadshows.ts,63,"""Photography, film, interviews and post-event content""","Existing specialised service, sector, evidence or media content outside this focused scope; describes production mechanisms where relevant, not current Route 04. Preserved per precise-edit instruction."
content/roadshows.ts,75,"""Event photography, short films and interviews"",","Existing specialised service, sector, evidence or media content outside this focused scope; describes production mechanisms where relevant, not current Route 04. Preserved per precise-edit instruction."
content/roadshows.ts,96,"titleEn: ""Investor & Strategic Partner Roadshow Production"",",Existing potential roadshow participant/category wording; not a European Times relationship claim.
content/roadshows.ts,101,"""Potential strategic partners"",",Existing potential roadshow participant/category wording; not a European Times relationship claim.
content/roadshows.ts,116,"""Photography, film, interviews and on-site delivery""","Existing specialised service, sector, evidence or media content outside this focused scope; describes production mechanisms where relevant, not current Route 04. Preserved per precise-edit instruction."
content/roadshows.ts,170,"""Demo film and follow-up asset production""","Existing specialised service, sector, evidence or media content outside this focused scope; describes production mechanisms where relevant, not current Route 04. Preserved per precise-edit instruction."
content/roadshows.ts,211,"""Demonstration, interview, photography and film production"",","Existing specialised service, sector, evidence or media content outside this focused scope; describes production mechanisms where relevant, not current Route 04. Preserved per precise-edit instruction."
content/roadshows.ts,312,"l(""Photography and film"", ""摄影与视频""),","Existing specialised service, sector, evidence or media content outside this focused scope; describes production mechanisms where relevant, not current Route 04. Preserved per precise-edit instruction."
content/service-proof.ts,157,"""Public claims, stage content, speaker participation, filming permissions and final selects."",","Existing specialised service, sector, evidence or media content outside this focused scope; describes production mechanisms where relevant, not current Route 04. Preserved per precise-edit instruction."
content/site.ts,50,"""We help brands create campaign-ready content in the UK through photography, video, styling, models, creators, events and bilingual local production."",","Existing specialised service, sector, evidence or media content outside this focused scope; describes production mechanisms where relevant, not current Route 04. Preserved per precise-edit instruction."
content/site.ts,102,"title: ""Commercial Photography"",","Existing specialised service, sector, evidence or media content outside this focused scope; describes production mechanisms where relevant, not current Route 04. Preserved per precise-edit instruction."
content/site.ts,106,"title: ""Video & Brand Films"",","Existing specialised service, sector, evidence or media content outside this focused scope; describes production mechanisms where relevant, not current Route 04. Preserved per precise-edit instruction."
content/site.ts,107,"text: ""Launch films, product videos, short-form edits and motion assets for paid and owned channels.""","Existing specialised service, sector, evidence or media content outside this focused scope; describes production mechanisms where relevant, not current Route 04. Preserved per precise-edit instruction."
content/site.ts,331,"title: { en: ""Commercial photography"", zh: ""商业摄影"" },","Existing specialised service, sector, evidence or media content outside this focused scope; describes production mechanisms where relevant, not current Route 04. Preserved per precise-edit instruction."
content/site.ts,339,"title: { en: ""Brand films and product videos"", zh: ""品牌影片与产品视频"" },","Existing specialised service, sector, evidence or media content outside this focused scope; describes production mechanisms where relevant, not current Route 04. Preserved per precise-edit instruction."
content/site.ts,341,"en: ""Launch films, product stories, campaign edits and short videos designed for paid media, owned channels and retail moments."",","Existing specialised service, sector, evidence or media content outside this focused scope; describes production mechanisms where relevant, not current Route 04. Preserved per precise-edit instruction."
content/site.ts,401,"en: ""Human-facing product films, presenter demos and clean campaign visuals."",","Existing specialised service, sector, evidence or media content outside this focused scope; describes production mechanisms where relevant, not current Route 04. Preserved per precise-edit instruction."
content/site.ts,409,"en: ""Lifestyle films, local production support and event-ready visual assets."",","Existing specialised service, sector, evidence or media content outside this focused scope; describes production mechanisms where relevant, not current Route 04. Preserved per precise-edit instruction."
content/site.ts,433,"category: { en: ""Beauty product film"", zh: ""美妆产品影片"" },","Existing specialised service, sector, evidence or media content outside this focused scope; describes production mechanisms where relevant, not current Route 04. Preserved per precise-edit instruction."
content/site.ts,464,"en: ""Bilingual on-camera talent for product demos, launch films, interviews and event coverage."",","Existing specialised service, sector, evidence or media content outside this focused scope; describes production mechanisms where relevant, not current Route 04. Preserved per precise-edit instruction."
content/site.ts,580,"""A curated portfolio area for commercial photography, brand film, social video, event coverage and creator-led content.""","Existing specialised service, sector, evidence or media content outside this focused scope; describes production mechanisms where relevant, not current Route 04. Preserved per precise-edit instruction."
content/site.ts,639,"""We bring together creative planning, production, talent, styling, photography, video and local execution in the UK."",","Existing specialised service, sector, evidence or media content outside this focused scope; describes production mechanisms where relevant, not current Route 04. Preserved per precise-edit instruction."
content/site.ts,665,"name: ""Commercial Photography"",","Existing specialised service, sector, evidence or media content outside this focused scope; describes production mechanisms where relevant, not current Route 04. Preserved per precise-edit instruction."
content/site.ts,674,"name: ""Video & Brand Films"",","Existing specialised service, sector, evidence or media content outside this focused scope; describes production mechanisms where relevant, not current Route 04. Preserved per precise-edit instruction."
content/site.ts,676,"""Film and motion content for product explainers, founder videos, brand films, event videos and social edits."",","Existing specialised service, sector, evidence or media content outside this focused scope; describes production mechanisms where relevant, not current Route 04. Preserved per precise-edit instruction."
content/site.ts,677,"usefulFor: [""Product explainers"", ""Founder videos"", ""Brand films"", ""Event videos"", ""Social edits""],","Existing specialised service, sector, evidence or media content outside this focused scope; describes production mechanisms where relevant, not current Route 04. Preserved per precise-edit instruction."
content/site.ts,678,"deliverables: [""Script or treatment"", ""Production crew"", ""Edited hero film"", ""Short cutdowns""],","Existing specialised service, sector, evidence or media content outside this focused scope; describes production mechanisms where relevant, not current Route 04. Preserved per precise-edit instruction."
content/site.ts,722,"caseStudy: ""Beauty product film""","Existing specialised service, sector, evidence or media content outside this focused scope; describes production mechanisms where relevant, not current Route 04. Preserved per precise-edit instruction."
content/site.ts,729,"deliverables: [""Event photography"", ""Highlight clips"", ""PR selects"", ""Fast social edits""],","Existing specialised service, sector, evidence or media content outside this focused scope; describes production mechanisms where relevant, not current Route 04. Preserved per precise-edit instruction."
content/site.ts,886,"""We combine casting, styling, locations, art direction, photography and motion to produce assets that can move from campaign launch to social proof."",","Existing specialised service, sector, evidence or media content outside this focused scope; describes production mechanisms where relevant, not current Route 04. Preserved per precise-edit instruction."
content/site.ts,896,"""Commercial Photography"",","Existing specialised service, sector, evidence or media content outside this focused scope; describes production mechanisms where relevant, not current Route 04. Preserved per precise-edit instruction."
content/site.ts,910,"""Detail-focused photography"",","Existing specialised service, sector, evidence or media content outside this focused scope; describes production mechanisms where relevant, not current Route 04. Preserved per precise-edit instruction."
content/site.ts,922,"relatedServices: [""Commercial Photography"", ""Video & Brand Films"", ""On-camera Makeup & Styling""]","Existing specialised service, sector, evidence or media content outside this focused scope; describes production mechanisms where relevant, not current Route 04. Preserved per precise-edit instruction."
content/site.ts,948,"""Commercial Photography"",","Existing specialised service, sector, evidence or media content outside this focused scope; describes production mechanisms where relevant, not current Route 04. Preserved per precise-edit instruction."
content/site.ts,967,"""Demo film"",","Existing specialised service, sector, evidence or media content outside this focused scope; describes production mechanisms where relevant, not current Route 04. Preserved per precise-edit instruction."
content/site.ts,973,"relatedServices: [""Video & Brand Films"", ""Presenter Casting"", ""UK Production Consulting""]","Existing specialised service, sector, evidence or media content outside this focused scope; describes production mechanisms where relevant, not current Route 04. Preserved per precise-edit instruction."
content/site.ts,996,"relatedServices: [""Video & Brand Films"", ""Talent Casting"", ""Event & PR Coverage""]","Existing specialised service, sector, evidence or media content outside this focused scope; describes production mechanisms where relevant, not current Route 04. Preserved per precise-edit instruction."
content/site.ts,1018,"relatedServices: [""Creative Production"", ""Commercial Photography"", ""Creator Coordination""]","Existing specialised service, sector, evidence or media content outside this focused scope; describes production mechanisms where relevant, not current Route 04. Preserved per precise-edit instruction."
content/site.ts,1248,"useCases: [""Brand films"", ""Short drama"", ""Launch videos"", ""Multi-location productions""],","Existing specialised service, sector, evidence or media content outside this focused scope; describes production mechanisms where relevant, not current Route 04. Preserved per precise-edit instruction."
content/site.ts,1398,"delivered: ""Event photography, backstage content, highlight visuals, social media assets."",","Existing specialised service, sector, evidence or media content outside this focused scope; describes production mechanisms where relevant, not current Route 04. Preserved per precise-edit instruction."
content/site.ts,1407,"""Event photography"",","Existing specialised service, sector, evidence or media content outside this focused scope; describes production mechanisms where relevant, not current Route 04. Preserved per precise-edit instruction."
content/site.ts,1420,"relatedServices: [""Event & PR Coverage"", ""Commercial Photography"", ""Video & Brand Films""]","Existing specialised service, sector, evidence or media content outside this focused scope; describes production mechanisms where relevant, not current Route 04. Preserved per precise-edit instruction."
content/site.ts,1429,"""Model casting, styling, makeup, photography, short-form video and London location production."",","Existing specialised service, sector, evidence or media content outside this focused scope; describes production mechanisms where relevant, not current Route 04. Preserved per precise-edit instruction."
content/site.ts,1441,"""Photography and short-form capture""","Existing specialised service, sector, evidence or media content outside this focused scope; describes production mechanisms where relevant, not current Route 04. Preserved per precise-edit instruction."
content/site.ts,1448,"""Commercial Photography"",","Existing specialised service, sector, evidence or media content outside this focused scope; describes production mechanisms where relevant, not current Route 04. Preserved per precise-edit instruction."
content/site.ts,1482,"relatedServices: [""Video & Brand Films"", ""Presenter Casting"", ""UK Production Consulting""]","Existing specialised service, sector, evidence or media content outside this focused scope; describes production mechanisms where relevant, not current Route 04. Preserved per precise-edit instruction."
content/site.ts,1536,"relatedServices: [""Talent Casting"", ""Event & PR Coverage"", ""Video & Brand Films""]","Existing specialised service, sector, evidence or media content outside this focused scope; describes production mechanisms where relevant, not current Route 04. Preserved per precise-edit instruction."
content/site.ts,1544,"delivered: ""Model styling, makeup, editorial photography, close-ups and social media crops."",","Existing specialised service, sector, evidence or media content outside this focused scope; describes production mechanisms where relevant, not current Route 04. Preserved per precise-edit instruction."
content/site.ts,1550,"""Venus Bridge coordinated model styling, makeup, photography direction, close-up capture and export formats."",","Existing specialised service, sector, evidence or media content outside this focused scope; describes production mechanisms where relevant, not current Route 04. Preserved per precise-edit instruction."
content/site.ts,1554,"""Editorial photography"",","Existing specialised service, sector, evidence or media content outside this focused scope; describes production mechanisms where relevant, not current Route 04. Preserved per precise-edit instruction."
content/site.ts,1566,"relatedServices: [""Commercial Photography"", ""Makeup & Styling"", ""Creative Production""]","Existing specialised service, sector, evidence or media content outside this focused scope; describes production mechanisms where relevant, not current Route 04. Preserved per precise-edit instruction."
content/site.ts,1740,"""Commercial photography"",","Existing specialised service, sector, evidence or media content outside this focused scope; describes production mechanisms where relevant, not current Route 04. Preserved per precise-edit instruction."
content/team.ts,49,"""Creative direction, brand presentation and visual production across film, fashion and commercial settings."",",Factual team background in film/fashion/visual production; About remains unchanged as requested.
content/team.ts,53,"""International film, fashion and commercial visual direction"",",Factual team background in film/fashion/visual production; About remains unchanged as requested.
docs/about-density-correction.md,20,- Preserved all approved copy and introduced no photography or decorative filler.,"Historical documentation/audit evidence; retained as a record, not current Route 04 or a relationship claim."
docs/about-team-motion-visual-upgrade.md,122,"All five are rendered in a consistent 4:5 frame with `next/image`, responsive `sizes`, meaningful bilingual alt text and a maximum hover scale of `1.015`. The page no longer reuses capability photography as About-page identity imagery, reducing repeated hero-level media.","Historical documentation/audit evidence; retained as a record, not current Route 04 or a relationship claim."
docs/about-us-redesign.md,119,Three compositions were tested against the supplied photography:,"Historical documentation/audit evidence; retained as a record, not current Route 04 or a relationship claim."
docs/case-studies-portfolio-system-upgrade.md,22,"`sortOrder` is the canonical display order. `sortDate` is present only for dated projects and never derives from filesystem metadata. The order is Wang Linkai 2026; Geely, Changan, CATL, Yue Yunpeng and London Fashion Week 2025; Leapmotor 2023; then undated individual records BYD, AGIBOT and London Automotive Brand Film; followed by the undated/mixed portfolio series Beauty & Fashion and European Automotive Asset Programme.","Historical documentation/audit evidence; retained as a record, not current Route 04 or a relationship claim."
docs/case-studies-portfolio-system-upgrade.md,53,"- Retained seven-image cases use deliberate full, pair and triptych sequences; London Automotive Brand Film adds an offset frame.","Historical documentation/audit evidence; retained as a record, not current Route 04 or a relationship claim."
docs/case-study-media-audit.md,117,## London Automotive Brand Film,"Historical documentation/audit evidence; retained as a record, not current Route 04 or a relationship claim."
docs/case-study-media-audit.md,161,- The 952-pixel automotive event and film sources are deliberately capped at 1000px display width and are not used as fake full-bleed 1920px assets.,"Historical documentation/audit evidence; retained as a record, not current Route 04 or a relationship claim."
docs/commercial-architecture-homepage-spec.md,104,**Evidence fit:** Automotive launches、UK brand film、events、fashion、talent 和 bilingual delivery 均支持。,"Historical documentation/audit evidence; retained as a record, not current Route 04 or a relationship claim."
docs/commercial-architecture-homepage-spec.md,219,| Photography              | “我们需要适合英国传播的商业影像。”                      | 现有图片没有英国语境或渠道规格               | UK campaign and launch imagery                   |,"Historical documentation/audit evidence; retained as a record, not current Route 04 or a relationship claim."
docs/commercial-architecture-homepage-spec.md,368,| Brand & Content Localisation Review | Building Presence   | **PILOT FIRST**                    | 把现有制作升级为问题解决                  | campaign、film、photography、creator、Founder content |,"Historical documentation/audit evidence; retained as a record, not current Route 04 or a relationship claim."
docs/commercial-architecture-homepage-spec.md,584,- UK campaign photography/film；,"Historical documentation/audit evidence; retained as a record, not current Route 04 or a relationship claim."
docs/commercial-architecture-homepage-spec.md,620,Photography / Film / Interviews / Models / Casting / Styling /,"Historical documentation/audit evidence; retained as a record, not current Route 04 or a relationship claim."
docs/commercial-architecture-homepage-spec.md,636,- Photography 不与 Market Exploration 处于同一导航层；,"Historical documentation/audit evidence; retained as a record, not current Route 04 or a relationship claim."
docs/commercial-architecture-homepage-spec.md,644,| Brand & Localisation               | 形成适合英国的内容路线       | message/asset review、creative direction、production         | brand film、fashion + pilot results   | Pilot             |,"Historical documentation/audit evidence; retained as a record, not current Route 04 or a relationship claim."
docs/commercial-architecture-homepage-spec.md,646,| Creative Production                | 获得可使用的英国资产         | photography、film、interviews、post-production               | published projects                    | Core              |,"Historical documentation/audit evidence; retained as a record, not current Route 04 or a relationship claim."
docs/commercial-architecture-homepage-spec.md,673,"| Supply chain           | sourcing, warehousing, fulfilment             | no current direct role                   | operators                     | Do Not Claim                  |","Historical documentation/audit evidence; retained as a record, not current Route 04 or a relationship claim."
docs/commercial-architecture-homepage-spec.md,738,| CATL Open Day Munich             | Preparing to Launch | 技术/汽车发布与 stakeholder content   | speaker、stage、audience、event capture                  | 已确认 photography/content scope       | PR result、business outcome                | Tier 2 technology/event proof |,"Historical documentation/audit evidence; retained as a record, not current Route 04 or a relationship claim."
docs/commercial-architecture-homepage-spec.md,740,| Leapmotor IAA                    | Preparing to Launch | 展会现场品牌与产品内容                | exhibition floor、vehicle、visitor interaction           | 已确认 exhibition photography          | stand strategy、lead generation            | Tier 2 exhibition proof       |,"Historical documentation/audit evidence; retained as a record, not current Route 04 or a relationship claim."
docs/commercial-architecture-homepage-spec.md,741,| London Automotive Brand Film     | Building Presence   | 英国语境品牌故事内容                  | London location、interview、vehicle/lifestyle production | UK visual production scope             | brand strategy、market impact              | Tier 2 localisation proof     |,"Historical documentation/audit evidence; retained as a record, not current Route 04 or a relationship claim."
docs/commercial-architecture-homepage-spec.md,742,| European Road & Lifestyle        | Building Presence   | 欧洲环境车辆内容                      | movement/location photography                            | approved visual scope                  | market-entry outcome、named client         | Tier 2/3 supporting proof     |,"Historical documentation/audit evidence; retained as a record, not current Route 04 or a relationship claim."
docs/commercial-architecture-homepage-spec.md,743,| Teal Editorial Fashion           | Building Presence   | 欧洲视觉语法的 fashion assets         | location、styling、fashion photography                   | approved production experience         | client/campaign outcome                    | Tier 3 until facts supplied   |,"Historical documentation/audit evidence; retained as a record, not current Route 04 or a relationship claim."
docs/commercial-architecture-homepage-spec.md,783,| London Automotive Brand Film                     | Tier 2                     | Tier 1                          |,"Historical documentation/audit evidence; retained as a record, not current Route 04 or a relationship claim."
docs/commercial-architecture-homepage-spec.md,795,| London Automotive Brand Story Film        | client objective、brief、audience、deliverables、approval route、usage、result                              | Why was UK chosen? What had to be local? What exactly did Venus manage? Where were assets used?                                               | approved brief/scope、call sheet、delivery list、published links、client approval | Turning a Chinese automotive story into credible UK-located brand content                        | 最接近 Brand + UK Local Execution 定位                             |,"Historical documentation/audit evidence; retained as a record, not current Route 04 or a relationship claim."
docs/commercial-architecture-homepage-spec.md,817,|    1 | London Automotive Brand Film    |         5 |           5 |          4 |            5 |      5 |                     4 | **28** |,"Historical documentation/audit evidence; retained as a record, not current Route 04 or a relationship claim."
docs/commercial-architecture-homepage-spec.md,829,- 主 Proof 3 项：London Automotive Brand Film、Changan Launch、BYD BD11 或 CATL；,"Historical documentation/audit evidence; retained as a record, not current Route 04 or a relationship claim."
docs/commercial-architecture-homepage-spec.md,904,**Existing assets reusable:** London automotive brand film 或 BYD London launch 的安全画面；品牌 Logo。,"Historical documentation/audit evidence; retained as a record, not current Route 04 or a relationship claim."
docs/commercial-architecture-homepage-spec.md,968,**Existing assets reusable:** London automotive film、Changan、BYD/CATL。,"Historical documentation/audit evidence; retained as a record, not current Route 04 or a relationship claim."
docs/commercial-architecture-homepage-spec.md,997,**Content required:** 6 capability clusters：Content、Film/Photography、Talent/Creator、Events/Exhibitions、Interviews/Experts、UK Production Management。,"Historical documentation/audit evidence; retained as a record, not current Route 04 or a relationship claim."
docs/commercial-architecture-homepage-spec.md,1128,Content | Film/Photography | Talent/Creator,"Historical documentation/audit evidence; retained as a record, not current Route 04 or a relationship claim."
docs/commercial-architecture-homepage-spec.md,1305,| NETWORK-DELIVERED  | crew、talent、supplier network 在 Venus 管理下交付 | photographers、film crew、models、HMU、venue/AV                                    | `We assemble and manage`                       |,"Historical documentation/audit evidence; retained as a record, not current Route 04 or a relationship claim."
docs/commercial-architecture-homepage-spec.md,1479,| 9. Turning an exhibition into more than stand photography                           | Launch         | 无后续内容与 learning             | Exhibition/Launch Review |,"Historical documentation/audit evidence; retained as a record, not current Route 04 or a relationship claim."
docs/commercial-architecture-homepage-spec.md,1628,Photography / Film / Interviews / Talent / Creator / Events /,"Historical documentation/audit evidence; retained as a record, not current Route 04 or a relationship claim."
docs/commercial-architecture-homepage-spec.md,1645,2. 不把 Photography 与 Market Exploration 并列。,"Historical documentation/audit evidence; retained as a record, not current Route 04 or a relationship claim."
docs/commercial-evidence-university-reframing-audit.md,18,"- Companies: a four-card strip led with events, photography, talent and media, recreating a supplier catalogue directly beneath an outcome-led page introduction.","Historical documentation/audit evidence; retained as a record, not current Route 04 or a relationship claim."
docs/commercial-evidence-university-reframing-audit.md,20,"- Work: the page hierarchy ended with “Selected Creative Production”; project metadata led with photography, event or exhibition language; fashion and beauty work therefore determined the final category impression.","Historical documentation/audit evidence; retained as a record, not current Route 04 or a relationship claim."
docs/commercial-evidence-university-reframing-audit.md,50,"Photography, film, events, exhibitions, creators and production remain execution methods below those groups.","Historical documentation/audit evidence; retained as a record, not current Route 04 or a relationship claim."
docs/commercial-evidence-university-reframing-audit.md,140,| Photography-company perception | 2.8 / 10 |,"Historical documentation/audit evidence; retained as a record, not current Route 04 or a relationship claim."
docs/commercial-evidence-university-reframing-audit.md,154,6. Photography-company perception: **2.8 / 10**,"Historical documentation/audit evidence; retained as a record, not current Route 04 or a relationship claim."
docs/commercial-truth-and-rights-gate.md,20,"| Event photography and identifiable people | RIGHTS CONFIRMATION REQUIRED       | Confirm photographer copyright, event/client permission and model/participant releases where applicable.                                          |","Historical documentation/audit evidence; retained as a record, not current Route 04 or a relationship claim."
docs/expertise-content-map.md,5,| Automotive                | 车辆进场、安全、品牌控制、现场排期、多市场传播 | 品牌影片、发布/展会、道路与产品内容                          | 车辆/场地/安全、主持/嘉宾、欧洲团队与审批         | Changan、CATL、Leapmotor、BYD BD11、London brand film、European road | Create、Launch、Enter |,"Historical documentation/audit evidence; retained as a record, not current Route 04 or a relationship claim."
docs/final-commercial-messaging-phase.md,39,Photography-agency perception:,"Historical documentation/audit evidence; retained as a record, not current Route 04 or a relationship claim."
docs/final-prelaunch-commercial-audit.md,63,"| PR agency                  | Broader stakeholder coordination and execution, not media relations alone.       | Plausible but PR is not a dominant user assumption.           | Leave implicit.                                                             |","Historical documentation/audit evidence; retained as a record, not current Route 04 or a relationship claim."
docs/final-prelaunch-commercial-audit.md,81,"The site should repel buyers seeking commodity photography, speculative introductions, guaranteed access, public rate cards or isolated supplier booking. That is commercially healthy.","Historical documentation/audit evidence; retained as a record, not current Route 04 or a relationship claim."
docs/final-prelaunch-commercial-audit.md,175,| Photography company     |   5.5 | Most published outcomes are approved photographs/assets; later archive cases are explicitly photographic.  |,"Historical documentation/audit evidence; retained as a record, not current Route 04 or a relationship claim."
docs/final-prelaunch-commercial-audit.md,176,| Creative agency         |   4.8 | Fashion/beauty/film imagery and obsolete OG wording. On-page commercial architecture suppresses this well. |,"Historical documentation/audit evidence; retained as a record, not current Route 04 or a relationship claim."
docs/final-prelaunch-full-website-audit.md,15,"Biggest weakness: the proof library is honest but commercially narrower than the promise. Most cases prove photography, documentation or visual assets in real UK/European settings, not market validation, buyer/distributor engagement, partnerships or measurable follow-through.","Historical documentation/audit evidence; retained as a record, not current Route 04 or a relationship claim."
docs/final-prelaunch-full-website-audit.md,33,"Desired perception is strong: UK market execution partner 9.0/10; China–UK commercial operating partner 8.8; integrated local delivery team 9.0; premium professional-services firm 8.8. Unwanted perception remains moderate for photography company 5.5, creative agency 4.8 and event agency 4.2 because the archive’s outcomes are primarily visual documentation/assets. Resource broker 2.8, generic consultancy 3.0, talent broker 1.8 and university intermediary 1.7 are well controlled.","Historical documentation/audit evidence; retained as a record, not current Route 04 or a relationship claim."
docs/final-prelaunch-full-website-audit.md,72,"Index 8.4; case-detail average 8.2; commercial quality 7.4. All 12 published cases and 24 bilingual routes render, remain truth-gated and explain context, verified role, delivery and outputs. BYD, Changan, Geely, CATL, Leapmotor and AGIBOT create a credible automotive/technology lead set. London Automotive Brand Film broadens production capability.","Historical documentation/audit evidence; retained as a record, not current Route 04 or a relationship claim."
docs/final-prelaunch-full-website-audit.md,74,"Wang Linkai, Yue Yunpeng, London Fashion Week and Beauty/Fashion are strong creative proof but increase photography-company perception. Keep them lower in the archive; future commercial cases should supersede them naturally. Do not relabel visual outputs as commercial outcomes.","Historical documentation/audit evidence; retained as a record, not current Route 04 or a relationship claim."
docs/final-prelaunch-issue-registry.md,32,"| P1-01 | `/work` and 12 cases         | CEO; overseas director; procurement | The case library proves real UK/European presence and strong visual delivery, but mostly proves photography/documentation rather than market validation, buyer/distributor engagement, partnership formation or commercial follow-through. | 12/12 cases are truth-gated and role-specific; most roles are documentation/content. Outcomes are usually approved images or assets; no quantified pipeline, buyer, distributor, repeat-engagement or market-decision evidence is public. | The promise is broader than the available proof. A skeptical buyer may conclude “strong photographer/event documenter” rather than “commercial operating partner.” | Do not inflate current cases. Keep ordering led by BYD/Changan/Geely/CATL/Leapmotor/AGIBOT and deliberately collect commercial evidence on future engagements.                             | Commercial High / User High / Large real-world effort / Low website risk. **Start after launch; monitor sales objections.** | Decide which future projects may collect/approve commercial outcomes. | `en-work-desktop.png`; `content/portfolio.ts`                                                        |","Historical documentation/audit evidence; retained as a record, not current Route 04 or a relationship claim."
docs/final-prelaunch-page-scorecard.md,56,- **Weaknesses:** commercial proof below the claims is still inherited from the photography-heavy case library; procurement still needs a scoped proposal rather than relying on the site.,"Historical documentation/audit evidence; retained as a record, not current Route 04 or a relationship claim."
docs/final-prelaunch-page-scorecard.md,78,- **Weaknesses:** later concert/fashion/beauty work increases photography-company perception; offscreen filter choices have a weak continuation cue; the preview/list structure creates one duplicated BYD H2 in rendered semantics.,"Historical documentation/audit evidence; retained as a record, not current Route 04 or a relationship claim."
docs/final-prelaunch-page-scorecard.md,164,Photography-agency risk is scored 10 = strongest unwanted perception.,"Historical documentation/audit evidence; retained as a record, not current Route 04 or a relationship claim."
docs/final-prelaunch-page-scorecard.md,174,"| London Automotive Brand Film            | Automotive / UK            | Localised international brand imagery   |          8.5 |                  8.4 |   7.8 |    9.0 / 8.8 |       8.2 |     6.5 |          5 | **Hero/supporting.** Broader coordination/production role, but outcome still assets.                         |","Historical documentation/audit evidence; retained as a record, not current Route 04 or a relationship claim."
docs/final-prelaunch-page-scorecard.md,186,"- The principal media problem is strategic balance, not technical image quality: automotive/event imagery communicates real international activity; concert/fashion/beauty imagery increases creative/photography perception when encountered in sequence.","Historical documentation/audit evidence; retained as a record, not current Route 04 or a relationship claim."
docs/final-prelaunch-visual-ux-audit.md,67,"Risk remains at archive depth: four later cases (concert, performance, fashion, beauty) can make a visitor interpret Venus Bridge as a photography/content company. This is an evidence-mix issue, not an image-quality defect. Do not remove truthful work simply to hide the current business history; let better future cases supersede it.","Historical documentation/audit evidence; retained as a record, not current Route 04 or a relationship claim."
docs/final-prelaunch-visual-ux-audit.md,82,"- London Automotive Brand Film has high art direction and broader production implication, but its polished imagery still needs role copy to avoid agency-only interpretation.","Historical documentation/audit evidence; retained as a record, not current Route 04 or a relationship claim."
docs/focused-visual-architecture-audit.md,33,"- Five approved execution images are used: Changan Munich launch, CATL Munich stakeholder setting, London automotive brand film, London Fashion Week editorial, and AGIBOT London launch.","Historical documentation/audit evidence; retained as a record, not current Route 04 or a relationship claim."
docs/focused-visual-architecture-audit.md,59,"| London automotive brand film | `london-automotive-brand-film-01-hero`       | 952×536, automotive landscape                  | Cinematic frame is already composed                  | Natural        |","Historical documentation/audit evidence; retained as a record, not current Route 04 or a relationship claim."
docs/institutional-project-evidence-intake.md,62,- [ ] Photography,"Historical documentation/audit evidence; retained as a record, not current Route 04 or a relationship claim."
docs/mobile-release-readiness-audit.md,24,- London Automotive Brand Film — mixed-ratio film sequence,"Historical documentation/audit evidence; retained as a record, not current Route 04 or a relationship claim."
docs/motion-reference-audit.md,11,## 2. Blinkink — film / mixed-media production,"Historical documentation/audit evidence; retained as a record, not current Route 04 or a relationship claim."
docs/motion-reference-audit.md,17,## 3. Stink Films — film production,"Historical documentation/audit evidence; retained as a record, not current Route 04 or a relationship claim."
docs/motion-reference-audit.md,19,- 官网：https://stinkfilms.com/；动效：克制的导演/作品索引切换；约 350–600ms。,"Historical documentation/audit evidence; retained as a record, not current Route 04 or a relationship claim."
docs/motion-reference-audit.md,73,- 官网：https://artandgraft.com/；动效：illustration/film 项目进入和 playful hover；约 500–850ms。,"Historical documentation/audit evidence; retained as a record, not current Route 04 or a relationship claim."
docs/motion-reference-audit.md,77,## 13. DIVISION — fashion / film production,"Historical documentation/audit evidence; retained as a record, not current Route 04 or a relationship claim."
docs/phase-11-final-report.md,34,2. London Automotive Brand Story Film（BYD；年份未提供）,"Historical documentation/audit evidence; retained as a record, not current Route 04 or a relationship claim."
docs/phase-11-final-report.md,52,| London Automotive Brand Story Film           | Production Experience | BYD；London/England；品牌影片影像；年份未提供          |        7 |,"Historical documentation/audit evidence; retained as a record, not current Route 04 or a relationship claim."
docs/phase-11-final-report.md,63,- 首页 `Selected Work / 精选项目` 顺序：Changan European Brand Launch、Teal Editorial Fashion Series、London Automotive Brand Story Film。保持一个主项目加两个辅助项目，Hero 继续承担 Venus Bridge Media 品牌定位。,"Historical documentation/audit evidence; retained as a record, not current Route 04 or a relationship claim."
docs/phase-11-final-report.md,71,- Creative & Commercial Production：Changan 发布、London automotive film、Teal Editorial、European road content、Creative Beauty。,"Historical documentation/audit evidence; retained as a record, not current Route 04 or a relationship claim."
docs/phase-11-final-report.md,73,- UK Production & Agency Support：London automotive film、European road/lifestyle、Changan on-location imagery。,"Historical documentation/audit evidence; retained as a record, not current Route 04 or a relationship claim."
docs/phase-11-final-report.md,87,- `london-automotive-brand-film`,"Historical documentation/audit evidence; retained as a record, not current Route 04 or a relationship claim."
docs/phase-13-image-placement-map.md,16,| About Us                           | Brand logo and graphic system                                 | None                               | No people imagery until genuine team photography is approved                     |,"Historical documentation/audit evidence; retained as a record, not current Route 04 or a relationship claim."
docs/phase-13-institution-logo-status.md,10,"The technology page conditionally uses **Academic & Research Connections / 学术、科研与产业联系** only when at least one record passes every gate. With the current empty configuration, the entire section is omitted with no empty state. It is never titled “Official Partners” or “University Partners” by default.","Historical documentation/audit evidence; retained as a record, not current Route 04 or a relationship claim."
docs/phase-14-before-after-report.md,31,"| About          | No safe team photography existed.                                                   | The brand lock-up, accountable roles and operating model carry the page without invented staff photography.                       |","Historical documentation/audit evidence; retained as a record, not current Route 04 or a relationship claim."
docs/phase-14-colour-and-background-audit.md,16,| /work/london-automotive-brand-film | cool-neutral       |            97 |             23 | cool-led          | rich black       | Alternate subject scale and temperature; use neutral spacing between strong colour shifts. |,"Historical documentation/audit evidence; retained as a record, not current Route 04 or a relationship claim."
docs/phase-14-current-visual-audit.md,33,| /en/work/london-automotive-brand-film |           6 |             11 |                        2 |            7 |              4 | Replace uniform crop logic with presentation profiles; remove same-page repeats and use subject-led ratios. |,"Historical documentation/audit evidence; retained as a record, not current Route 04 or a relationship claim."
docs/phase-14-final-report.md,46,"- **About:** brand, responsibilities and delivery model replace unsupported team photography.","Historical documentation/audit evidence; retained as a record, not current Route 04 or a relationship claim."
docs/phase-14-image-placement-map.md,35,"| london-automotive-brand-film-01-hero    | /media/portfolio/automotive/london-automotive-brand-film/01-hero.webp                        | /media/art-directed/london-automotive-brand-film-01-hero/desktop.avif    | /work/london-automotive-brand-film, /industries/automotive, /services/events-exhibitions, /           | hero                         | 3 / 2   | 4 / 3  | 4 / 3  | cool-neutral | 50% 50%         | London street frame with a red bus from an automotive brand film.         |      69 KB | new crop |","Historical documentation/audit evidence; retained as a record, not current Route 04 or a relationship claim."
docs/phase-14-image-placement-map.md,36,"| london-automotive-brand-film-02-cover   | /media/portfolio/automotive/london-automotive-brand-film/02-cover.webp                       | /media/art-directed/london-automotive-brand-film-02-cover/desktop.avif   | /work/london-automotive-brand-film, /industries/automotive, /services/events-exhibitions, /           | cover                        | 3 / 2   | 4 / 3  | 4 / 3  | soft-ivory   | 50% 50%         | Aerial view of an automotive gathering in the English countryside.        |     139 KB | new crop |","Historical documentation/audit evidence; retained as a record, not current Route 04 or a relationship claim."
docs/phase-14-image-placement-map.md,37,"| london-automotive-brand-film-03-gallery | /media/portfolio/automotive/london-automotive-brand-film/03-gallery.webp                     | /media/art-directed/london-automotive-brand-film-03-gallery/desktop.avif | /work/london-automotive-brand-film, /industries/automotive, /services/events-exhibitions, /           | gallery                      | 3 / 2   | 4 / 3  | 4 / 5  | cool-neutral | 50% 50%         | Interview subject standing beside an electric vehicle.                    |      53 KB | new crop |","Historical documentation/audit evidence; retained as a record, not current Route 04 or a relationship claim."
docs/phase-14-image-placement-map.md,38,"| london-automotive-brand-film-04-gallery | /media/portfolio/automotive/london-automotive-brand-film/04-gallery.webp                     | /media/art-directed/london-automotive-brand-film-04-gallery/desktop.avif | /work/london-automotive-brand-film, /industries/automotive, /services/events-exhibitions, /           | gallery                      | 3 / 2   | 4 / 3  | 4 / 3  | cool-neutral | 50% 50%         | Aerial city view used within the London automotive story.                 |     120 KB | new crop |","Historical documentation/audit evidence; retained as a record, not current Route 04 or a relationship claim."
docs/phase-14-image-placement-map.md,39,"| london-automotive-brand-film-05-gallery | /media/portfolio/automotive/london-automotive-brand-film/05-gallery.webp                     | /media/art-directed/london-automotive-brand-film-05-gallery/desktop.avif | /work/london-automotive-brand-film, /industries/automotive, /services/events-exhibitions, /           | gallery                      | 3 / 2   | 4 / 3  | 4 / 3  | graphite     | 50% 50%         | Aerial view of vehicles and a painted venue building.                     |      26 KB | new crop |","Historical documentation/audit evidence; retained as a record, not current Route 04 or a relationship claim."
docs/phase-14-image-placement-map.md,40,"| london-automotive-brand-film-06-gallery | /media/portfolio/automotive/london-automotive-brand-film/06-gallery.webp                     | /media/art-directed/london-automotive-brand-film-06-gallery/desktop.avif | /work/london-automotive-brand-film, /industries/automotive, /services/events-exhibitions, /           | gallery                      | 3 / 2   | 4 / 3  | 4 / 3  | soft-ivory   | 50% 50%         | Electric vehicle driving through a London street.                         |     114 KB | new crop |","Historical documentation/audit evidence; retained as a record, not current Route 04 or a relationship claim."
docs/phase-14-image-placement-map.md,41,"| london-automotive-brand-film-07-gallery | /media/portfolio/automotive/london-automotive-brand-film/07-gallery.webp                     | /media/art-directed/london-automotive-brand-film-07-gallery/desktop.avif | /work/london-automotive-brand-film, /industries/automotive, /services/events-exhibitions, /           | gallery                      | 3 / 2   | 4 / 3  | 4 / 3  | soft-ivory   | 50% 50%         | Vehicle travelling along a rural road in an aerial film frame.            |     130 KB | new crop |","Historical documentation/audit evidence; retained as a record, not current Route 04 or a relationship claim."
docs/phase-14-image-usage-map.md,37,"| london-automotive-brand-film-01-hero    | case-media       | /work/london-automotive-brand-film, /industries/automotive, /services/events-exhibitions, /           |          4 | vehicle           | yes           |","Historical documentation/audit evidence; retained as a record, not current Route 04 or a relationship claim."
docs/phase-14-image-usage-map.md,38,"| london-automotive-brand-film-02-cover   | case-media       | /work/london-automotive-brand-film, /industries/automotive, /services/events-exhibitions, /           |          4 | vehicle           | no            |","Historical documentation/audit evidence; retained as a record, not current Route 04 or a relationship claim."
docs/phase-14-image-usage-map.md,39,"| london-automotive-brand-film-03-gallery | case-media       | /work/london-automotive-brand-film, /industries/automotive, /services/events-exhibitions, /           |          4 | interview         | no            |","Historical documentation/audit evidence; retained as a record, not current Route 04 or a relationship claim."
docs/phase-14-image-usage-map.md,40,"| london-automotive-brand-film-04-gallery | case-media       | /work/london-automotive-brand-film, /industries/automotive, /services/events-exhibitions, /           |          4 | vehicle           | no            |","Historical documentation/audit evidence; retained as a record, not current Route 04 or a relationship claim."
docs/phase-14-image-usage-map.md,41,"| london-automotive-brand-film-05-gallery | case-media       | /work/london-automotive-brand-film, /industries/automotive, /services/events-exhibitions, /           |          4 | vehicle           | no            |","Historical documentation/audit evidence; retained as a record, not current Route 04 or a relationship claim."
docs/phase-14-image-usage-map.md,42,"| london-automotive-brand-film-06-gallery | case-media       | /work/london-automotive-brand-film, /industries/automotive, /services/events-exhibitions, /           |          4 | vehicle           | no            |","Historical documentation/audit evidence; retained as a record, not current Route 04 or a relationship claim."
docs/phase-14-image-usage-map.md,43,"| london-automotive-brand-film-07-gallery | case-media       | /work/london-automotive-brand-film, /industries/automotive, /services/events-exhibitions, /           |          4 | vehicle           | no            |","Historical documentation/audit evidence; retained as a record, not current Route 04 or a relationship claim."
docs/phase-2-5-commercial-ux-visual-audit.md,36,"It no longer feels mainly like a photography/video studio. Real automotive launch images, bilingual positioning and the local-delivery model move it beyond a production-only identity.","Historical documentation/audit evidence; retained as a record, not current Route 04 or a relationship claim."
docs/phase-2-5-commercial-ux-visual-audit.md,222,**London Automotive Brand Story Film**,"Historical documentation/audit evidence; retained as a record, not current Route 04 or a relationship claim."
docs/phase-2-5-commercial-ux-visual-audit.md,271,"The current homepage Entertainment image is an editorial portrait. It is visually distinctive but proves editorial production more than live execution. If later testing shows the site still feels too photography-led, a live event or stage image would communicate commercial scale more directly. This is a media-selection P2/P1 test, not a truth defect.","Historical documentation/audit evidence; retained as a record, not current Route 04 or a relationship claim."
docs/phase-2-commercial-architecture-implementation.md,226,- London Automotive Brand Story Film,"Historical documentation/audit evidence; retained as a record, not current Route 04 or a relationship claim."
docs/phase-2-commercial-architecture-implementation.md,253,"Public wording only states that Venus Bridge Media can define a dependency and coordinate appropriately qualified independent advisers appointed for a project. It does not claim a vetted, certified, fixed or official partner ecosystem.","Historical documentation/audit evidence; retained as a record, not current Route 04 or a relationship claim."
docs/phase-3-1-commercial-audit.md,26,"The public portfolio directly proves event/exhibition content, automotive photography, UK-located brand-content production and fashion/beauty image production. It provides adjacent operating proof for talent/styling coordination and multi-component brand activation. It does not directly prove institutional partnerships, academic programmes, endorsement, complete event orchestration or measurable brand outcomes.","Historical documentation/audit evidence; retained as a record, not current Route 04 or a relationship claim."
docs/phase-3-1-commercial-audit.md,57,"The current execution order begins CATL, BYD, Changan. Use a fixed strategic order: Changan, BYD, CATL, Leapmotor, London Automotive Brand Story Film, followed by automotive road/lifestyle and then fashion/beauty capability evidence. This places major European commercial environments before purely visual production evidence.","Historical documentation/audit evidence; retained as a record, not current Route 04 or a relationship claim."
docs/phase-3-1-final-report.md,29,"[event and exhibition content capture; automotive photography; UK-located brand-film and interview imagery; fashion, apparel and beauty image production; event-presence plus production orchestration]","Historical documentation/audit evidence; retained as a record, not current Route 04 or a relationship claim."
docs/phase-3-1-owner-evidence-pipeline.md,58,"- Venus Bridge role, separated into strategy, coordination, staffing, production, photography, film and handoff as applicable.","Historical documentation/audit evidence; retained as a record, not current Route 04 or a relationship claim."
docs/phase-3-1-owner-evidence-pipeline.md,60,- Photography/video rights and any attendee-release constraints.,"Historical documentation/audit evidence; retained as a record, not current Route 04 or a relationship claim."
docs/phase-3-1-owner-evidence-pipeline.md,88,"- Exact production scope: direction, photography, film, crew, casting, styling, locations, post-production and delivery.","Historical documentation/audit evidence; retained as a record, not current Route 04 or a relationship claim."
docs/phase-3-1-persona-commercial-test.md,12,"- **Likely hesitation:** Whether Venus Bridge can currently identify an appropriate participant and coordinate the engagement, not only film it.","Historical documentation/audit evidence; retained as a record, not current Route 04 or a relationship claim."
docs/phase-3-1-persona-commercial-test.md,48,"- **10-second interpretation:** Venus Bridge can execute UK-located photography, film, interviews or event documentation and deliver reusable commercial assets.","Historical documentation/audit evidence; retained as a record, not current Route 04 or a relationship claim."
docs/phase-3-1-persona-commercial-test.md,49,- **Trust section:** UK Brand Content Production and the London automotive film/event cases.,"Historical documentation/audit evidence; retained as a record, not current Route 04 or a relationship claim."
docs/phase-3-1-proof-matrix.md,18,"| Institutional & Expert Collaboration     | Venus Bridge can document a professional conversation through interviews, photography or film.      | London Automotive Brand Story Film: interview imagery and UK-located brand-content capture.                                                                                        | Rights-approved project record                               | Website, media and copyright approval recorded                                         | Level B                                                            | Yes, as adjacent production proof only           | Capabilities programme proof              | “Adjacent proof: UK-located interview and brand-content production.”                                                                  | Does not prove an expert or academic participant.                                                   |","Historical documentation/audit evidence; retained as a record, not current Route 04 or a relationship claim."
docs/phase-3-1-proof-matrix.md,19,"| Industry Presence & Events               | Venus Bridge delivers event and exhibition content capture.                                         | Changan 2025, BYD BD11 London, CATL Open Day 2025, Leapmotor IAA 2023.                                                                                                             | Rights-approved named execution cases                        | Website, media and copyright approval recorded                                         | Level A                                                            | Yes                                              | Early proof, Work, case pages             | Use exact labels: event documentation, launch content, exhibition content, automotive photography.                                    | None for the narrow capture claim.                                                                  |","Historical documentation/audit evidence; retained as a record, not current Route 04 or a relationship claim."
docs/phase-3-1-proof-matrix.md,24,"| Creative Production & Brand Assets       | Venus Bridge delivers automotive photography, event imagery and exhibition content.                 | Changan, BYD, CATL and Leapmotor cases.                                                                                                                                            | Rights-approved named execution cases                        | Website, media and copyright approval recorded                                         | Level A                                                            | Yes                                              | Homepage, Work, case pages, project types | Use each case’s existing narrow role labels.                                                                                          | None for the recorded production roles.                                                             |","Historical documentation/audit evidence; retained as a record, not current Route 04 or a relationship claim."
docs/phase-3-1-proof-matrix.md,25,"| Creative Production & Brand Assets       | Venus Bridge delivers UK-located brand-film and interview imagery.                                  | London Automotive Brand Story Film.                                                                                                                                                | Rights-approved named execution case                         | Website, media and copyright approval recorded                                         | Level A                                                            | Yes                                              | Selected Work; programme proof            | “On-location visual content production and automotive brand-content capture.”                                                         | No verified campaign result or distribution KPI.                                                    |","Historical documentation/audit evidence; retained as a record, not current Route 04 or a relationship claim."
docs/phase-3-1-proof-matrix.md,26,"| Creative Production & Brand Assets       | Venus Bridge delivers fashion, apparel and beauty image production.                                 | Teal Editorial, Commercial Fashion & Apparel, Creative Beauty & Makeup.                                                                                                            | Rights-approved capability evidence                          | Website, media and copyright approval recorded; unnamed client/talent                  | Level A for image production; Level B for wider campaign ownership | Yes, at the narrow level                         | Work capability evidence                  | Photography, visual-content production and styling/talent-facing production only.                                                     | No named brand campaign or measured outcome.                                                        |","Historical documentation/audit evidence; retained as a record, not current Route 04 or a relationship claim."
docs/phase-3-1-proof-matrix.md,39,"6. Engagement, participation, commissioned work, sponsorship, official partnership and endorsement are never treated as synonyms.","Historical documentation/audit evidence; retained as a record, not current Route 04 or a relationship claim."
docs/phase-3-2-case-placement-system.md,33,- A permissioned institution/expert + company case should replace the adjacent London brand-film proof for International Credibility.,"Historical documentation/audit evidence; retained as a record, not current Route 04 or a relationship claim."
docs/phase-3-2-case-placement-system.md,64,"No logo wall is generated from the register. A logo requires explicit permission, clear relationship wording, recognition and commercial relevance. Attendance, venue access, photography or third-party participation cannot become “As seen at”, “Partnered with”, “Trusted by” or “Worked with” without evidence for that exact claim.","Historical documentation/audit evidence; retained as a record, not current Route 04 or a relationship claim."
docs/phase-3-2-case-schema.md,82,"Event records have fields for the event context, city/country, booth or activation scope, staffing, talent, creators, executive content, photography, video, stakeholder content, China-facing outputs and client-facing deliverables. Empty fields remain empty. A photography record cannot be expanded into full event ownership without verification.","Historical documentation/audit evidence; retained as a record, not current Route 04 or a relationship claim."
docs/phase-3-2-evidence-register.md,11,"| Leapmotor at IAA Mobility 2023, Munich       | A_DIRECT_VERIFIED                                                                        | Industry Presence           | UK Industry Presence Project                                   | Industry Presence & Events; Creative Production & Brand Assets               | Homepage Selected Work; Work index; dedicated case                                 | Current registry approvals are true; re-confirm event-name and brand-name reuse             | CORE               | Photography is proven; exhibition support, staffing and commercial outcomes are not                  | Supply exact commission, deliverables and event-role evidence                                                                               |","Historical documentation/audit evidence; retained as a record, not current Route 04 or a relationship claim."
docs/phase-3-2-evidence-register.md,12,"| London Automotive Brand Story Film           | A_DIRECT_VERIFIED for production; B_ADJACENT_OPERATING_PROOF for credibility engagement  | International Brand Content | International Credibility Project; UK Brand Content Production | Creative Production & Brand Assets                                           | Homepage Selected Work; Capabilities credibility proof; Work index; dedicated case | Current registry approvals are true; re-confirm interview participant and usage permissions | CORE               | Does not prove an expert/academic engagement or measurable brand outcome                             | Supply objective, interview/participant context, final deliverables and usage evidence                                                      |","Historical documentation/audit evidence; retained as a record, not current Route 04 or a relationship claim."
docs/phase-3-2-final-report.md,40,"[Changan European Brand Launch 2025; BYD BD11 Double-Decker Bus Launch, London; CATL Open Day 2025; Leapmotor at IAA Mobility 2023; London Automotive Brand Story Film]","Historical documentation/audit evidence; retained as a record, not current Route 04 or a relationship claim."
docs/phase-3-2-proof-gap-analysis.md,11,"| Industry Presence & Events               | STRONG         | Multiple Level A automotive launch, exhibition and event-content records in credible European/UK environments | Complete event strategy, staffing, guest programme, stakeholder outcomes and broad local execution remain unproved | A trade show or industry event case documenting the full verified local scope beyond photography                                                                        |","Historical documentation/audit evidence; retained as a record, not current Route 04 or a relationship claim."
docs/phase-3-2-proof-gap-analysis.md,13,"| Creative Production & Brand Assets       | STRONG         | Level A automotive, event, brand-film, fashion and beauty production                                          | Approved distribution context, deliverable quantities and measured commercial outcomes are generally absent        | A UK production case with a clear client objective, multi-format delivery and approved China-facing commercial use                                                      |","Historical documentation/audit evidence; retained as a record, not current Route 04 or a relationship claim."
docs/phase-3-2-proof-gap-analysis.md,19,"| International Credibility Project | WEAK           | London interview/brand-film production is adjacent proof                                            | No Level A expert, academic or institutional engagement case                             | Industry event + executive + expert, or institution/expert + company, with approved relationship wording |","Historical documentation/audit evidence; retained as a record, not current Route 04 or a relationship claim."
docs/phase-3-2-proof-gap-analysis.md,22,"| UK Brand Content Production       | STRONG         | London brand film, event imagery and multiple commercial photography records                        | Distribution, usage and measurable business relevance are under-documented               | UK production + approved China-facing commercial assets and usage evidence                               |","Historical documentation/audit evidence; retained as a record, not current Route 04 or a relationship claim."
docs/phase-3-2b-client-psychology-test.md,33,"Expected conclusion: ""They can create high-quality international assets, but they are more than a photography company.""","Historical documentation/audit evidence; retained as a record, not current Route 04 or a relationship claim."
docs/phase-3-2b-client-psychology-test.md,37,"The presentation combines commercial environments, relationship/process capability and creative output. Photography is evidence of execution quality rather than the primary category.","Historical documentation/audit evidence; retained as a record, not current Route 04 or a relationship claim."
docs/phase-3-2b-client-psychology-test.md,42,- Photography-studio perception: LOW,"Historical documentation/audit evidence; retained as a record, not current Route 04 or a relationship claim."
docs/phase-3-2b-final-report.md,39,Photography-studio perception:,"Historical documentation/audit evidence; retained as a record, not current Route 04 or a relationship claim."
docs/phase-3-2c-client-language-audit.md,15,"| Capabilities image labels | Visual Proof / Relationship & Knowledge Proof / Process Proof            | INTERNAL LANGUAGE | Remove as primary labels; use contextual labels such as Technology Environment, Creator Activation, Film & Content | 移除“证明”分类，改用技术场景、创作者激活、影片与内容等客户语言 | Proof types remain internal metadata                             |","Historical documentation/audit evidence; retained as a record, not current Route 04 or a relationship claim."
docs/phase-3-2c-experience-redesign-plan.md,9,"**Media strategy:** balance Changan, robotics, interview/people, creator product, CATL, Teal and London film.","Historical documentation/audit evidence; retained as a record, not current Route 04 or a relationship claim."
docs/phase-3-2c-experience-redesign-plan.md,21,**Media strategy:** text-only institutional; Changan/CATL/Leapmotor/robotics/design talk for Industry; creator/product/fashion frames for People; film/interview/event/beauty output for Production.,"Historical documentation/audit evidence; retained as a record, not current Route 04 or a relationship claim."
docs/phase-3-2c-experience-redesign-plan.md,33,"**Media strategy:** named public projects only; Changan, CATL, Teal and London film lead.","Historical documentation/audit evidence; retained as a record, not current Route 04 or a relationship claim."
docs/phase-3-2c-final-commercial-visual-audit.md,54,| Photography studio                | LOW          |,"Historical documentation/audit evidence; retained as a record, not current Route 04 or a relationship claim."
docs/phase-3-2c-full-portfolio-visual-audit.md,49,"| `london-automotive-brand-film-01-hero` to `07-gallery`                                                                                                                                                                                                                                   | `media/art-directed/`                                       |          7; 1600×900–1067; landscape | London automotive brand film; UK location, interview, city context and production frames |   8 |   8 |   8 |   9 |   8 |   9 |   8 |   9 |   8 |   7 | FEATURED for the activity-to-assets story                          |","Historical documentation/audit evidence; retained as a record, not current Route 04 or a relationship claim."
docs/phase-3-2c-full-portfolio-visual-audit.md,70,"| London automotive brand film | Creative Production                                     | UK Brand Content; International Credibility                | VISUAL / PROCESS / EXECUTION | Marketing directors and content teams                         | Brand/product/participants; approved case, LOW                                                               | Film frames are wide and crop-resilient; subtitles must not be cut                  | Home Selected Work, Work/case, Capabilities                    | Repeated but supports a different role from event cases                   | Use to explain the asset engine and case video-led grammar                                                         |","Historical documentation/audit evidence; retained as a record, not current Route 04 or a relationship claim."
docs/phase-3-2c-full-portfolio-visual-audit.md,121,- London automotive brand film — activity-to-assets narrative.,"Historical documentation/audit evidence; retained as a record, not current Route 04 or a relationship claim."
docs/phase-3-2c-media-strategy-matrix.md,9,"| Homepage Outcomes              | `vbm-024`, `vbm-003`, `vbm-015`, London brand-film `03-gallery`                                              | Connects credibility, industry presence, people and transferable assets to an immediately legible scene                                 | Keyboard/touch selection; content remains legible without interaction                                                         |","Historical documentation/audit evidence; retained as a record, not current Route 04 or a relationship claim."
docs/phase-3-2c-media-strategy-matrix.md,10,| Homepage Capabilities          | Institutional text-only; Leapmotor `01-hero`; `vbm-013`; London brand-film `01-hero`                         | Gives each capability a distinct preview while refusing fake institutional imagery                                                      | No campus/stock images; talent is shown inside an activation context                                                          |,"Historical documentation/audit evidence; retained as a record, not current Route 04 or a relationship claim."
docs/phase-3-2c-media-strategy-matrix.md,11,"| Homepage Selected Work         | CATL, Teal editorial, London automotive brand film                                                           | Provides energy/technology, talent-led creative and integrated content range                                                            | Use different frames from Hero/Early Proof                                                                                    |","Historical documentation/audit evidence; retained as a record, not current Route 04 or a relationship claim."
docs/phase-3-2c-media-strategy-matrix.md,12,| Capabilities Hero              | Institutional typography; `vbm-003`; `vbm-013`; London brand-film `01-hero`                                  | The index previews the different project worlds without becoming a mega-menu                                                            | First capability deliberately has no image                                                                                    |,"Historical documentation/audit evidence; retained as a record, not current Route 04 or a relationship claim."
docs/phase-3-2c-media-strategy-matrix.md,13,| Institutional Capability       | No media; numbered formats/process plus future `SelectedEngagements` infrastructure                          | Absence of photography becomes intentional editorial credibility                                                                        | Render no engagement row until approved evidence exists                                                                       |,"Historical documentation/audit evidence; retained as a record, not current Route 04 or a relationship claim."
docs/phase-3-2c-media-strategy-matrix.md,16,"| Creative Production Capability | London film `01/03/04`; `vbm-024`; `vbm-015`; Teal `03`; creative beauty `03`; CATL `03`                     | Demonstrates film, interview, creator content, fashion/beauty and event output as one asset engine                                      | Labels describe output types, not unsupported campaign ownership                                                              |","Historical documentation/audit evidence; retained as a record, not current Route 04 or a relationship claim."
docs/phase-3-2c-media-strategy-matrix.md,17,| Work Hero                      | Changan `02-cover`; CATL `03-gallery`; Teal `03-gallery`; London film `02-cover`                             | A visual mosaic opens with four different commercial narratives rather than a governance heading                                        | Named public projects only                                                                                                    |,"Historical documentation/audit evidence; retained as a record, not current Route 04 or a relationship claim."
docs/phase-3-2c-media-strategy-matrix.md,18,"| Work Featured Projects         | Changan, CATL, Teal, London brand film                                                                       | Strongest combined commercial context, strategic breadth, role and conversion value                                                     | Maximum four; use project metadata sparingly                                                                                  |","Historical documentation/audit evidence; retained as a record, not current Route 04 or a relationship claim."
docs/phase-3-2c-media-strategy-matrix.md,24,| London brand-film case hero    | Existing film frame in cinematic mode                                                                        | Supports the activity-to-assets narrative                                                                                               | Preserve subtitles and film text safe areas                                                                                   |,"Historical documentation/audit evidence; retained as a record, not current Route 04 or a relationship claim."
docs/phase-3-2c-page-hero-system.md,51,- `cinematic`: wide event/automotive/brand-film environments.,"Historical documentation/audit evidence; retained as a record, not current Route 04 or a relationship claim."
docs/phase-3-2d-adversarial-design-review.md,11,- P1 — Work brand-film feature: a generic aerial frame did not immediately communicate the commercial story. Fixed with a stronger approved production frame.,"Historical documentation/audit evidence; retained as a record, not current Route 04 or a relationship claim."
docs/phase-3-2d-adversarial-design-review.md,30,"- Photography-studio risk: low; imagery is consistently paired with objectives, roles, outputs and project context.","Historical documentation/audit evidence; retained as a record, not current Route 04 or a relationship claim."
docs/phase-3-2d-art-direction-system.md,12,"It must not resolve into a photography portfolio, talent agency, management-consultancy template, SaaS dashboard, hospitality palette or generic luxury theme.","Historical documentation/audit evidence; retained as a record, not current Route 04 or a relationship claim."
docs/phase-3-2d-media-curation.md,21,"| Outcomes               | interview, robotics, skincare, UK brand-film frames               | each image demonstrates the outcome adjacent to it rather than acting as decoration                      |","Historical documentation/audit evidence; retained as a record, not current Route 04 or a relationship claim."
docs/phase-3-2d-media-curation.md,24,"| Production capability  | film, interview, event and product outputs                        | presents deliverable types in a legible progression                                                      |","Historical documentation/audit evidence; retained as a record, not current Route 04 or a relationship claim."
docs/phase-3-2d-page-redesign-decisions.md,32,- Replaced the weak aerial brand-film frame with a stronger production context.,"Historical documentation/audit evidence; retained as a record, not current Route 04 or a relationship claim."
docs/phase-3-2d-page-redesign-decisions.md,49,- Images replaced in major roles: 2 (Home lead; Work brand-film frame).,"Historical documentation/audit evidence; retained as a record, not current Route 04 or a relationship claim."
docs/phase-3-3-case-evidence-gap-register.md,10,"| BYD BD11, London                           | Named London vehicle-launch photography; vehicle, venue and audience context         | Client project / UK execution           | Original brief and launch objective | Exact commission; date/year; formats and quantities      | Delivery/publication record; commercial use; results            | Promote as early UK proof; state only event documentation and visual capture                   |","Historical documentation/audit evidence; retained as a record, not current Route 04 or a relationship claim."
docs/phase-3-3-case-evidence-gap-register.md,11,"| London Automotive Brand Story Film         | Named BYD UK-location production; London, interview, vehicle and countryside imagery | Client project / UK production          | Approved content objective          | Exact production responsibility; final deliverables      | Usage channels; publication; results                            | Promote as UK production proof; do not imply strategy, interview ownership or campaign results |","Historical documentation/audit evidence; retained as a record, not current Route 04 or a relationship claim."
docs/phase-3-3-case-evidence-gap-register.md,14,"| Leapmotor, IAA Mobility 2023, Munich       | Named exhibition photography                                                         | Client project / European execution     | Supplied brief                      | Exact commission; shoot date; outputs                    | Delivery/publication; outcomes                                  | Supporting Work proof; no exhibition-management claim                                          |","Historical documentation/audit evidence; retained as a record, not current Route 04 or a relationship claim."
docs/phase-3-3-case-evidence-gap-register.md,15,"| European Road & Lifestyle                  | Real automotive photography in Europe; client withheld                               | Client-confidential production evidence | Client objective                    | Client, places, date/year, deliverables                  | Commercial use and outcome                                      | Restore to the Work index as supporting evidence; keep client anonymous                        |","Historical documentation/audit evidence; retained as a record, not current Route 04 or a relationship claim."
docs/phase-3-3-case-evidence-gap-register.md,16,"| Teal Editorial                             | Real fashion photography and visual production                                       | Creative capability                     | Client/campaign objective           | Client, date, location, commissioned roles, deliverables | Usage rights beyond recorded website media; publication/outcome | Retain as creative-capability evidence, not end-to-end activation proof                        |","Historical documentation/audit evidence; retained as a record, not current Route 04 or a relationship claim."
docs/phase-3-3-case-evidence-gap-register.md,22,"The detail template may show confirmed context, activity, role and visible evidence. It must omit unknown objectives, deliverables and outcomes rather than substituting the Venus Bridge role into those fields. Each page should state the supported role boundary so photography or content capture is not read as ownership of the wider event, campaign or strategy.","Historical documentation/audit evidence; retained as a record, not current Route 04 or a relationship claim."
docs/phase-3-3-case-evidence-gap-register.md,26,"The highest-value next intake is the original brief, precise Venus Bridge scope, final output list, delivery/publication proof and approved use context for BYD London, the London brand film, Changan and CATL. Metrics are optional; unsupported metrics must never be inferred.","Historical documentation/audit evidence; retained as a record, not current Route 04 or a relationship claim."
docs/phase-3-3-commercial-ia-plan.md,23,2. Selected project proof: BYD London and London film first; Munich work explicitly labelled European.,"Historical documentation/audit evidence; retained as a record, not current Route 04 or a relationship claim."
docs/phase-3-3-institutional-evidence-register.md,6,"This register separates genuine operating evidence from permission to make a public institutional claim. A portfolio image, a venue sign or a company deck name is not by itself evidence of an official partnership.","Historical documentation/audit evidence; retained as a record, not current Route 04 or a relationship claim."
docs/phase-3-3-institutional-evidence-register.md,10,"| University of Westminster student-film work                                            | `2026-1 Pengchao Wang portfolio_带中文简介.pdf`, p.39, visually checked | Two 2022 film entries are presented under a University of Westminster heading                             | C — adjacent capability evidence                                   | General experience working around academic and emerging-creative environments | Contracting party; course/project relationship; Venus Bridge role; date/location; public naming permission; logo permission; delivery evidence  |","Historical documentation/audit evidence; retained as a record, not current Route 04 or a relationship claim."
docs/phase-3-3-institutional-evidence-register.md,11,"| CEIBS Cambridge module / Primetime Group                                               | same PDF, p.61, visually checked                                        | A 2023 Cambridge-based programme is shown with event, speaker and group photography                       | B — real activity, role not fully evidenced                        | General experience documenting expert and education-led programmes            | Client/commissioning entity; precise role; deliverables; participant and institution naming permission; logo permission; publication evidence   |","Historical documentation/audit evidence; retained as a record, not current Route 04 or a relationship claim."
docs/phase-3-3-institutional-evidence-register.md,20,"- Do not publish “official partner”, “university partner”, endorsement language, institution logos or named relationship tiles.","Historical documentation/audit evidence; retained as a record, not current Route 04 or a relationship claim."
docs/phase-3-3-pre-implementation-commercial-audit.md,9,"**Commercial verdict:** the strategic hypothesis is already implemented in the current communication hierarchy, not merely latent. Credibility is primary, execution is secondary, and access/partnerships are supporting. This is directionally stronger than a broad UK-market-entry claim and materially reduces overpromise. The present constraint is proof alignment: the copy sells institutional access, expert engagement, international credibility and project orchestration, while public evidence overwhelmingly proves photography, event documentation and visual production.","Historical documentation/audit evidence; retained as a record, not current Route 04 or a relationship claim."
docs/phase-3-3-pre-implementation-commercial-audit.md,30,"3. **Evidence:** launches, event photography, brand-film imagery, fashion and beauty production.","Historical documentation/audit evidence; retained as a record, not current Route 04 or a relationship claim."
docs/phase-3-3-pre-implementation-commercial-audit.md,34,"The site sits between a credible B2B project partner and a premium creative/local-execution company, but currently nearer the creative side because the proof is image-led and roles are mostly “capture”, “photography” and “visual content production.”","Historical documentation/audit evidence; retained as a record, not current Route 04 or a relationship claim."
docs/phase-3-3-pre-implementation-commercial-audit.md,55,"| B. Automotive/mobility brand                    | UK/European launch and automotive content partner; Work first                                                | Industry Presence, activation, launch documentation, brand content      | Changan, CATL, BYD and Leapmotor provide strongest recognition; exact responsibility remains narrow                                         | Yes, especially for photography/event content                                       |    9/10 |","Historical documentation/audit evidence; retained as a record, not current Route 04 or a relationship claim."
docs/phase-3-3-pre-implementation-commercial-audit.md,75,"| International Credibility Project | Proposed project type/outcome | Partially | Yes          | Weak: linked brand-film work proves content, not institutional credibility |","Historical documentation/audit evidence; retained as a record, not current Route 04 or a relationship claim."
docs/phase-3-3-pre-implementation-commercial-audit.md,126,"Credibility is **PRIMARY in copy, SECONDARY in proof**. Supporting proof includes real named automotive brands, real events, identifiable locations, real people in technology/industry contexts, a London brand film, and extensive original production imagery. It supports “international activity exists,” but rarely proves that Venus Bridge created the relationship, shaped the commercial objective or generated a subsequent business effect.","Historical documentation/audit evidence; retained as a record, not current Route 04 or a relationship claim."
docs/phase-3-3-pre-implementation-commercial-audit.md,130,"- Strong: Changan, CATL, BYD and Leapmotor activity; London locations; visible event/industry environments; photography/film outputs.","Historical documentation/audit evidence; retained as a record, not current Route 04 or a relationship claim."
docs/phase-3-3-pre-implementation-commercial-audit.md,139,"**Creative-agency perception: 7/10.** Hero imagery, Selected Work, Capabilities and case galleries strongly emphasise photography, fashion, beauty, talent and cinematic editorial treatment. Of nine projects, all are primarily visual-production records; the named automotive roles are event capture, photography and content production.","Historical documentation/audit evidence; retained as a record, not current Route 04 or a relationship claim."
docs/phase-3-3-pre-implementation-commercial-audit.md,151,"**Defensibility: C. PARTIALLY DEFENSIBLE.** Strong UK evidence exists: BYD BD11 in London and the London/England automotive brand film; London-based delivery is governed. Real people, production and brand environments are visible.","Historical documentation/audit evidence; retained as a record, not current Route 04 or a relationship claim."
docs/phase-3-3-pre-implementation-commercial-audit.md,176,"| Changan 2025 Munich                       | Client, visual, execution, participation | A        | Home, Work, industry presence         | Medium: “UK” label; role limited to capture/photography                              |","Historical documentation/audit evidence; retained as a record, not current Route 04 or a relationship claim."
docs/phase-3-3-pre-implementation-commercial-audit.md,180,"| London automotive film (BYD in registry)  | Client, UK location, production          | A/B      | Home, content                         | Medium: public title anonymises brand while registry names BYD                       |","Historical documentation/audit evidence; retained as a record, not current Route 04 or a relationship claim."
docs/phase-3-3-pre-implementation-commercial-audit.md,201,| London Automotive Brand Film |            7 |                    8 |     8 |      9 |           7 |                  8 |,"Historical documentation/audit evidence; retained as a record, not current Route 04 or a relationship claim."
docs/phase-3-3-pre-implementation-commercial-audit.md,207,"Strongest ranking: **BYD BD11, Changan, CATL, Leapmotor, London Automotive Brand Film.** These are also the strongest five commercial proofs. The current Work index shows eight projects and omits European Road & Lifestyle while its detail route remains sitemap-indexed.","Historical documentation/audit evidence; retained as a record, not current Route 04 or a relationship claim."
docs/phase-3-3-pre-implementation-commercial-audit.md,211,"Selected Work is ranked by a **balanced visual/commercial logic**, but visual variety sometimes wins over proof strength. Featured: Changan, CATL, Teal, London Film. Supporting: Leapmotor, BYD, Commercial Fashion, Creative Beauty.","Historical documentation/audit evidence; retained as a record, not current Route 04 or a relationship claim."
docs/phase-3-3-pre-implementation-commercial-audit.md,218,| London film      |                8 |      9 |                   9 |            7 |          8 |,"Historical documentation/audit evidence; retained as a record, not current Route 04 or a relationship claim."
docs/phase-3-3-pre-implementation-commercial-audit.md,342,"4. **PR agency:** tangible production and event delivery; no earned-media/PR claim, correctly.","Historical documentation/audit evidence; retained as a record, not current Route 04 or a relationship claim."
docs/phase-3-3-pre-implementation-commercial-audit.md,376,"**Commercially strong proof images:** identifiable Changan/CATL stages, BYD vehicle/location, Leapmotor exhibition, London street/vehicle film. They show client, environment and real activity.","Historical documentation/audit evidence; retained as a record, not current Route 04 or a relationship claim."
docs/phase-3-4-final-report.md,11,"- Priority evidence: BYD London, London automotive film, Changan, CATL and Leapmotor now expose evidence-supported Objective, Execution and Evidence Created fields. Unknown deliverables, commercial use and outcomes remain omitted.","Historical documentation/audit evidence; retained as a record, not current Route 04 or a relationship claim."
docs/phase-3-4-final-report.md,63,"The highest-value missing evidence is a client-approved, commercially complete UK case record—preferably BYD London or the London automotive film—with the original brief, exact contracted scope, real deliverables, approved usage channels and any provable repeat/follow-up value.","Historical documentation/audit evidence; retained as a record, not current Route 04 or a relationship claim."
docs/phase-3-4-priority-case-evidence-requests.md,40,"- exact role beyond the currently supported photography/content capture, if any;","Historical documentation/audit evidence; retained as a record, not current Route 04 or a relationship claim."
docs/phase-3-4-priority-case-evidence-requests.md,67,- exact photography/documentation scope;,"Historical documentation/audit evidence; retained as a record, not current Route 04 or a relationship claim."
docs/phase-3-copy-system.md,42,"| Create Proof That Travels       | 让海外成果持续产生价值   | Turn UK activity into reusable photography, film, interviews and stakeholder assets.  |","Historical documentation/audit evidence; retained as a record, not current Route 04 or a relationship claim."
docs/phase-3-copy-system.md,60,"Convert UK activity into commercial photography, films, interviews, event coverage, social content and stakeholder material designed for continued use in China, Asia and international conversations.","Historical documentation/audit evidence; retained as a record, not current Route 04 or a relationship claim."
docs/phase-3-copy-system.md,82,"Do not publish: end-to-end market entry, one-stop expansion, full lifecycle internationalisation, ecosystem empowerment, seamless solution, university endorsement, international backing, official partner, strategic adviser, full campaign agency, or equivalent Chinese claims such as 一站式出海、全链路出海、出海闭环 and 全球资源赋能 without specific proof.","Historical documentation/audit evidence; retained as a record, not current Route 04 or a relationship claim."
docs/phase-3-copy-system.md,93,"Institutional endorsement, official partnership, client-agency status, campaign ownership, KPIs and regulatory capability default to NOT SAFE TO PUBLISH until documented.","Historical documentation/audit evidence; retained as a record, not current Route 04 or a relationship claim."
docs/phase-3-final-commercial-audit.md,42,"Partially and credibly. Changan, BYD, CATL and Leapmotor support industry presence, event/exhibition documentation and creative execution. The London automotive film and anonymous fashion/beauty records support creative production and talent/styling capability. They do not yet prove institutional/expert collaboration or strategic commercial outcomes, and the site does not imply otherwise.","Historical documentation/audit evidence; retained as a record, not current Route 04 or a relationship claim."
docs/phase-3-strategic-repositioning-audit.md,12,"The current promise places market-entry strategy, compliance responsibility, specialist referrals, localisation, launch readiness and local delivery beside proven creative/event execution. This can reasonably be read as responsibility for legal, tax, certification, logistics, distribution and long-term market operations. The public proof set supports photography, event/exhibition documentation, UK-located production and brand-content execution; it does not support ownership of the full market-entry lifecycle.","Historical documentation/audit evidence; retained as a record, not current Route 04 or a relationship claim."
docs/phase-3-strategic-repositioning-audit.md,39,"- UK-located photography, film, interviews and brand-content production","Historical documentation/audit evidence; retained as a record, not current Route 04 or a relationship claim."
docs/phase-3-strategic-repositioning-audit.md,49,- Changan European Brand Launch 2025: event and brand-content capture; automotive launch photography.,"Historical documentation/audit evidence; retained as a record, not current Route 04 or a relationship claim."
docs/phase-3-strategic-repositioning-audit.md,50,- BYD BD11 London: event documentation; photography and visual-content capture.,"Historical documentation/audit evidence; retained as a record, not current Route 04 or a relationship claim."
docs/phase-3-strategic-repositioning-audit.md,51,- CATL Open Day 2025: event and brand-content capture; photography and visual-content production.,"Historical documentation/audit evidence; retained as a record, not current Route 04 or a relationship claim."
docs/phase-3-strategic-repositioning-audit.md,52,- Leapmotor at IAA Mobility 2023: exhibition-content capture; automotive photography.,"Historical documentation/audit evidence; retained as a record, not current Route 04 or a relationship claim."
docs/phase-3-strategic-repositioning-audit.md,53,- London Automotive Brand Story Film: on-location visual-content production; automotive brand-content capture.,"Historical documentation/audit evidence; retained as a record, not current Route 04 or a relationship claim."
docs/phase-4-commercial-architecture-visual-system.md,42,"- Hero LCP: BYD BD11 London launch, chosen for recognisable product, event and UK evidence without baked-in film titles.","Historical documentation/audit evidence; retained as a record, not current Route 04 or a relationship claim."
docs/phase-4-commercial-architecture-visual-system.md,82,"- BYD, Changan, CATL and Leapmotor are described only using approved photography/content roles; no event ownership, market-entry ownership or commercial result is implied.","Historical documentation/audit evidence; retained as a record, not current Route 04 or a relationship claim."
docs/phase-5-dual-audience-commercial-architecture.md,20,"- Work places BYD, Changan, CATL, Leapmotor and the London automotive film before selected creative production.","Historical documentation/audit evidence; retained as a record, not current Route 04 or a relationship claim."
docs/phase-6-creative-audit.md,44,"The visual language now uses production codes, timecodes, shot labels, aspect-ratio notes, contact-sheet compositions, project disclosures, process numbering and restrained editorial rails. These elements communicate how production is planned and handed off rather than operating as decorative film styling.","Historical documentation/audit evidence; retained as a record, not current Route 04 or a relationship claim."
docs/phase-7-motion-refinement.md,7,"- Commercial Production: reel, film frame and format transformation.","Historical documentation/audit evidence; retained as a record, not current Route 04 or a relationship claim."
docs/phase-9-venus-bridge-brand-refresh.md,61,No approved public Hero photography was available. The old unrelated placeholder geometry was therefore replaced with a **Production System Canvas** containing four connected capability nodes:,"Historical documentation/audit evidence; retained as a record, not current Route 04 or a relationship claim."
docs/portfolio-content-review.md,7,"| CATL Open Day 2025, Munich                   | `car.pdf`, p.2                         | Munich / 2025 / CATL                          | Automotive launch event photography       | Event and brand content capture; photography and visual content production | Client brief, quantities, outcome                               | Selected Projects     | No           | `catl-open-day-2025-01-hero` + 6 gallery assets           |","Historical documentation/audit evidence; retained as a record, not current Route 04 or a relationship claim."
docs/portfolio-content-review.md,8,"| BYD BD11 Double-Decker Bus Launch, London    | `car.pdf`, p.3                         | London / year not stated / BYD                | Vehicle launch event photography          | Event documentation; photography and visual content capture                | Exact date, brief, quantities, outcome                          | Production Experience | No           | `byd-bd11-london-01-hero` + 6 gallery assets              |","Historical documentation/audit evidence; retained as a record, not current Route 04 or a relationship claim."
docs/portfolio-content-review.md,9,"| Changan European Brand Launch 2025, Munich   | `car.pdf`, p.4                         | Munich / 2025 / Changan                       | European brand launch visual production   | Event and brand content capture; automotive launch photography             | Client brief, quantities, outcome                               | Selected Projects     | Yes, order 1 | `changan-europe-launch-2025-01-hero` + 6 gallery assets   |","Historical documentation/audit evidence; retained as a record, not current Route 04 or a relationship claim."
docs/portfolio-content-review.md,10,"| Leapmotor at IAA Mobility 2023, Munich       | `car.pdf`, p.5                         | Munich / 2023 / Leapmotor                     | Automotive exhibition photography         | Exhibition content capture; automotive photography                         | Client brief, quantities, outcome                               | Selected Projects     | No           | `leapmotor-iaa-2023-01-hero` + 6 gallery assets           |","Historical documentation/audit evidence; retained as a record, not current Route 04 or a relationship claim."
docs/portfolio-content-review.md,11,"| London Automotive Brand Story Film           | `car.pdf`, p.6 and curated asset index | London and England / year not stated / BYD    | Automotive brand-film imagery             | On-location visual content production; automotive brand content capture    | Year, brief, exact deliverables, outcome                        | Production Experience | Yes, order 3 | `london-automotive-brand-film-01-hero` + 6 gallery assets |","Historical documentation/audit evidence; retained as a record, not current Route 04 or a relationship claim."
docs/portfolio-content-review.md,12,"| European Automotive Road & Lifestyle Content | `car.pdf`, pp.7–8                      | Europe / year not stated / brand not stated   | Road and lifestyle automotive photography | Automotive campaign imagery; on-location photography                       | Client name, exact location, year, brief, deliverables, outcome | Production Experience | No           | `european-road-lifestyle-01-hero` + 6 gallery assets      |","Historical documentation/audit evidence; retained as a record, not current Route 04 or a relationship claim."
docs/portfolio-content-review.md,13,"| Teal Editorial Fashion Series                | `fashion.pdf`, visual review           | Place, year and public client name not stated | Editorial fashion photography             | Photography; fashion visual content production                             | Project identity, date, location, brief, deliverables, outcome  | Production Experience | Yes, order 2 | `teal-editorial-series-01-hero` + 6 gallery assets        |","Historical documentation/audit evidence; retained as a record, not current Route 04 or a relationship claim."
docs/portfolio-content-review.md,14,"| Commercial Fashion & Apparel Image Series    | `fashion.pdf`, visual review           | Place, year and public client name not stated | Commercial fashion and apparel imagery    | Photography; visual content production                                     | Project identity, date, location, brief, deliverables, outcome  | Production Experience | No           | `commercial-fashion-styling-01-hero` + 7 gallery assets   |","Historical documentation/audit evidence; retained as a record, not current Route 04 or a relationship claim."
docs/portfolio-content-review.md,15,"| Creative Beauty & Makeup Image Series        | `fashion.pdf`, visual review           | Place, year and public client name not stated | Creative beauty and makeup photography    | Photography; beauty visual content production                              | Project identity, date, location, brief, deliverables, outcome  | Production Experience | No           | `creative-beauty-makeup-01-hero` + 3 gallery assets       |","Historical documentation/audit evidence; retained as a record, not current Route 04 or a relationship claim."
docs/portfolio-image-placement-map.md,35,|  29 | 01_automotive_cases/05_byd_overseas_brand_film_london/01_05_byd_overseas_brand_film_london_065.jpg               | /media/portfolio/automotive/london-automotive-brand-film/01-hero.webp<br>/media/portfolio/automotive/london-automotive-brand-film/01-hero.avif<br>/media/portfolio/automotive/london-automotive-brand-film/01-hero-mobile.webp<br>/media/portfolio/automotive/london-automotive-brand-film/01-hero-thumb.webp                                                     | london-automotive-brand-film | /work/london-automotive-brand-film<br>/industries/automotive<br>/services/events-exhibitions<br>/         | hero    | 952:536      | 50% 50%      | 50% 50%     | London street frame with a red bus from an automotive brand film.<br>伦敦汽车品牌故事影片现场画面。                 | WebP 54 KB<br>AVIF 44 KB<br>mobile 44 KB<br>thumb 25 KB    |,"Historical documentation/audit evidence; retained as a record, not current Route 04 or a relationship claim."
docs/portfolio-image-placement-map.md,36,|  30 | 01_automotive_cases/05_byd_overseas_brand_film_london/11_05_byd_overseas_brand_film_london_075.jpg               | /media/portfolio/automotive/london-automotive-brand-film/02-cover.webp<br>/media/portfolio/automotive/london-automotive-brand-film/02-cover.avif<br>/media/portfolio/automotive/london-automotive-brand-film/02-cover-mobile.webp<br>/media/portfolio/automotive/london-automotive-brand-film/02-cover-thumb.webp                                                 | london-automotive-brand-film | /work/london-automotive-brand-film<br>/industries/automotive<br>/services/events-exhibitions<br>/         | cover   | 952:513      | 50% 50%      | 50% 50%     | Aerial view of an automotive gathering in the English countryside.<br>伦敦汽车品牌故事影片现场画面。                | WebP 106 KB<br>AVIF 92 KB<br>mobile 85 KB<br>thumb 41 KB   |,"Historical documentation/audit evidence; retained as a record, not current Route 04 or a relationship claim."
docs/portfolio-image-placement-map.md,37,|  31 | 01_automotive_cases/05_byd_overseas_brand_film_london/03_05_byd_overseas_brand_film_london_067.jpg               | /media/portfolio/automotive/london-automotive-brand-film/03-gallery.webp<br>/media/portfolio/automotive/london-automotive-brand-film/03-gallery.avif<br>/media/portfolio/automotive/london-automotive-brand-film/03-gallery-mobile.webp<br>/media/portfolio/automotive/london-automotive-brand-film/03-gallery-thumb.webp                                         | london-automotive-brand-film | /work/london-automotive-brand-film<br>/industries/automotive<br>/services/events-exhibitions<br>/         | gallery | 952:536      | 50% 50%      | 50% 50%     | Interview subject standing beside an electric vehicle.<br>伦敦汽车品牌故事影片现场画面。                            | WebP 45 KB<br>AVIF 35 KB<br>mobile 38 KB<br>thumb 22 KB    |,"Historical documentation/audit evidence; retained as a record, not current Route 04 or a relationship claim."
docs/portfolio-image-placement-map.md,38,|  32 | 01_automotive_cases/05_byd_overseas_brand_film_london/06_05_byd_overseas_brand_film_london_070.jpg               | /media/portfolio/automotive/london-automotive-brand-film/04-gallery.webp<br>/media/portfolio/automotive/london-automotive-brand-film/04-gallery.avif<br>/media/portfolio/automotive/london-automotive-brand-film/04-gallery-mobile.webp<br>/media/portfolio/automotive/london-automotive-brand-film/04-gallery-thumb.webp                                         | london-automotive-brand-film | /work/london-automotive-brand-film<br>/industries/automotive<br>/services/events-exhibitions<br>/         | gallery | 952:536      | 50% 50%      | 50% 50%     | Aerial city view used within the London automotive story.<br>伦敦汽车品牌故事影片现场画面。                         | WebP 91 KB<br>AVIF 80 KB<br>mobile 74 KB<br>thumb 37 KB    |,"Historical documentation/audit evidence; retained as a record, not current Route 04 or a relationship claim."
docs/portfolio-image-placement-map.md,39,|  33 | 01_automotive_cases/05_byd_overseas_brand_film_london/08_05_byd_overseas_brand_film_london_072.jpg               | /media/portfolio/automotive/london-automotive-brand-film/05-gallery.webp<br>/media/portfolio/automotive/london-automotive-brand-film/05-gallery.avif<br>/media/portfolio/automotive/london-automotive-brand-film/05-gallery-mobile.webp<br>/media/portfolio/automotive/london-automotive-brand-film/05-gallery-thumb.webp                                         | london-automotive-brand-film | /work/london-automotive-brand-film<br>/industries/automotive<br>/services/events-exhibitions<br>/         | gallery | 952:536      | 50% 50%      | 50% 50%     | Aerial view of vehicles and a painted venue building.<br>伦敦汽车品牌故事影片现场画面。                             | WebP 21 KB<br>AVIF 15 KB<br>mobile 18 KB<br>thumb 10 KB    |,"Historical documentation/audit evidence; retained as a record, not current Route 04 or a relationship claim."
docs/portfolio-image-placement-map.md,40,|  34 | 01_automotive_cases/05_byd_overseas_brand_film_london/14_05_byd_overseas_brand_film_london_078.jpg               | /media/portfolio/automotive/london-automotive-brand-film/06-gallery.webp<br>/media/portfolio/automotive/london-automotive-brand-film/06-gallery.avif<br>/media/portfolio/automotive/london-automotive-brand-film/06-gallery-mobile.webp<br>/media/portfolio/automotive/london-automotive-brand-film/06-gallery-thumb.webp                                         | london-automotive-brand-film | /work/london-automotive-brand-film<br>/industries/automotive<br>/services/events-exhibitions<br>/         | gallery | 952:536      | 50% 50%      | 50% 50%     | Electric vehicle driving through a London street.<br>伦敦汽车品牌故事影片现场画面。                                 | WebP 86 KB<br>AVIF 75 KB<br>mobile 74 KB<br>thumb 41 KB    |,"Historical documentation/audit evidence; retained as a record, not current Route 04 or a relationship claim."
docs/portfolio-image-placement-map.md,41,|  35 | 01_automotive_cases/05_byd_overseas_brand_film_london/16_05_byd_overseas_brand_film_london_080.jpg               | /media/portfolio/automotive/london-automotive-brand-film/07-gallery.webp<br>/media/portfolio/automotive/london-automotive-brand-film/07-gallery.avif<br>/media/portfolio/automotive/london-automotive-brand-film/07-gallery-mobile.webp<br>/media/portfolio/automotive/london-automotive-brand-film/07-gallery-thumb.webp                                         | london-automotive-brand-film | /work/london-automotive-brand-film<br>/industries/automotive<br>/services/events-exhibitions<br>/         | gallery | 952:536      | 50% 50%      | 50% 50%     | Vehicle travelling along a rural road in an aerial film frame.<br>伦敦汽车品牌故事影片现场画面。                    | WebP 104 KB<br>AVIF 90 KB<br>mobile 84 KB<br>thumb 40 KB   |,"Historical documentation/audit evidence; retained as a record, not current Route 04 or a relationship claim."
docs/portfolio-import-report.md,25,| london-automotive-brand-film |                      7 |,"Historical documentation/audit evidence; retained as a record, not current Route 04 or a relationship claim."
docs/portfolio-market-repositioning.md,29,"| BYD, UK localisation (formerly automotive film title) | UK location coordination and local brand presentation        | Product identity grounded in everyday British environments     |","Historical documentation/audit evidence; retained as a record, not current Route 04 or a relationship claim."
docs/portfolio-market-repositioning.md,75,"No matches remain in the canonical project data or Work overview/detail components for photography, videography, filming, camera, shooting, content capture/documentation, event documentation, content/creative/local production, 摄影, 拍摄, 影像制作, 影视制作 or 作品集. Rendered public copy, metadata and image alternative text are also checked by browser regression tests.","Historical documentation/audit evidence; retained as a record, not current Route 04 or a relationship claim."
docs/portfolio-market-repositioning.md,81,- Current partner-service copy in `Phase5AudiencePages.tsx` mentions photography and film as supporting services. It is outside the Work portfolio and is identified here rather than silently changing another audience page.,"Historical documentation/audit evidence; retained as a record, not current Route 04 or a relationship claim."
docs/portfolio-market-repositioning.md,82,"- Asset import/inventory data, source filenames, archived source paths, technical identifiers and old URLs remain intact. For example, `london-automotive-brand-film` stays in the URL to preserve existing links; its displayed title and narrative are market-focused.","Historical documentation/audit evidence; retained as a record, not current Route 04 or a relationship claim."
docs/portfolio-missing-information.md,11,- **London Automotive Brand Story Film:** year and exact dates; precise filming locations; supplied brief; confirmed deliverables; any outcome that may be published.,"Historical documentation/audit evidence; retained as a record, not current Route 04 or a relationship claim."
docs/portfolio-missing-information.md,23,- any named production roles beyond photography/visual content production;,"Historical documentation/audit evidence; retained as a record, not current Route 04 or a relationship claim."
docs/real-media-performance-test.md,51,"- Playwright route fulfilment does not reproduce CDN cache behaviour, real video decoding, colour profiles or codec startup.","Historical documentation/audit evidence; retained as a record, not current Route 04 or a relationship claim."
docs/scalable-commercial-case-evidence-system.md,36,"- Pages at every required breakpoint: homepage, Work, BYD detail and London Automotive Brand Story Film detail.","Historical documentation/audit evidence; retained as a record, not current Route 04 or a relationship claim."
docs/scalable-commercial-case-evidence-system.md,65,12. **Photography-company perception:** 2/10,"Historical documentation/audit evidence; retained as a record, not current Route 04 or a relationship claim."
docs/scalable-commercial-case-evidence-system.md,131,"A future case should be published only when it helps a prospective client identify a relevant business situation and understand Venus Bridge's evidenced responsibility. Records that mainly demonstrate photography, event coverage, production craft or access to people remain supporting evidence until a verified commercial context and role boundary are available.","Historical documentation/audit evidence; retained as a record, not current Route 04 or a relationship claim."
docs/service-page-art-direction.md,5,"Film and photography production desk. Uses a poster-led reel slot, storyboard/contact-sheet media, delivery ratios, timecode and production disciplines. Audio never autoplays.","Historical documentation/audit evidence; retained as a record, not current Route 04 or a relationship claim."
docs/sitewide-commercial-copy-editorial-audit.md,8,"The positioning remains **Cross-Border Collaboration & Market Presence Partner**. The work did not redesign the site, change URLs, alter the Case Evidence System, add service packages or expand any verified claim. Photography, film, events, talent and production remain project methods rather than the company category.","Historical documentation/audit evidence; retained as a record, not current Route 04 or a relationship claim."
docs/sitewide-commercial-copy-editorial-audit.md,121,"- Initial understanding: Venus Bridge will help decide what the local project should be and manage it, rather than sell a predefined event or film package.","Historical documentation/audit evidence; retained as a record, not current Route 04 or a relationship claim."
docs/strategic-website-audit.md,41,- 不是 Cambridge / university official partner platform。,"Historical documentation/audit evidence; retained as a record, not current Route 04 or a relationship claim."
docs/strategic-website-audit.md,190,Photography 不是产品；“UK Brand Content Production”才可能是产品。University introductions 不是 outcome；“为英国创新合作建立一组经过筛选且获准接洽的研究者/机构路径”才是可交付结果。,"Historical documentation/audit evidence; retained as a record, not current Route 04 or a relationship claim."
docs/strategic-website-audit.md,198,3. events / launches / photography supplier；,"Historical documentation/audit evidence; retained as a record, not current Route 04 or a relationship claim."
docs/strategic-website-audit.md,421,| Brand & Localisation                | 中国叙事和素材不适合英国                 | Brand & Content Localisation         | message/asset gap、local brief、content plan                | UK brand-film/fashion proof + 后续结果        | Review UK Readiness       |,"Historical documentation/audit evidence; retained as a record, not current Route 04 or a relationship claim."
docs/strategic-website-audit.md,422,| Creative & Commercial Production    | 本地无人把 brief 转为英国资产            | UK Brand Content Production          | photography、film、interviews、multi-format assets          | 已发布制作项目和 confirmed scope              | Send an Execution Brief   |,"Historical documentation/audit evidence; retained as a record, not current Route 04 or a relationship claim."
docs/strategic-website-audit.md,434,| Capability | Photography、casting、bilingual coordination        | 作为执行手段，不作为一级购买理由       |,"Historical documentation/audit evidence; retained as a record, not current Route 04 or a relationship claim."
docs/strategic-website-audit.md,454,| London automotive brand film   | 英国汽车品牌故事影像       | 伦敦地点、采访、车辆移动、英国乡村的本地化叙事制作         | 中国品牌需要英国语境品牌内容                        | Brand localisation + UK production proof                |,"Historical documentation/audit evidence; retained as a record, not current Route 04 or a relationship claim."
docs/strategic-website-audit.md,747,- 过多 capability photography 会把品牌拉回 production-company category。,"Historical documentation/audit evidence; retained as a record, not current Route 04 or a relationship claim."
docs/strategic-website-audit.md,797,| Photography / video / interviews  | 多项目与媒体                                 | 直接交付或管理                     | 专项 crew 视 brief                        | Promote Now                           | 高                   |,"Historical documentation/audit evidence; retained as a record, not current Route 04 or a relationship claim."
docs/strategic-website-audit.md,801,| Brand localisation                | UK locations、fashion、automotive brand film | 视觉与内容适配                     | 市场研究/linguistic/claims specialists    | Promote Now for content；策略需补证据 | 高                   |,"Historical documentation/audit evidence; retained as a record, not current Route 04 or a relationship claim."
docs/strategic-website-audit.md,822,| Commercial photography / film         | NOW   |        High | 多个公开项目                 | Direct / managed crew          | 核心执行能力               |,"Historical documentation/audit evidence; retained as a record, not current Route 04 or a relationship claim."
docs/venus-bridge-brand-architecture.md,58,"Media is a capability, not the company category. Retain the term where it describes photography, film, interviews, event documentation, paid or social media, launch assets or other genuine outputs. The hierarchy is commercial objective, market and relationship strategy, local execution, then creative or media production where required.","Historical documentation/audit evidence; retained as a record, not current Route 04 or a relationship claim."
docs/venus-bridge-case-placement-matrix.md,33,"| Creative & Commercial Production | Campaign, concert imagery, founder interview, short-form or multi-format delivery              | Production role, crew/scope, formats, review and handoff                          | Final frames plus controlled BTS                           | Personal photography relabelled as a commercial campaign                |","Historical documentation/audit evidence; retained as a record, not current Route 04 or a relationship claim."
docs/venus-bridge-content-diagnosis.md,57,"- **Current purpose:** Explain campaign, photography, film, interview and social production.","Historical documentation/audit evidence; retained as a record, not current Route 04 or a relationship claim."
docs/venus-bridge-content-diagnosis.md,151,"- **Missing proof:** approved clothing, beauty or fashion brand project; personal consumer photography is not sufficient.","Historical documentation/audit evidence; retained as a record, not current Route 04 or a relationship claim."
docs/venus-bridge-content-diagnosis.md,180,"- **Missing deliverables:** reviewed long interview, short cuts, demo film and exhibition assets.","Historical documentation/audit evidence; retained as a record, not current Route 04 or a relationship claim."
docs/venus-bridge-content-diagnosis.md,217,- **Production blocker:** no named member profile or team photography is approved.,"Historical documentation/audit evidence; retained as a record, not current Route 04 or a relationship claim."
docs/venus-bridge-content-diagnosis.md,270,- Consumer makeup/photography presented as a B2B brand campaign.,"Historical documentation/audit evidence; retained as a record, not current Route 04 or a relationship claim."
docs/venus-bridge-content-required.md,39,- [ ] Photography,"Historical documentation/audit evidence; retained as a record, not current Route 04 or a relationship claim."
docs/venus-bridge-content-required.md,40,- [ ] Videography,"Historical documentation/audit evidence; retained as a record, not current Route 04 or a relationship claim."
docs/venus-bridge-content-required.md,74,- Edited films included? Versions:,"Historical documentation/audit evidence; retained as a record, not current Route 04 or a relationship claim."
docs/venus-bridge-content-required.md,144,- [ ] Venue/location filming approval,"Historical documentation/audit evidence; retained as a record, not current Route 04 or a relationship claim."
docs/venus-bridge-content-required.md,174,"- Was hosting, livestream, filming, logistics or client hospitality actually in scope?","Historical documentation/audit evidence; retained as a record, not current Route 04 or a relationship claim."
docs/venus-bridge-global-partnerships-brand-migration.md,42,"No retained occurrence describes Venus Bridge as a media company, photography company or media agency.","Historical documentation/audit evidence; retained as a record, not current Route 04 or a relationship claim."
docs/venus-bridge-market-entry-scope.md,16,"- Brand communications, websites, campaign content, photography, film and interviews.","Historical documentation/audit evidence; retained as a record, not current Route 04 or a relationship claim."
docs/venus-bridge-phase-10-report.md,27,"Events is now Events, PR, Exhibitions & Roadshows. Four structured concept scenarios were added, including a blocked financial-promotion gate for Investor & Strategic Partner Roadshow Production. They remain disclosed scenarios and cannot enter portfolio mode without real evidence and approvals.","Historical documentation/audit evidence; retained as a record, not current Route 04 or a relationship claim."
docs/venus-bridge-roadshow-case-diagnosis.md,15,| Investor & Strategic Partner Roadshow                                                              | E — concept                        | Scenario only            | Not applicable until a real project exists                                               | Not applicable                     | Production Scenarios                | Not a client project                                     | Financial-promotion gate is blocked                          | No         |,"Historical documentation/audit evidence; retained as a record, not current Route 04 or a relationship claim."
docs/venus-bridge-roadshow-scenarios.md,7,"For a first UK launch, multi-city meetings, product presentation and brand experience. Scope can include route and venue planning, guest communications, presenters, talent, suppliers, bilingual live production, photography, film, interviews and post-event handoff. Claims, rights and venue gates must be approved.","Historical documentation/audit evidence; retained as a record, not current Route 04 or a relationship claim."
docs/venus-bridge-roadshow-scenarios.md,9,## 2. Investor & Strategic Partner Roadshow Production,"Historical documentation/audit evidence; retained as a record, not current Route 04 or a relationship claim."
docs/venus-work-commercial-narrative-v2.md,32,"| BYD          | 长标题“BYD BD11 双层公交车伦敦发布”；完整摄影职责在多处重复，再接“后续沟通可用” | **BYD BD11｜伦敦产品发布 / BYD BD11 \| London Product Launch**。主题保留英国公共交通语境；摘要为“团队参与 BD11 发布摄影，涵盖车辆、场地与观众。”／“Launch photography of the BD11, venue and audience.”；完整说明交代这些内容如何保留当地发布背景                            |","Historical documentation/audit evidence; retained as a record, not current Route 04 or a relationship claim."
docs/venus-work-commercial-narrative-v2.md,34,"| 英国汽车影片 | 泛称伦敦汽车品牌影片；正文反复否定成片剪辑／投放，再解释未来参考用途            | **汽车品牌影片｜英国实景 / Automotive Film \| UK Locations**。摘要明确英国实景协调、本地制作与汽车视觉制作；正文对应伦敦街道、采访画面及英格兰乡村。EN：“UK location coordination, local production and automotive imagery.”；不新增剪辑、发行或 campaign 职责               |","Historical documentation/audit evidence; retained as a record, not current Route 04 or a relationship claim."
docs/venus-work-commercial-narrative-v2.md,48,| 英国汽车影片英文详情 | [截图](../audit/commercial-expression/screenshots/en-london-automotive-brand-film-1440.png) | [截图](../audit/commercial-expression/screenshots/en-london-automotive-brand-film-768.png) | [截图](../audit/commercial-expression/screenshots/en-london-automotive-brand-film-390.png) |,"Historical documentation/audit evidence; retained as a record, not current Route 04 or a relationship claim."
docs/visual-architecture-correction-audit.md,7,"The preceding visual-architecture pass applied a single preservation strategy to three different page roles. It placed media inside dark stages, used `contain` or natural-ratio imagery inside fixed presentation areas, and combined primary/supporting images in Work previews. The result protected complete source frames but diminished the photography through letterboxing, nested framing, black matte areas and uneven split compositions.","Historical documentation/audit evidence; retained as a record, not current Route 04 or a relationship claim."
docs/visual-architecture-correction-audit.md,41,"| 05    | `london-automotive-brand-film-01-hero`  | 952×536    | Recognisable London street, vehicle and campaign title; clear UK brand evidence.                       |","Historical documentation/audit evidence; retained as a record, not current Route 04 or a relationship claim."
docs/visual-architecture-correction-audit.md,57,"| London automotive brand film | Seven landscape frames              | Landscape, 952×536       | London bus, street and campaign title with safe full-frame composition                  | `london-automotive-brand-film-01-hero`    | Clearest UK-located brand-film reference.                                                     |","Historical documentation/audit evidence; retained as a record, not current Route 04 or a relationship claim."
e2e/case-study-media-screenshot-audit.spec.ts,13,"""london-automotive-brand-film"",","Tests or tooling referring to legacy service wording, source media or stable identifiers; retained for regression coverage and reproducibility."
e2e/commercial-evidence-university.spec.ts,12,"const detailSlugs = [""byd-bd11-london"", ""london-automotive-brand-film""];","Tests or tooling referring to legacy service wording, source media or stable identifiers; retained for regression coverage and reproducibility."
e2e/editorial-copy-ux.spec.ts,10,"""london-automotive-brand-film"",","Tests or tooling referring to legacy service wording, source media or stable identifiers; retained for regression coverage and reproducibility."
e2e/market-entry.spec.ts,39,"await expect(page.locator(""body"")).not.toContainText(""Investor & Strategic Partner Roadshow Production"");","Tests or tooling referring to legacy service wording, source media or stable identifiers; retained for regression coverage and reproducibility."
e2e/work-commercial-narrative-v2.spec.ts,10,"""london-automotive-brand-film"",","Tests or tooling referring to legacy service wording, source media or stable identifiers; retained for regression coverage and reproducibility."
e2e/work-commercial-narrative-v2.spec.ts,38,/photograph|videograph|filming|content (?:capture|production|documentation)|event documentation|摄影|拍摄|影视制作|作品集|Potential use|事件文档/i,"Tests or tooling referring to legacy service wording, source media or stable identifiers; retained for regression coverage and reproducibility."
e2e/work-commercial-narrative-v2.spec.ts,72,expect(description).not.toMatch(/photograph|videograph|filming|摄影|拍摄/i);,"Tests or tooling referring to legacy service wording, source media or stable identifiers; retained for regression coverage and reproducibility."
e2e/work-commercial-narrative-v2.spec.ts,74,"expect(await image.getAttribute(""alt"")).not.toMatch(/photograph|videograph|filming|摄影|拍摄/i);","Tests or tooling referring to legacy service wording, source media or stable identifiers; retained for regression coverage and reproducibility."
e2e/work-commercial-narrative-v2.spec.ts,150,"await expect(page.locator(""main"")).not.toContainText(/photograph|videograph|filming|摄影|拍摄|作品集/i);","Tests or tooling referring to legacy service wording, source media or stable identifiers; retained for regression coverage and reproducibility."
lib/contact/validation.ts,36,"export const formatKeys = [""photography"", ""video"", ""mixed"", ""event-assets"", ""other""] as const;",Existing form schema/legacy form implementation; current contact journey unchanged.
lib/contact/validation.ts,62,"""filmingEvent""",Existing form schema/legacy form implementation; current contact journey unchanged.
scripts/audit-case-study-media.mjs,19,"""london-automotive-brand-film"",","Tests or tooling referring to legacy service wording, source media or stable identifiers; retained for regression coverage and reproducibility."
scripts/generate-demo-media.mjs,16,"[""landscape-film"", 1600, 900, ""production"", 2],","Tests or tooling referring to legacy service wording, source media or stable identifiers; retained for regression coverage and reproducibility."
scripts/generate-phase13-reports.mjs,123,"The technology page conditionally uses **Academic & Research Connections / 学术、科研与产业联系** only when at least one record passes every gate. With the current empty configuration, the entire section is omitted with no empty state. It is never titled “Official Partners” or “University Partners” by default.","Tests or tooling referring to legacy service wording, source media or stable identifiers; retained for regression coverage and reproducibility."
scripts/generate-phase13-reports.mjs,144,| About Us | Brand logo and graphic system | None | No people imagery until genuine team photography is approved |,"Tests or tooling referring to legacy service wording, source media or stable identifiers; retained for regression coverage and reproducibility."
scripts/import-portfolio-media.mjs,69,"id: ""london-automotive-brand-film"",","Tests or tooling referring to legacy service wording, source media or stable identifiers; retained for regression coverage and reproducibility."
scripts/import-portfolio-media.mjs,71,"sourceDir: ""01_automotive_cases/05_byd_overseas_brand_film_london"",","Tests or tooling referring to legacy service wording, source media or stable identifiers; retained for regression coverage and reproducibility."
scripts/import-portfolio-media.mjs,73,"""01_05_byd_overseas_brand_film_london_065.jpg"",","Tests or tooling referring to legacy service wording, source media or stable identifiers; retained for regression coverage and reproducibility."
scripts/import-portfolio-media.mjs,74,"""11_05_byd_overseas_brand_film_london_075.jpg"",","Tests or tooling referring to legacy service wording, source media or stable identifiers; retained for regression coverage and reproducibility."
scripts/import-portfolio-media.mjs,75,"""03_05_byd_overseas_brand_film_london_067.jpg"",","Tests or tooling referring to legacy service wording, source media or stable identifiers; retained for regression coverage and reproducibility."
scripts/import-portfolio-media.mjs,76,"""06_05_byd_overseas_brand_film_london_070.jpg"",","Tests or tooling referring to legacy service wording, source media or stable identifiers; retained for regression coverage and reproducibility."
scripts/import-portfolio-media.mjs,77,"""08_05_byd_overseas_brand_film_london_072.jpg"",","Tests or tooling referring to legacy service wording, source media or stable identifiers; retained for regression coverage and reproducibility."
scripts/import-portfolio-media.mjs,78,"""14_05_byd_overseas_brand_film_london_078.jpg"",","Tests or tooling referring to legacy service wording, source media or stable identifiers; retained for regression coverage and reproducibility."
scripts/import-portfolio-media.mjs,79,"""16_05_byd_overseas_brand_film_london_080.jpg""","Tests or tooling referring to legacy service wording, source media or stable identifiers; retained for regression coverage and reproducibility."
scripts/import-portfolio-media.mjs,183,"""london-automotive-brand-film"": [","Tests or tooling referring to legacy service wording, source media or stable identifiers; retained for regression coverage and reproducibility."
scripts/import-portfolio-media.mjs,241,"""london-automotive-brand-film"": ""英国汽车品牌本地化项目中的车辆与当地环境。"",","Tests or tooling referring to legacy service wording, source media or stable identifiers; retained for regression coverage and reproducibility."
scripts/import-portfolio-media.mjs,256,"[""changan-europe-launch-2025"", ""teal-editorial-series"", ""london-automotive-brand-film""].includes(","Tests or tooling referring to legacy service wording, source media or stable identifiers; retained for regression coverage and reproducibility."
scripts/phase5-media-usage-audit.mjs,57,"""london-automotive-brand-film-03-gallery"",","Tests or tooling referring to legacy service wording, source media or stable identifiers; retained for regression coverage and reproducibility."
scripts/phase5-media-usage-audit.mjs,62,"""london-automotive-brand-film-06-gallery"",","Tests or tooling referring to legacy service wording, source media or stable identifiers; retained for regression coverage and reproducibility."
scripts/reference-browser-audit.mjs,6,"[""Stink Films"", ""https://stinkfilms.com/""],","Tests or tooling referring to legacy service wording, source media or stable identifiers; retained for regression coverage and reproducibility."
tests/phase-12-ia.test.mjs,87,"assert.match(portfolio, /london-automotive-brand-film/);","Tests or tooling referring to legacy service wording, source media or stable identifiers; retained for regression coverage and reproducibility."
tests/phase-3-2-evidence.test.mjs,60,"photography: ""Event photography"",","Tests or tooling referring to legacy service wording, source media or stable identifiers; retained for regression coverage and reproducibility."
tests/phase-3-2-evidence.test.mjs,71,"productionElements: [""Photography""]","Tests or tooling referring to legacy service wording, source media or stable identifiers; retained for regression coverage and reproducibility."
tests/phase-3-2-evidence.test.mjs,75,"scope: { en: ""Photography."" },","Tests or tooling referring to legacy service wording, source media or stable identifiers; retained for regression coverage and reproducibility."
tests/phase-3-2-evidence.test.mjs,77,"productionRole: { en: ""Photography and image delivery."" },","Tests or tooling referring to legacy service wording, source media or stable identifiers; retained for regression coverage and reproducibility."
tests/phase-3-3-commercial-alignment.test.mjs,13,"/earlyProofSlugs\s*=\s*\[\s*""byd-bd11-london""\s*,\s*""london-automotive-brand-film""\s*,\s*""changan-europe-launch-2025""\s*,\s*""catl-open-day-2025""\s*\]/","Tests or tooling referring to legacy service wording, source media or stable identifiers; retained for regression coverage and reproducibility."
tests/phase-3-3-commercial-alignment.test.mjs,25,"""london-automotive-brand-film"",","Tests or tooling referring to legacy service wording, source media or stable identifiers; retained for regression coverage and reproducibility."
tests/phase-3-4-release-readiness.test.mjs,30,"""london-automotive-brand-film"",","Tests or tooling referring to legacy service wording, source media or stable identifiers; retained for regression coverage and reproducibility."
tests/portfolio-market-positioning.test.mjs,43,"/photograph|videograph|filming|content (?:capture|production|documentation)|event documentation|摄影|拍摄|影视制作|现场记录|作品集/i,","Tests or tooling referring to legacy service wording, source media or stable identifiers; retained for regression coverage and reproducibility."
tests/portfolio-market-positioning.test.mjs,48,"/official partner|exclusive partner|appointed by|官方合作伙伴|独家合作|\d+\s*(?:%|leads|orders|sales|订单|线索)/i,","Tests or tooling referring to legacy service wording, source media or stable identifiers; retained for regression coverage and reproducibility."
tests/portfolio.test.mjs,57,"""london-automotive-brand-film"",","Tests or tooling referring to legacy service wording, source media or stable identifiers; retained for regression coverage and reproducibility."
tests/portfolio.test.mjs,103,/Xhouse|partner production|third-party material|external production|licensed experience|official partner|world-class|award-winning/i;,"Tests or tooling referring to legacy service wording, source media or stable identifiers; retained for regression coverage and reproducibility."
tests/work-commercial-narrative-v2.test.mjs,72,"""london-automotive-brand-film"": [""location-coordination"", ""local-execution"", ""brand-presentation""],","Tests or tooling referring to legacy service wording, source media or stable identifiers; retained for regression coverage and reproducibility."
tests/work-commercial-narrative-v2.test.mjs,170,"projects.find((p) => p.slug === ""london-automotive-brand-film"").roleStatementEn,","Tests or tooling referring to legacy service wording, source media or stable identifiers; retained for regression coverage and reproducibility."
